electricidad_uso,electricidad_emisiones,auto_uso,auto_emisiones,avion_uso,avion_emisiones,residuos_uso,residuos_emisiones,agua_uso,agua_emisiones,total_emisiones
7266.93,3453.2451,526.8,93.4016,421.32,107.4366,470.01,893.019,27393.91,8.2182,4555.3205
398.77,189.4955,276.0,48.9348,251.9,64.2345,350.31,665.589,10313.32,3.094,971.3478
5149.91,2447.2372,1850.77,328.1415,523.36,133.4568,360.47,684.893,35907.62,10.7723,3604.5008
7521.09,3574.022,1542.77,273.5331,1093.39,278.8145,195.53,371.507,14993.57,4.4981,4502.3747
9294.27,4416.6371,1989.44,352.7277,754.5,192.3975,116.54,221.426,49180.04,14.754,5197.9423
3946.91,1875.5716,797.66,141.4251,1055.08,269.0454,498.43,947.017,21722.83,6.5168,3239.5759
7093.15,3370.6649,205.13,36.3695,1857.49,473.66,427.24,811.756,32152.12,9.6456,4702.096
7832.51,3722.0088,1904.01,337.581,1958.66,499.4583,275.01,522.519,43306.12,12.9918,5094.5589
2617.21,1243.6982,414.06,73.4128,1687.76,430.3788,180.87,343.653,7073.94,2.1222,2093.265
7646.29,3633.517,335.64,59.509,1564.75,399.0113,58.92,111.948,29016.46,8.7049,4212.6902
8616.18,4094.4087,260.15,46.1246,953.76,243.2088,462.39,878.541,32133.49,9.64,5271.9231
9792.74,4653.51,1038.24,184.08,1228.93,313.3772,383.97,729.543,46231.82,13.8695,5894.3797
8215.14,3903.8345,1237.52,219.4123,761.74,194.2437,316.84,601.996,38409.0,11.5227,4931.0092
7996.61,3799.9891,312.08,55.3318,642.65,163.8758,476.71,905.749,12172.8,3.6518,4928.5975
4755.19,2259.6663,1312.13,232.6406,1036.21,264.2336,171.62,326.078,16994.98,5.0985,3087.717
7575.19,3599.7303,396.5,70.2995,285.19,72.7234,467.38,888.022,20648.24,6.1945,4636.9697
2786.79,1324.2826,1232.68,218.5542,1862.0,474.81,332.39,631.541,42154.21,12.6463,2661.8341
3674.28,1746.0179,805.99,142.902,571.48,145.7274,180.76,343.444,22599.82,6.7799,2384.8712
7747.91,3681.8068,1674.6,296.9066,88.41,22.5446,485.2,921.88,38286.79,11.486,4934.624
5737.13,2726.2842,1588.91,281.7137,288.44,73.5522,70.72,134.368,20695.91,6.2088,3222.1269
1795.54,853.2406,1331.91,236.1476,1013.68,258.4884,311.28,591.432,33205.41,9.9616,1949.2702
2788.75,1325.214,518.88,91.9974,640.86,163.4193,96.17,182.723,42828.23,12.8485,1776.2022
5641.43,2680.8075,742.28,131.6062,434.28,110.7414,328.45,624.055,29321.86,8.7966,3556.0067
8310.64,3949.2161,1945.38,344.9159,1757.53,448.1701,283.36,538.384,19652.41,5.8957,5286.5818
4594.56,2183.3349,553.05,98.0558,1178.77,300.5863,449.53,854.107,6993.8,2.0981,3438.1821
8415.02,3998.8175,447.0,79.2531,1769.79,451.2964,270.64,514.216,15622.12,4.6866,5048.2696
9736.8,4626.9274,745.29,132.1399,433.62,110.5731,306.05,581.495,1993.2,0.598,5451.7334
4173.52,1983.2567,145.49,25.7954,1781.2,454.206,356.82,677.958,1216.76,0.365,3141.5811
693.67,329.632,589.53,104.5237,1333.33,339.9991,164.66,312.854,23788.92,7.1367,1094.1455
6074.11,2886.4171,1936.96,343.423,540.48,137.8224,355.45,675.355,46522.22,13.9567,4056.9742
8152.37,3874.0062,680.81,120.7076,497.92,126.9696,13.06,24.814,17845.83,5.3537,4151.8511
2607.43,1239.0507,657.02,116.4896,1357.22,346.0911,150.02,285.038,13927.93,4.1784,1990.8478
4399.95,2090.8562,1989.47,352.733,687.07,175.2029,267.63,508.497,24043.29,7.213,3134.5021
8770.08,4167.542,812.35,144.0297,1048.02,267.2451,167.07,317.433,32059.19,9.6178,4905.8676
8169.9,3882.3365,1765.61,313.0427,1038.97,264.9374,92.85,176.415,34042.55,10.2128,4646.9444
2325.63,1105.1394,806.04,142.9109,421.32,107.4366,73.67,139.973,12389.9,3.717,1499.1769
9491.54,4510.3798,871.5,154.517,950.31,242.329,408.8,776.72,27256.77,8.177,5692.1228
7623.87,3622.863,961.3,170.4385,643.93,164.2021,178.82,339.758,7708.41,2.3125,4299.5741
9385.37,4459.9278,1713.83,303.8621,1482.54,378.0477,239.46,454.974,12442.42,3.7327,5600.5443
4997.39,2374.7597,1036.9,183.8424,719.26,183.4113,88.29,167.751,35076.12,10.5228,2920.2872
5869.16,2789.0248,1602.04,284.0417,543.25,138.5288,256.95,488.205,3907.71,1.1723,3700.9726
8828.56,4195.3317,1314.0,232.9722,1776.92,453.1146,285.17,541.823,48485.74,14.5457,5437.7872
9284.58,4412.0324,747.31,132.4981,114.42,29.1771,430.41,817.779,15038.82,4.5116,5395.9982
1641.43,780.0075,1789.76,317.3244,1764.94,450.0597,132.02,250.838,34880.07,10.464,1808.6936
800.67,380.4784,793.97,140.7709,774.06,197.3853,47.3,89.87,5901.88,1.7706,810.2752
4820.98,2290.9297,95.67,16.9623,737.03,187.9426,165.91,315.229,3233.68,0.9701,2812.0337
1375.32,653.5521,461.59,81.8399,1756.61,447.9355,483.89,919.391,23096.1,6.9288,2109.6473
3652.36,1735.6015,1886.22,334.4268,738.86,188.4093,440.66,837.254,47302.08,14.1906,3109.8822
6948.55,3301.951,694.57,123.1473,1874.54,478.0077,489.68,930.392,40033.49,12.01,4845.508
7099.62,3373.7394,936.45,166.0326,969.54,247.2327,16.71,31.749,33185.26,9.9556,3828.7093
2448.72,1163.6317,592.49,105.0485,1594.25,406.5337,238.2,452.58,49785.99,14.9358,2142.7297
4656.8,2212.9114,313.9,55.6545,1593.53,406.3501,93.92,178.448,23359.75,7.0079,2860.3719
5538.11,2631.7099,226.92,40.2329,1544.97,393.9674,119.41,226.879,12236.38,3.6709,3296.4601
4136.56,1965.6933,1257.46,222.9477,548.74,139.9287,244.74,465.006,21019.47,6.3058,2799.8815
6452.55,3066.2518,1480.8,262.5458,118.76,30.2838,452.76,860.244,43792.74,13.1378,4232.4632
2842.19,1350.6087,422.67,74.9394,125.81,32.0816,296.12,562.628,38174.87,11.4525,2031.7102
4127.95,1961.6018,321.97,57.0853,627.9,160.1145,283.48,538.612,46812.55,14.0438,2731.4574
1526.43,725.3595,1940.92,344.1251,1819.98,464.0949,165.07,313.633,46912.35,14.0737,1861.2862
4696.38,2231.7198,933.07,165.4333,87.46,22.3023,321.41,610.679,16158.71,4.8476,3034.982
4327.88,2056.6086,369.17,65.4538,820.74,209.2887,237.84,451.896,16395.72,4.9187,2788.1658
3239.6,1539.4579,1132.94,200.8703,1627.4,414.987,74.46,141.474,40643.46,12.193,2308.9822
8643.31,4107.3009,1500.54,266.0457,239.59,61.0954,460.44,874.836,12652.56,3.7958,5313.0738
3837.24,1823.4564,1010.22,179.112,459.56,117.1878,177.27,336.813,34832.58,10.4498,2467.019
4026.21,1913.255,637.37,113.0057,416.32,106.1616,66.92,127.148,34422.36,10.3267,2269.897
6329.29,3007.6786,1794.84,318.2251,1227.14,312.9207,152.7,290.13,29993.27,8.998,3937.9524
6536.09,3105.95,1372.06,243.2662,1729.17,440.9384,29.53,56.107,21878.8,6.5636,3852.8252
1723.31,818.9169,1939.93,343.9496,587.05,149.6977,67.93,129.067,49995.71,14.9987,1456.6299
7815.08,3713.726,1185.47,210.1838,966.49,246.4549,119.36,226.784,35942.35,10.7827,4407.9314
1020.31,484.8513,1380.64,244.7875,1683.23,429.2237,248.4,471.96,4959.56,1.4879,1632.3104
4036.1,1917.9547,861.06,152.6659,230.52,58.7826,417.38,793.022,41053.0,12.3159,2934.7411
7072.21,3360.7142,1276.32,226.2915,1008.07,257.0579,438.81,833.739,39405.39,11.8216,4689.6242
9996.38,4750.2798,1142.76,202.6113,459.08,117.0654,32.19,61.161,44026.79,13.208,5144.3255
3768.55,1790.815,213.21,37.8021,11.83,3.0167,497.22,944.718,30787.62,9.2363,2785.5881
2026.3,962.8978,1435.04,254.4326,646.88,164.9544,251.54,477.926,31830.6,9.5492,1869.76
4321.2,2053.4342,1499.08,265.7869,853.15,217.5532,346.45,658.255,37755.59,11.3267,3206.356
4376.09,2079.518,1822.57,323.1417,1851.59,472.1554,171.82,326.458,47957.73,14.3873,3215.6604
1330.16,632.092,1192.21,211.3788,685.6,174.828,343.46,652.574,2281.16,0.6843,1671.5571
2651.62,1260.0498,938.02,166.3109,568.21,144.8936,177.69,337.611,40608.63,12.1826,1921.0479
858.58,407.9972,1643.13,291.3269,31.32,7.9866,298.99,568.081,37418.27,11.2255,1286.6172
1221.83,580.6136,1086.92,192.7109,1978.14,504.4257,144.42,274.398,40277.14,12.0831,1564.2313
7394.33,3513.7856,943.35,167.256,942.05,240.2227,56.18,106.742,48139.04,14.4417,4042.448
156.62,74.4258,674.03,119.5055,193.49,49.34,363.07,689.833,48152.62,14.4458,947.5501
4518.86,2147.3623,1682.61,298.3268,1745.3,445.0515,161.48,306.812,6587.34,1.9762,3199.5288
6804.06,3233.2893,927.01,164.3589,567.12,144.6156,256.11,486.609,46251.08,13.8753,4042.7481
6480.7,3079.6286,1149.62,203.8276,1491.11,380.233,419.45,796.955,17832.96,5.3499,4465.9941
1579.01,750.3456,1581.87,280.4656,1718.45,438.2048,488.26,927.694,39061.8,11.7185,2408.4285
3549.3,1686.6274,1538.98,272.8612,318.41,81.1946,344.59,654.721,6232.52,1.8698,2697.274
3503.27,1664.7539,1967.15,348.7757,448.2,114.291,280.27,532.513,19042.96,5.7129,2666.0465
4576.87,2174.9286,1745.44,309.4665,683.01,174.1676,155.23,294.937,38107.61,11.4323,2964.932
4363.17,2073.3784,249.19,44.1814,1119.46,285.4623,340.55,647.045,25284.66,7.5854,3057.6525
4425.82,2103.1497,524.97,93.0772,1093.6,278.868,267.78,508.782,9367.62,2.8103,2986.6872
166.18,78.9687,325.7,57.7466,1999.67,509.9159,322.55,612.845,40074.27,12.0223,1271.4985
3534.46,1679.5754,778.49,138.0263,490.6,125.103,434.56,825.664,35960.83,10.7882,2779.1569
5912.83,2809.7768,956.32,169.5555,792.37,202.0543,109.95,208.905,25964.09,7.7892,3398.0808
1106.29,525.709,1255.49,222.5984,894.71,228.1511,316.38,601.122,16174.89,4.8525,1582.433
3682.71,1750.0238,245.36,43.5023,576.31,146.959,376.51,715.369,17276.43,5.1829,2661.037
1131.4,537.6413,1603.8,284.3537,928.44,236.7522,496.13,942.647,21035.56,6.3107,2007.7049
373.16,177.3256,1959.6,347.4371,696.42,177.5871,461.43,876.717,40520.87,12.1563,1591.2231
7740.11,3678.1003,723.34,128.2482,176.9,45.1095,296.06,562.514,25056.38,7.5169,4421.4889
9757.5,4636.764,330.78,58.6473,152.45,38.8747,416.41,791.179,5243.67,1.5731,5527.0381
4400.67,2091.1984,1415.37,250.9451,1026.26,261.6963,39.98,75.962,42686.41,12.8059,2692.6077
4954.62,2354.4354,122.65,21.7458,51.62,13.1631,147.11,279.509,17295.18,5.1886,2674.0419
6843.81,3252.1785,1885.81,334.3541,204.33,52.1042,257.47,489.193,23563.19,7.069,4134.8988
6259.87,2974.6902,1106.35,196.1559,810.64,206.7132,172.1,326.99,36597.12,10.9791,3715.5284
3323.13,1579.1514,662.54,117.4683,1689.25,430.7588,358.4,680.96,35875.93,10.7628,2819.1013
5478.55,2603.407,1570.98,278.5348,1847.41,471.0896,286.45,544.255,11090.87,3.3273,3900.6137
8463.06,4021.6461,1552.79,275.3097,1711.43,436.4147,408.86,776.834,1165.01,0.3495,5510.554
1730.94,822.5427,804.79,142.6893,1798.06,458.5053,94.77,180.063,28089.5,8.4268,1612.2271
6311.59,2999.2676,1948.64,345.4939,1582.23,403.4687,493.53,937.707,36637.3,10.9912,4696.9284
9187.82,4366.0521,406.66,72.1008,1522.75,388.3012,19.85,37.715,22190.97,6.6573,4870.8264
4223.28,2006.9027,886.52,157.18,1470.77,375.0464,418.03,794.257,20089.13,6.0267,3339.4128
1325.47,629.8633,1603.65,284.3271,1139.96,290.6898,430.26,817.494,47590.4,14.2771,2036.6513
894.12,424.8858,479.47,85.01,1904.68,485.6934,180.17,342.323,6914.13,2.0742,1339.9864
2913.64,1384.5617,99.4,17.6236,1893.59,482.8655,282.23,536.237,21383.77,6.4151,2427.7029
9732.33,4624.8032,1883.33,333.9144,1115.17,284.3684,462.3,878.37,48711.02,14.6133,6136.0693
4786.57,2274.5781,232.7,41.2577,1013.77,258.5113,148.02,281.238,34904.92,10.4715,2866.0566
2105.9,1000.7237,164.83,29.2244,805.19,205.3235,28.12,53.428,47272.1,14.1816,1302.8812
5154.86,2449.5895,1384.46,245.4648,881.68,224.8284,84.21,159.999,32398.51,9.7196,3089.6013
1701.47,808.5385,1563.2,277.1554,69.66,17.7633,246.75,468.825,8236.57,2.471,1574.7532
1250.64,594.3041,626.84,111.1387,1970.56,502.4928,452.95,860.605,23265.1,6.9795,2075.5201
7961.01,3783.072,1046.13,185.4788,523.99,133.6174,251.43,477.717,23654.79,7.0964,4586.9816
1883.45,895.0154,94.52,16.7584,1127.07,287.4029,275.66,523.754,30292.6,9.0878,1732.0185
861.69,409.4751,1071.54,189.984,76.43,19.4897,426.94,811.186,25760.73,7.7282,1437.863
1059.9,503.6645,632.69,112.1759,1362.36,347.4018,397.04,754.376,24364.89,7.3095,1724.9277
2729.93,1297.2627,477.79,84.7122,1413.45,360.4298,402.1,763.99,36979.03,11.0937,2517.4884
1222.8,581.0746,1936.45,343.3326,597.5,152.3625,417.2,792.68,11594.16,3.4782,1872.9279
6942.4,3299.0285,55.47,9.8348,1561.8,398.259,471.33,895.527,31312.38,9.3937,4612.043
7813.58,3713.0132,1981.43,351.3075,918.09,234.113,307.19,583.661,25258.34,7.5775,4889.6722
1527.39,725.8157,1602.71,284.1605,1120.57,285.7453,131.43,249.717,43088.42,12.9265,1558.365
5144.56,2444.6949,1347.55,238.9206,24.92,6.3546,48.51,92.169,34128.45,10.2385,2792.3776
486.84,231.3464,863.75,153.1429,658.14,167.8257,46.26,87.894,11934.3,3.5803,643.7893
3511.82,1668.8169,520.05,92.2049,1641.39,418.5545,269.22,511.518,45700.06,13.71,2704.8043
5526.32,2626.1073,1098.05,194.6843,531.59,135.5555,52.46,99.674,29077.9,8.7234,3064.7445
7963.01,3784.0224,1155.24,204.8241,1585.85,404.3918,270.24,513.456,41493.28,12.448,4919.1423
4904.91,2330.8132,512.2,90.8131,922.65,235.2757,125.88,239.172,21217.75,6.3653,2902.4393
7110.49,3378.9048,1445.64,256.312,118.03,30.0977,214.23,407.037,44820.88,13.4463,4085.7978
759.53,360.9287,1783.58,316.2287,1531.97,390.6524,131.69,250.211,42428.87,12.7287,1330.7495
6787.82,3225.5721,1213.61,215.1731,1941.96,495.1998,364.66,692.854,20537.71,6.1613,4634.9603
6580.59,3127.0964,138.21,24.5046,1230.76,313.8438,237.11,450.509,4270.38,1.2811,3917.2349
8343.32,3964.7457,1122.34,198.9909,1820.55,464.2403,201.7,383.23,39482.41,11.8447,5023.0516
6297.09,2992.3772,464.31,82.3222,728.66,185.8083,428.77,814.663,21353.57,6.4061,4081.5768
1059.39,503.4221,1063.2,188.5054,1381.63,352.3157,487.75,926.725,2352.19,0.7057,1971.6739
5575.46,2649.4586,1548.73,274.5898,1137.33,290.0191,452.83,860.377,25878.13,7.7634,4082.2079
360.73,171.4189,1182.45,209.6484,712.39,181.6594,340.09,646.171,10950.19,3.2851,1212.1828
2536.63,1205.4066,1786.43,316.734,534.4,136.272,281.71,535.249,36808.23,11.0425,2204.7041
3157.67,1500.5248,311.43,55.2165,1887.14,481.2207,49.09,93.271,46753.06,14.0259,2144.2589
8730.72,4148.8381,1110.48,196.8881,1049.5,267.6225,299.52,569.088,6531.33,1.9594,5184.3961
1151.34,547.1168,41.72,7.397,1894.59,483.1205,328.65,624.435,30412.43,9.1237,1671.193
2317.19,1101.1287,1018.91,180.6527,1209.58,308.4429,206.82,392.958,19019.69,5.7059,1988.8882
2886.82,1371.8169,452.5,80.2283,1046.52,266.8626,126.34,240.046,14162.56,4.2488,1963.2026
6330.53,3008.2679,601.11,106.5768,1395.97,355.9724,476.34,905.046,34341.97,10.3026,4386.1657
8959.4,4257.5069,387.83,68.7623,1982.87,505.6318,473.01,898.719,15858.74,4.7576,5735.3776
1825.02,867.2495,1180.14,209.2388,759.88,193.7694,222.72,423.168,27522.48,8.2567,1701.6824
3578.57,1700.5365,1355.22,240.2805,515.66,131.4933,89.67,170.373,25864.86,7.7595,2250.4428
9689.37,4604.3886,1518.5,269.2301,1594.91,406.7021,237.98,452.162,42560.71,12.7682,5745.251
2613.61,1241.9875,1164.81,206.5208,803.01,204.7675,34.16,64.904,49163.75,14.7491,1732.9289
3335.05,1584.8158,1895.89,336.1413,1484.74,378.6087,97.01,184.319,46480.35,13.9441,2497.8289
1919.25,912.0276,1627.12,288.4884,1660.72,423.4836,445.43,846.317,37976.95,11.3931,2481.7097
4773.99,2268.6,222.82,39.506,863.08,220.0854,334.05,634.695,31206.0,9.3618,3172.2482
8052.71,3826.6478,585.69,103.8428,938.55,239.3303,189.33,359.727,34763.77,10.4291,4539.977
5468.72,2598.7357,1686.63,299.0395,543.13,138.4982,206.25,391.875,29011.03,8.7033,3436.8517
5145.55,2445.1654,111.83,19.8275,1864.07,475.3379,359.11,682.309,27852.71,8.3558,3630.9956
1678.82,797.7753,592.09,104.9776,36.4,9.282,21.42,40.698,10794.83,3.2384,955.9713
8091.02,3844.8527,1167.97,207.0811,1973.7,503.2935,279.89,531.791,15416.57,4.625,5091.6433
755.93,359.2179,429.29,76.1131,1133.55,289.0553,220.55,419.045,44811.36,13.4434,1156.8747
4265.45,2026.9418,1282.74,227.4298,1435.26,365.9913,152.25,289.275,30849.35,9.2548,2918.8927
1876.26,891.5988,396.64,70.3243,88.02,22.4451,493.1,936.89,6476.56,1.943,1923.2012
2248.18,1068.3351,558.63,99.0451,1940.93,494.9372,97.54,185.326,46576.26,13.9729,1861.6163
6546.17,3110.74,742.77,131.6931,655.09,167.048,346.7,658.73,38624.58,11.5874,4079.7985
5713.55,2715.079,1612.9,285.9672,147.08,37.5054,144.01,273.619,2591.46,0.7774,3312.948
1415.64,672.7121,348.98,61.8742,881.56,224.7978,306.07,581.533,20182.93,6.0549,1546.972
8791.36,4177.6543,650.36,115.3088,814.17,207.6133,238.01,452.219,47859.13,14.3577,4967.1531
8462.24,4021.2564,1012.36,179.4914,1335.86,340.6443,28.24,53.656,4133.31,1.24,4596.2881
4629.71,2200.0382,1103.55,195.6594,195.94,49.9647,269.13,511.347,25563.49,7.669,2964.6783
133.46,63.4202,422.74,74.9518,994.97,253.7174,242.38,460.522,48606.65,14.582,867.1934
6989.48,3321.4009,338.65,60.0426,1178.28,300.4614,132.09,250.971,49148.73,14.7446,3947.6205
4115.6,1955.7331,1441.85,255.64,102.56,26.1528,309.82,588.658,37205.41,11.1616,2837.3455
8027.79,3814.8058,211.69,37.5326,732.0,186.66,84.58,160.702,9129.66,2.7389,4202.4393
6597.3,3135.037,373.03,66.1382,1895.95,483.4673,449.99,854.981,35451.62,10.6355,4550.259
8100.94,3849.5667,1529.26,271.1378,1174.28,299.4414,420.21,798.399,47075.2,14.1226,5232.6675
9214.09,4378.5356,1265.05,224.2934,173.34,44.2017,204.69,388.911,39684.51,11.9054,5047.8471
8798.31,4180.9569,1034.0,183.3282,1119.01,285.3476,340.55,647.045,28067.67,8.4203,5305.098
1992.57,946.8693,1446.93,256.5407,1590.41,405.5546,440.19,836.361,31088.19,9.3265,2454.6521
2831.07,1345.3245,824.78,146.2335,642.37,163.8043,384.57,730.683,5436.84,1.6311,2387.6764
3199.31,1520.3121,1831.74,324.7675,1515.27,386.3938,305.61,580.659,10052.41,3.0157,2815.1481
3601.42,1711.3948,1444.8,256.163,466.86,119.0493,495.36,941.184,39333.32,11.8,3039.5911
3519.7,1672.5614,735.19,130.3492,481.92,122.8896,364.39,692.341,32341.44,9.7024,2627.8436
7588.05,3605.8414,280.81,49.7876,586.32,149.5116,367.53,698.307,33958.89,10.1877,4513.6353
6486.95,3082.5986,298.78,52.9737,1218.5,310.7175,261.46,496.774,36962.4,11.0887,3954.1525
2809.91,1335.2692,1651.02,292.7258,602.16,153.5508,472.82,898.358,30642.01,9.1926,2689.0964
8626.19,4099.1655,1328.49,235.5413,1924.92,490.8546,357.78,679.782,15995.55,4.7987,5510.1421
3540.08,1682.246,397.84,70.537,1019.76,260.0388,98.33,186.827,22746.3,6.8239,2206.4727
117.88,56.0166,1732.74,307.2148,1406.66,358.6983,457.77,869.763,27384.7,8.2154,1599.9081
2516.58,1195.8788,924.81,163.9688,1193.26,304.2813,372.67,708.073,44971.58,13.4915,2385.6934
6487.53,3082.8743,1025.02,181.736,277.33,70.7191,243.22,462.118,11699.15,3.5097,3800.9571
9577.96,4551.4466,791.96,140.4145,1351.29,344.579,81.42,154.698,3289.82,0.9869,5192.125
8340.62,3963.4626,1977.53,350.6161,459.51,117.175,144.23,274.037,42333.69,12.7001,4717.9908
289.4,137.5229,469.35,83.2158,1777.82,453.3441,130.57,248.083,33959.09,10.1877,932.3535
701.19,333.2055,1777.05,315.071,610.56,155.6928,322.13,612.047,22985.22,6.8956,1422.9119
2467.16,1172.3944,1242.43,220.2828,314.63,80.2306,425.82,809.058,5570.16,1.671,2283.6368
997.01,473.7792,626.23,111.0306,1106.83,282.2416,6.08,11.552,22759.18,6.8278,885.4312
9999.1,4751.5723,1295.8,229.7453,560.21,142.8536,320.09,608.171,20229.71,6.0689,5738.4111
187.96,89.3186,1730.46,306.8106,408.32,104.1216,215.03,408.557,7101.54,2.1305,910.9383
6262.45,2975.9162,1283.19,227.5096,1871.77,477.3014,427.52,812.288,14450.01,4.335,4497.3502
6247.37,2968.7502,877.94,155.6588,37.07,9.4528,71.97,136.743,48578.4,14.5735,3285.1783
8695.68,4132.1871,1459.34,258.741,1593.0,406.215,303.63,576.897,31245.98,9.3738,5383.4139
1025.67,487.3984,77.92,13.8152,411.67,104.9759,95.19,180.861,13484.33,4.0453,791.0958
807.33,383.6432,1632.41,289.4263,224.48,57.2424,164.37,312.303,43619.89,13.086,1055.7009
9450.12,4490.697,395.81,70.1771,803.87,204.9869,180.85,343.615,48073.79,14.4221,5123.8981
8491.13,4034.985,1631.08,289.1905,194.59,49.6205,225.03,427.557,46289.31,13.8868,4815.2398
6253.25,2971.5444,620.5,110.0147,1602.48,408.6324,220.19,418.361,49882.22,14.9647,3923.5172
6510.0,3093.552,1332.67,236.2824,117.94,30.0747,86.31,163.989,43658.63,13.0976,3536.9957
6040.05,2870.2318,616.09,109.2328,1319.37,336.4393,69.55,132.145,34852.47,10.4557,3458.5046
7242.64,3441.7025,230.24,40.8216,166.44,42.4422,276.11,524.609,26909.82,8.0729,4057.6482
239.7,113.9054,713.03,126.4202,1419.43,361.9547,52.16,99.104,14711.03,4.4133,705.7976
1766.52,839.4503,162.65,28.8378,1420.5,362.2275,177.26,336.794,15368.24,4.6105,1571.9201
180.93,85.9779,517.27,91.712,97.56,24.8778,292.94,556.586,13881.27,4.1644,763.3181
2011.26,955.7508,1115.08,197.7037,1246.12,317.7606,387.82,736.858,20703.25,6.211,2214.2841
8289.7,3939.2654,423.09,75.0139,518.23,132.1487,46.96,89.224,49980.91,14.9943,4250.6463
2761.77,1312.3931,107.68,19.0917,70.22,17.9061,470.01,893.019,10624.63,3.1874,2245.5973
8446.06,4013.5677,253.77,44.9934,1030.32,262.7316,240.0,456.0,36809.47,11.0428,4788.3355
4442.74,2111.19,188.91,33.4937,530.0,135.15,318.31,604.789,14690.33,4.4071,2889.0298
258.75,122.958,355.51,63.0319,861.51,219.685,382.62,726.978,19961.26,5.9884,1138.6413
8022.96,3812.5106,1538.52,272.7796,976.61,249.0356,450.35,855.665,1050.24,0.3151,5190.3059
3173.1,1507.8571,95.57,16.9446,588.6,150.093,428.91,814.929,45625.55,13.6877,2503.5114
7721.43,3669.2235,814.3,144.3754,309.2,78.846,56.65,107.635,9053.67,2.7161,4002.796
2308.63,1097.061,1583.76,280.8006,920.69,234.776,155.32,295.108,24494.65,7.3484,1915.094
4941.03,2347.9775,213.25,37.8092,992.01,252.9625,292.93,556.567,19046.85,5.7141,3201.0303
2764.82,1313.8425,1105.59,196.0211,1152.01,293.7625,245.67,466.773,25174.91,7.5525,2277.9516
7149.15,3397.2761,409.11,72.5352,1009.84,257.5092,50.44,95.836,7949.2,2.3848,3825.5413
5481.7,2604.9038,1400.11,248.2395,426.14,108.6657,85.43,162.317,45940.88,13.7823,3137.9083
1755.74,834.3276,897.92,159.2012,243.51,62.0951,359.13,682.347,29946.3,8.9839,1746.9548
3825.68,1817.9631,71.44,12.6663,1471.27,375.1739,154.59,293.721,23227.33,6.9682,2506.4925
1349.56,641.3109,708.87,125.6827,839.18,213.9909,157.13,298.547,23648.51,7.0946,1286.6261
4466.74,2122.5948,1932.71,342.6695,786.49,200.555,330.5,627.95,10018.22,3.0055,3296.7748
1939.96,921.869,937.96,166.3003,17.68,4.5084,263.92,501.448,35332.86,10.5999,1604.7256
9207.77,4375.5323,1853.79,328.677,1005.69,256.451,294.4,559.36,10609.18,3.1828,5523.2031
369.25,175.4676,915.17,162.2596,1284.75,327.6112,494.88,940.272,45215.26,13.5646,1619.175
8980.54,4267.5526,1630.05,289.0079,1358.7,346.4685,422.31,802.389,2145.98,0.6438,5706.0618
5213.4,2477.4077,1509.77,267.6822,1038.76,264.8838,82.19,156.161,35146.0,10.5438,3176.6785
8256.26,3923.3748,1880.88,333.48,1098.27,280.0589,217.66,413.554,23460.33,7.0381,4957.5058
1914.8,909.913,871.77,154.5648,748.42,190.8471,227.22,431.718,29850.22,8.9551,1695.998
5536.7,2631.0398,507.09,89.9071,215.39,54.9245,480.83,913.577,19719.0,5.9157,3695.3641
6051.96,2875.8914,139.9,24.8043,1051.74,268.1937,56.83,107.977,1138.38,0.3415,3277.2079
9688.59,4604.018,1054.77,187.0107,1260.13,321.3332,474.03,900.657,28283.41,8.485,6021.5039
1164.89,553.5557,1885.12,334.2318,1992.95,508.2022,410.33,779.627,5148.39,1.5445,2177.1612
7358.35,3496.6879,788.6,139.8188,1619.05,412.8578,349.97,664.943,31847.53,9.5543,4723.8618
9597.45,4560.7082,316.04,56.0339,750.11,191.2781,64.87,123.253,28937.29,8.6812,4939.9544
4258.33,2023.5584,533.35,94.563,1246.97,317.9774,74.71,141.949,7871.52,2.3615,2580.4093
6638.49,3154.6104,675.97,119.8495,655.75,167.2163,373.45,709.555,9771.09,2.9313,4154.1625
8533.46,4055.1002,1976.6,350.4512,751.9,191.7345,476.01,904.419,12437.19,3.7312,5505.4361
7762.65,3688.8113,416.37,73.8224,1943.32,495.5466,480.94,913.786,35256.95,10.5771,5182.5434
717.17,340.7992,735.31,130.3705,1566.84,399.5442,269.66,512.354,45267.87,13.5804,1396.6483
4252.0,2020.5504,1278.63,226.7011,129.29,32.9689,279.29,530.651,44225.74,13.2677,2824.1391
4716.85,2241.4471,820.09,145.402,257.02,65.5401,453.17,861.023,35125.65,10.5377,3323.9499
6594.1,3133.5163,345.13,61.1915,1385.43,353.2846,186.55,354.445,21350.72,6.4052,3908.8426
5379.69,2556.4287,627.19,111.2008,1426.24,363.6912,354.92,674.348,11888.58,3.5666,3709.2353
9640.66,4581.2416,688.27,122.0303,1248.68,318.4134,378.5,719.15,16937.17,5.0812,5745.9165
466.99,221.9136,1744.81,309.3548,53.06,13.5303,226.81,430.939,9816.35,2.9449,978.6826
282.29,134.1442,845.46,149.9001,608.39,155.1395,98.74,187.606,40329.3,12.0988,638.8886
8327.24,3957.1044,1318.9,233.841,1205.56,307.4178,309.9,588.81,25751.08,7.7253,5094.8985
6809.54,3235.8934,174.46,30.9318,800.74,204.1887,250.11,475.209,6107.41,1.8322,3948.0551
7539.24,3582.6468,981.17,173.9614,1421.77,362.5514,23.51,44.669,17001.24,5.1004,4168.929
8800.0,4181.76,1755.62,311.2714,585.07,149.1929,328.24,623.656,14971.77,4.4915,5270.3718
6917.46,3287.177,1807.91,320.5424,1876.41,478.4846,10.46,19.874,49085.62,14.7257,4120.8037
4633.69,2201.9295,1114.62,197.6221,353.78,90.2139,8.94,16.986,15613.78,4.6841,2511.4356
1579.26,750.4644,1410.86,250.1455,1322.38,337.2069,70.82,134.558,9463.48,2.839,1475.2138
4510.06,2143.1805,682.89,121.0764,686.93,175.1671,43.54,82.726,32741.56,9.8225,2531.9725
3762.32,1787.8545,233.24,41.3535,1239.85,316.1617,359.96,683.924,19778.91,5.9337,2835.2274
4818.42,2289.7132,119.76,21.2334,561.87,143.2768,48.41,91.979,36174.51,10.8524,2557.0548
7113.51,3380.34,289.79,51.3798,1216.46,310.1973,349.14,663.366,27035.22,8.1106,4413.3937
7052.16,3351.1864,1241.0,220.0293,474.02,120.8751,173.79,330.201,39076.93,11.7231,4034.0149
9228.53,4385.3975,1552.67,275.2884,382.54,97.5477,99.61,189.259,31122.09,9.3366,4956.8292
3925.87,1865.5734,1053.03,186.7022,1344.63,342.8807,72.5,137.75,12349.48,3.7048,2536.6111
4796.36,2279.2303,130.37,23.1146,833.54,212.5527,70.62,134.178,30019.74,9.0059,2658.0815
4624.54,2197.5814,791.81,140.3879,229.49,58.52,333.16,633.004,42053.27,12.616,3042.1093
2963.17,1408.0984,523.19,92.7616,509.76,129.9888,328.89,624.891,2090.09,0.627,2256.3668
5806.95,2759.4626,1691.77,299.9508,368.98,94.0899,447.35,849.965,30629.21,9.1888,4012.6571
3637.38,1728.483,1216.09,215.6128,1754.38,447.3669,41.98,79.762,5762.35,1.7287,2472.9534
3790.16,1801.084,1315.2,233.185,1212.74,309.2487,497.68,945.592,3146.71,0.944,3290.0537
2305.74,1095.6876,1327.27,235.325,720.63,183.7606,377.79,717.801,30547.37,9.1642,2241.7384
4637.99,2203.9728,1497.36,265.4819,1484.03,378.4276,309.9,588.81,2360.85,0.7083,3437.4006
3464.86,1646.5015,1147.9,203.5227,59.31,15.1241,382.88,727.472,9144.15,2.7432,2595.3635
2830.88,1345.2342,1020.37,180.9116,50.27,12.8189,172.56,327.864,23861.81,7.1585,1873.9872
5114.04,2430.1918,226.04,40.0769,1064.65,271.4858,301.46,572.774,17093.8,5.1281,3319.6566
3109.82,1477.7865,994.55,176.3337,1522.38,388.2069,264.84,503.196,4029.7,1.2089,2546.732
3804.09,1807.7036,505.31,89.5915,1078.98,275.1399,44.62,84.778,18846.99,5.6541,2262.8671
5469.15,2598.9401,787.01,139.5369,1351.93,344.7422,470.55,894.045,38442.43,11.5327,3988.7969
3456.47,1642.5145,1255.15,222.5381,207.35,52.8742,339.53,645.107,8510.08,2.553,2565.5868
8301.87,3945.0486,1252.58,222.0824,745.11,190.0031,152.28,289.332,3032.31,0.9097,4647.3758
2233.31,1061.2689,628.09,111.3604,1588.24,405.0012,366.54,696.426,32886.08,9.8658,2283.9223
889.67,422.7712,616.63,109.3285,1415.14,360.8607,148.17,281.523,42187.0,12.6561,1187.1395
8151.54,3873.6118,590.11,104.6265,243.89,62.1919,475.17,902.823,16261.94,4.8786,4948.1318
8995.25,4274.5428,38.38,6.8048,1008.58,257.1879,276.78,525.882,42708.37,12.8125,5077.23
6048.69,2874.3375,1275.34,226.1178,551.55,140.6453,21.49,40.831,47129.24,14.1388,3296.0704
9024.44,4288.4139,1055.68,187.1721,882.46,225.0273,417.22,792.718,48626.72,14.588,5507.9193
5386.1,2559.4747,1286.99,228.1833,736.12,187.7106,225.23,427.937,34133.5,10.24,3413.5456
2470.02,1173.7535,529.68,93.9123,1121.36,285.9468,121.9,231.61,42681.12,12.8043,1798.0269
9517.23,4522.5877,1889.54,335.0154,1226.15,312.6683,104.47,198.493,14319.96,4.296,5373.0604
8523.01,4050.1344,1380.27,244.7219,990.59,252.6005,115.46,219.374,33770.48,10.1311,4776.9619
7489.23,3558.8821,1221.21,216.5205,175.83,44.8367,394.16,748.904,45523.54,13.6571,4582.8004
1399.21,664.9046,1768.98,313.6402,274.46,69.9873,43.9,83.41,31556.24,9.4669,1141.409
3146.02,1494.9887,1105.88,196.0725,772.25,196.9238,282.0,535.8,28066.5,8.42,2432.205
8536.52,4056.5543,733.37,130.0265,49.71,12.6761,266.2,505.78,43418.33,13.0255,4718.0624
9471.48,4500.8473,1023.1,181.3956,1624.53,414.2552,249.41,473.879,38794.32,11.6383,5582.0154
5677.44,2697.9195,511.07,90.6127,1925.12,490.9056,43.03,81.757,2434.28,0.7303,3361.9251
8663.92,4117.0948,884.17,156.7633,1172.47,298.9798,453.27,861.213,41273.13,12.3819,5446.4328
2661.35,1264.6735,39.24,6.9573,1330.74,339.3387,378.81,719.739,40452.66,12.1358,2342.8443
5532.52,2629.0535,335.55,59.493,278.15,70.9282,184.24,350.056,46463.52,13.9391,3123.4698
4688.34,2227.8992,1960.86,347.6605,175.98,44.8749,305.64,580.716,37174.3,11.1523,3212.3029
6667.5,3168.396,1784.92,316.4663,807.7,205.9635,114.0,216.6,41008.52,12.3026,3919.7284
7065.28,3357.4211,1268.11,224.8359,1610.8,410.754,463.08,879.852,11063.79,3.3191,4876.1821
290.28,137.9411,903.92,160.265,629.01,160.3975,300.24,570.456,46687.03,14.0061,1043.0657
8095.38,3846.9246,1071.28,189.9379,1851.66,472.1733,379.45,720.955,43799.8,13.1399,5243.1307
5987.84,2845.4216,898.44,159.2934,1742.99,444.4624,150.87,286.653,46163.99,13.8492,3749.6796
7979.27,3791.7491,1788.08,317.0266,1364.73,348.0061,491.16,933.204,35759.38,10.7278,5400.7136
8526.52,4051.8023,961.25,170.4296,1342.37,342.3043,46.11,87.609,28779.24,8.6338,4660.779
9530.13,4528.7178,1179.57,209.1378,1962.4,500.412,10.15,19.285,34631.06,10.3893,5267.9419
6409.0,3045.5568,1625.3,288.1657,1234.65,314.8358,181.79,345.401,37606.33,11.2819,4005.2412
7307.97,3472.7473,552.58,97.9724,254.09,64.793,496.25,942.875,1184.58,0.3554,4578.7431
410.91,195.2644,41.46,7.3509,1529.31,389.974,179.77,341.563,9906.66,2.972,937.1243
1836.39,872.6525,1411.72,250.298,1853.61,472.6705,371.89,706.591,28992.36,8.6977,2310.9097
8502.75,4040.5068,1132.07,200.716,647.45,165.0998,422.44,802.636,42556.76,12.767,5221.7256
9595.38,4559.7246,1736.67,307.9116,823.46,209.9823,320.73,609.387,5190.68,1.5572,5688.5627
9973.18,4739.2551,530.73,94.0984,1685.73,429.8612,457.16,868.604,1001.11,0.3003,6132.119
2942.85,1398.4423,390.14,69.1718,1259.76,321.2388,76.19,144.761,1343.75,0.4031,1934.017
7301.15,3469.5065,965.32,171.1512,1893.33,482.7991,117.38,223.022,16701.1,5.0103,4351.4891
868.8,412.8538,766.95,135.9802,1130.72,288.3336,223.77,425.163,46809.08,14.0427,1276.3733
8754.35,4160.0671,1510.22,267.762,1162.39,296.4095,336.45,639.255,41479.48,12.4438,5375.9374
4781.77,2272.2971,1497.3,265.4713,1958.29,499.3639,483.71,919.049,8197.89,2.4594,3958.6407
377.28,179.2835,1157.4,205.207,299.0,76.245,294.78,560.082,14479.37,4.3438,1025.1613
483.66,229.8352,1323.14,234.5927,1337.75,341.1263,321.17,610.223,36727.98,11.0184,1426.7956
885.7,420.8846,1309.23,232.1265,166.48,42.4524,172.54,327.826,24299.22,7.2898,1030.5793
8044.03,3822.5231,944.92,167.5343,858.6,218.943,89.56,170.164,44681.54,13.4045,4392.5689
7483.8,3556.3018,1349.67,239.2965,1803.75,459.9563,97.71,185.649,42575.04,12.7725,4453.9761
2416.66,1148.3968,1265.95,224.4529,98.78,25.1889,221.46,420.774,41130.91,12.3393,1831.1519
3565.19,1694.1783,57.9,10.2657,1329.23,338.9537,419.16,796.404,49990.8,14.9972,2854.7989
9191.49,4367.796,1752.9,310.7892,961.12,245.0856,499.91,949.829,7588.86,2.2767,5875.7765
4392.53,2087.3303,1503.83,266.6291,1485.92,378.9096,374.72,711.968,17873.7,5.3621,3450.1991
2619.54,1244.8054,177.01,31.3839,399.83,101.9566,370.27,703.513,42917.33,12.8752,2094.5341
4255.12,2022.033,530.3,94.0222,945.3,241.0515,497.25,944.775,33056.85,9.9171,3311.7988
6090.97,2894.4289,1807.64,320.4946,324.35,82.7093,172.88,328.472,39036.06,11.7108,3637.8156
3027.11,1438.4827,631.68,111.9969,1098.02,279.9951,278.14,528.466,15796.77,4.739,2363.6797
4328.9,2057.0933,151.53,26.8663,418.89,106.8169,215.23,408.937,36955.12,11.0865,2610.8
7543.99,3584.904,873.68,154.9035,1095.94,279.4647,470.61,894.159,32454.67,9.7364,4923.1676
4784.56,2273.6229,652.06,115.6102,135.83,34.6367,46.53,88.407,1777.76,0.5333,2512.8101
4315.43,2050.6923,763.67,135.3987,903.83,230.4767,429.66,816.354,34381.54,10.3145,3243.2362
6966.02,3310.2527,137.29,24.3415,1065.65,271.7408,341.41,648.679,9415.04,2.8245,4257.8385
7952.83,3779.1848,1110.79,196.9431,1009.67,257.4658,23.21,44.099,43596.24,13.0789,4290.7716
7626.36,3624.0463,173.27,30.7208,1175.4,299.727,64.3,122.17,26236.66,7.871,4084.5351
2132.2,1013.2214,1587.26,281.4212,978.39,249.4895,204.93,389.367,49720.55,14.9162,1948.4153
3771.16,1792.0552,38.76,6.8721,1682.18,428.9559,159.35,302.765,31601.04,9.4803,2540.1285
3541.53,1682.9351,978.38,173.4668,803.47,204.8849,291.53,553.907,9422.85,2.8269,2618.0207
2703.12,1284.5226,571.78,101.3766,1225.74,312.5637,446.86,849.034,46455.08,13.9365,2561.4334
5533.23,2629.3909,560.78,99.4263,1453.07,370.5328,58.38,110.922,40451.94,12.1356,3222.4076
7803.98,3708.4513,1291.37,228.9599,1534.43,391.2797,417.2,792.68,30056.49,9.0169,5130.3878
4466.33,2122.4,301.05,53.3762,444.03,113.2276,457.17,868.623,44376.75,13.313,3170.9398
3266.87,1552.4166,147.76,26.1978,1212.06,309.0753,386.99,735.281,15390.54,4.6172,2627.5879
9060.42,4305.5116,1150.21,203.9322,1915.24,488.3862,433.69,824.011,28765.35,8.6296,5830.4706
3907.47,1856.8297,1085.07,192.3829,417.59,106.4855,207.91,395.029,44689.03,13.4067,2564.1338
1317.64,626.1425,1055.57,187.1526,25.18,6.4209,333.68,633.992,31146.14,9.3438,1463.0518
1768.21,840.2534,1217.08,215.7883,1805.71,460.4561,491.71,934.249,49566.6,14.87,2465.6168
5136.17,2440.708,452.34,80.1999,110.59,28.2005,170.39,323.741,8834.02,2.6502,2875.4996
2527.72,1201.1725,1474.08,261.3544,384.33,98.0041,262.55,498.845,34451.26,10.3354,2069.7114
9543.37,4535.0094,516.99,91.6623,1369.27,349.1639,208.48,396.112,42869.67,12.8609,5384.8085
5339.65,2537.4017,867.0,153.7191,705.71,179.9561,149.16,283.404,14433.12,4.3299,3158.8108
9451.93,4491.5571,241.75,42.8623,1755.0,447.525,73.77,140.163,10383.96,3.1152,5125.2226
9048.56,4299.8757,1082.31,191.8936,1476.99,376.6325,255.88,486.172,32584.1,9.7752,5364.349
8178.84,3886.5848,507.39,89.9602,1993.76,508.4088,58.93,111.967,7139.29,2.1418,4599.0626
2085.02,990.8015,1026.36,181.9736,777.55,198.2752,191.51,363.869,3603.16,1.0809,1736.0002
8686.19,4127.6775,160.78,28.5063,641.19,163.5035,449.16,853.404,24883.69,7.4651,5180.5564
7094.74,3371.4204,354.16,62.7926,532.64,135.8232,154.3,293.17,8385.13,2.5155,3865.7217
3363.66,1598.4112,1708.14,302.8532,1315.4,335.427,412.43,783.617,46184.87,13.8555,3034.1639
4707.98,2237.2321,1955.34,346.6818,314.57,80.2154,394.31,749.189,44630.89,13.3893,3426.7076
3788.62,1800.3522,52.0,9.2196,1245.02,317.4801,55.48,105.412,15496.23,4.6489,2237.1128
1462.79,695.1178,1699.58,301.3355,583.38,148.7619,61.8,117.42,20494.14,6.1482,1268.7834
3867.85,1838.0023,1951.67,346.0311,244.09,62.243,442.94,841.586,11767.79,3.5303,3091.3927
9570.89,4548.0869,718.48,127.3865,938.24,239.2512,114.85,218.215,10609.15,3.1827,5136.1223
1586.12,753.7242,214.88,38.0982,831.66,212.0733,99.03,188.157,17663.61,5.2991,1197.3518
8966.09,4260.686,1002.78,177.7929,1420.11,362.128,104.53,198.607,4347.87,1.3044,5000.5183
9572.55,4548.8758,1841.18,326.4412,1426.91,363.8621,112.47,213.693,12397.24,3.7192,5456.5913
3508.22,1667.1061,1316.1,233.3445,1358.79,346.4914,473.88,900.372,4622.52,1.3868,3148.7008
7701.87,3659.9286,981.58,174.0341,1412.29,360.1339,187.25,355.775,20024.27,6.0073,4555.8789
8107.81,3852.8313,150.6,26.7014,1213.41,309.4196,316.89,602.091,13088.65,3.9266,4794.9699
5878.2,2793.3206,641.01,113.6511,1978.17,504.4334,373.7,710.03,39929.94,11.979,4133.4141
7799.61,3706.3747,1375.12,243.8088,1594.74,406.6587,497.36,944.984,3406.6,1.022,5302.8482
9353.08,4444.5836,1961.81,347.8289,242.44,61.8222,293.92,558.448,29035.74,8.7107,5421.3934
1619.52,769.5959,1820.48,322.7711,1699.39,433.3445,17.78,33.782,12030.83,3.6092,1563.1027
9011.92,4282.4644,591.0,104.7843,1492.7,380.6385,266.29,505.951,32682.56,9.8048,5283.643
3601.99,1711.6656,1349.81,239.3213,1081.5,275.7825,72.58,137.902,42160.27,12.6481,2377.3195
6835.82,3248.3817,273.99,48.5784,701.17,178.7983,263.87,501.353,30756.83,9.227,3986.3384
3495.73,1661.1709,936.22,165.9918,456.96,116.5248,6.26,11.894,2162.89,0.6489,1956.2304
3028.5,1439.1432,39.64,7.0282,1111.96,283.5498,495.46,941.374,27668.52,8.3006,2679.3958
3647.47,1733.2777,1391.33,246.6828,1948.8,496.944,117.23,222.737,6072.53,1.8218,2701.4633
1773.47,842.7529,1405.28,249.1561,1006.17,256.5734,83.59,158.821,38919.01,11.6757,1518.9791
3887.67,1847.4208,1670.85,296.2417,1441.81,367.6615,268.12,509.428,31565.49,9.4696,3030.2216
4142.25,1968.3972,1728.24,306.417,904.88,230.7444,204.41,388.379,44968.26,13.4905,2907.4281
7303.57,3470.6565,20.63,3.6577,845.47,215.5949,390.71,742.349,14771.26,4.4314,4436.6895
1774.12,843.0618,531.15,94.1729,920.53,234.7352,306.53,582.407,24688.76,7.4066,1761.7835
7582.68,3603.2895,214.38,38.0096,776.76,198.0738,303.97,577.543,24724.44,7.4173,4424.3332
4183.45,1987.9754,1482.16,262.787,872.18,222.4059,251.79,478.401,20491.76,6.1475,2957.7168
3174.01,1508.2896,381.42,67.6258,1067.79,272.2865,217.3,412.87,35044.38,10.5133,2271.5852
3254.36,1546.4719,1748.29,309.9718,1236.06,315.1953,216.34,411.046,37402.21,11.2207,2593.9057
6670.06,3169.6125,303.23,53.7627,355.4,90.627,468.57,890.283,9391.35,2.8174,4207.1026
7847.58,3729.17,1403.96,248.9221,458.26,116.8563,151.21,287.299,19655.63,5.8967,4388.1441
4897.14,2327.1209,1842.28,326.6362,548.63,139.9007,63.27,120.213,49299.06,14.7897,2928.6605
692.15,328.9097,1684.21,298.6104,536.63,136.8407,457.27,868.813,10963.4,3.289,1636.4628
5143.05,2443.9774,1914.94,339.5189,1373.09,350.1379,112.0,212.8,18725.53,5.6177,3352.0519
9421.48,4477.0873,1347.4,238.894,1939.31,494.524,436.11,828.609,9847.59,2.9543,6042.0686
3017.21,1433.7782,1141.94,202.466,1816.36,463.1718,11.72,22.268,43135.46,12.9406,2134.6246
8952.01,4253.9952,833.57,147.792,498.83,127.2017,454.52,863.588,4392.85,1.3179,5393.8948
867.52,412.2455,116.8,20.7086,336.74,85.8687,103.89,197.391,18822.42,5.6467,721.8605
581.07,276.1245,700.06,124.1206,1673.01,426.6175,287.9,547.01,13943.42,4.183,1378.0556
166.37,79.059,1103.19,195.5956,106.54,27.1677,223.84,425.296,5049.89,1.515,728.6333
2603.87,1237.359,631.23,111.9171,1927.85,491.6017,55.47,105.393,47460.2,14.2381,1960.5089
5550.04,2637.379,1487.3,263.6983,1940.59,494.8504,299.77,569.563,1190.52,0.3572,3965.8479
9298.0,4418.4096,1957.59,347.0807,1026.88,261.8544,450.2,855.38,7474.37,2.2423,5884.967
7387.83,3510.6968,131.0,23.2263,112.72,28.7436,198.51,377.169,11765.8,3.5297,3943.3654
1549.54,736.3414,190.97,33.859,1897.98,483.9849,463.75,881.125,23655.92,7.0968,2142.4071
9667.92,4594.1956,1974.97,350.1622,636.23,162.2387,140.83,267.577,5714.79,1.7144,5375.8879
9711.82,4615.0569,1303.32,231.0786,1238.18,315.7359,127.69,242.611,19786.68,5.936,5410.4184
190.61,90.5779,1001.88,177.6333,1461.08,372.5754,113.71,216.049,21806.62,6.542,863.3776
7435.16,3533.188,955.43,169.3977,1459.44,372.1572,423.99,805.581,13656.02,4.0968,4884.4207
2291.46,1088.9018,366.51,64.9822,1713.28,436.8864,35.15,66.785,28018.55,8.4056,1665.961
5349.16,2541.9208,368.89,65.4042,177.86,45.3543,6.19,11.761,23496.87,7.0491,2671.4894
3425.24,1627.674,1632.6,289.46,1835.78,468.1239,153.95,292.505,26787.65,8.0363,2685.7992
8202.37,3897.7662,597.24,105.8907,1187.34,302.7717,300.21,570.399,30818.58,9.2456,4886.0732
8294.84,3941.708,1590.5,281.9957,1328.8,338.844,428.68,814.492,48508.81,14.5526,5391.5923
6897.93,3277.8963,278.29,49.3408,902.23,230.0687,7.18,13.642,10848.95,3.2547,3574.2025
3430.68,1630.2591,158.18,28.0453,891.73,227.3912,40.34,76.646,30569.9,9.171,1971.5126
4708.05,2237.2654,1032.77,183.1101,398.49,101.615,172.09,326.971,20418.48,6.1255,2855.087
809.93,384.8787,817.4,144.925,475.67,121.2959,376.33,715.027,11817.42,3.5452,1369.6718
7024.76,3338.166,909.66,161.2827,983.31,250.744,456.09,866.571,21513.8,6.4541,4623.2178
629.83,299.2952,1929.75,342.1447,169.72,43.2786,477.45,907.155,12413.5,3.724,1595.5975
2911.38,1383.4878,884.93,156.8981,780.59,199.0505,482.5,916.75,40248.27,12.0745,2668.2609
8079.26,3839.2644,404.25,71.6735,947.69,241.661,479.78,911.582,30080.93,9.0243,5073.2052
1148.21,545.6294,1036.78,183.8211,1960.28,499.8714,13.49,25.631,13820.25,4.1461,1259.099
5345.67,2540.2624,1448.15,256.757,165.03,42.0827,399.26,758.594,1323.86,0.3972,3598.0933
4655.19,2212.1463,498.32,88.3521,1888.56,481.5828,211.71,402.249,25135.83,7.5407,3191.8709
7931.86,3769.2199,1149.32,203.7744,346.05,88.2428,389.99,740.981,11089.32,3.3268,4805.5449
3983.01,1892.7264,1138.16,201.7958,810.15,206.5882,374.45,711.455,11281.47,3.3844,3015.9498
6792.01,3227.5632,193.15,34.2455,140.77,35.8964,204.0,387.6,25356.99,7.6071,3692.9122
2714.51,1289.9352,552.02,97.8731,1862.86,475.0293,308.0,585.2,21453.87,6.4362,2454.4738
6104.49,2900.8536,1579.31,280.0117,14.16,3.6108,363.49,690.631,12552.54,3.7658,3878.8729
1450.34,689.2016,81.54,14.457,1721.36,438.9468,417.08,792.452,1391.43,0.4174,1935.4748
6735.85,3200.8759,639.84,113.4436,1988.39,507.0395,434.47,825.493,25672.42,7.7017,4654.5537
9615.15,4569.1193,1639.78,290.733,863.13,220.0982,415.8,790.02,12960.05,3.888,5873.8585
7980.29,3792.2338,1624.01,287.937,1085.76,276.8688,399.94,759.886,15009.44,4.5028,5121.4284
1186.82,563.9769,1364.2,241.8727,949.93,242.2321,227.72,432.668,25097.31,7.5292,1488.2789
4605.56,2188.5621,1545.94,274.0952,24.98,6.3699,463.59,880.821,28125.32,8.4376,3358.2858
283.67,134.8,1679.39,297.7558,1645.87,419.6968,118.15,224.485,1760.49,0.5281,1077.2657
9723.88,4620.7878,1038.87,184.1917,1316.33,335.6642,356.06,676.514,44025.91,13.2078,5830.3655
4492.88,2135.0166,235.69,41.7878,1350.38,344.3469,95.38,181.222,24413.58,7.3241,2709.6974
934.84,444.236,1844.59,327.0458,63.73,16.2511,268.64,510.416,2330.59,0.6992,1298.6481
5374.72,2554.0669,1499.05,265.7816,1624.49,414.245,436.72,829.768,35349.78,10.6049,4074.4664
587.91,279.3748,621.47,110.1866,1809.91,461.5271,410.14,779.266,44410.52,13.3232,1643.6777
651.88,309.7734,996.11,176.6103,1951.06,497.5203,417.6,793.44,5338.01,1.6014,1778.9454
3865.98,1837.1137,804.88,142.7052,273.86,69.8343,45.53,86.507,36168.4,10.8505,2147.0107
3415.02,1622.8175,1367.95,242.5375,1320.4,336.702,255.24,484.956,27891.18,8.3674,2695.3804
1658.42,788.0812,375.52,66.5797,1959.46,499.6623,8.44,16.036,20404.94,6.1215,1376.4807
8573.05,4073.9134,705.51,125.0869,809.67,206.4658,304.54,578.626,5283.29,1.585,4985.6771
9948.94,4727.7363,161.12,28.5666,528.64,134.8032,325.28,618.032,11384.83,3.4154,5512.5535
8861.48,4210.9753,1782.51,316.039,171.03,43.6127,362.04,687.876,49012.22,14.7037,5273.2067
4571.45,2172.353,1646.01,291.8376,1866.2,475.881,17.66,33.554,22704.32,6.8113,2980.4369
3116.03,1480.7375,392.0,69.5016,1893.36,482.8068,135.37,257.203,23517.17,7.0552,2297.3041
8280.94,3935.1027,224.56,39.8145,812.74,207.2487,471.33,895.527,41408.92,12.4227,5090.1156
6459.26,3069.4404,823.89,146.0757,936.52,238.8126,46.64,88.616,14606.45,4.3819,3547.3266
2673.52,1270.4567,522.49,92.6375,632.44,161.2722,105.78,200.982,39561.32,11.8684,1737.2168
8129.57,3863.1717,1140.35,202.1841,1471.01,375.1076,450.95,856.805,23267.28,6.9802,5304.2486
1570.18,746.1495,1965.86,348.547,1924.34,490.7067,89.08,169.252,5977.9,1.7934,1756.4486
1635.8,777.3322,609.18,108.0076,201.58,51.4029,476.66,905.654,32715.48,9.8146,1852.2113
7124.83,3385.7192,1098.62,194.7853,1897.58,483.8829,493.16,937.004,2018.03,0.6054,5001.9968
3692.09,1754.4812,1524.96,270.3754,524.61,133.7756,296.32,563.008,28817.14,8.6451,2730.2853
9058.1,4304.4091,434.91,77.1095,772.39,196.9595,462.76,879.244,41609.32,12.4828,5470.2049
2318.24,1101.6276,865.2,153.4,1112.62,283.7181,7.31,13.889,37945.12,11.3835,1564.0182
1978.97,940.4065,1810.3,320.9662,1309.97,334.0423,119.64,227.316,41689.54,12.5069,1835.2379
524.08,249.0428,757.82,134.3615,695.43,177.3346,211.0,400.9,12019.08,3.6057,965.2446
5309.1,2522.8843,140.72,24.9497,700.48,178.6224,16.97,32.243,43752.62,13.1258,2771.8252
4039.57,1919.6037,1303.65,231.1371,589.19,150.2435,129.19,245.461,6977.3,2.0932,2548.5385
2016.26,958.1268,485.23,86.0313,1430.92,364.8846,169.22,321.518,31323.85,9.3972,1739.9579
7083.04,3365.8606,877.75,155.6251,1011.23,257.8637,76.4,145.16,11227.12,3.3681,3927.8775
647.61,307.7443,1533.54,271.8966,810.32,206.6316,86.71,164.749,12486.34,3.7459,954.7674
4266.31,2027.3505,1802.59,319.5992,1774.61,452.5256,242.34,460.446,29660.66,8.8982,3268.8195
725.55,344.7814,1636.55,290.1603,1426.75,363.8213,53.9,102.41,41637.57,12.4913,1113.6643
3130.2,1487.471,481.53,85.3753,934.54,238.3077,291.82,554.458,16254.43,4.8763,2370.4883
3273.81,1555.7145,1349.8,239.3195,1282.03,326.9176,281.34,534.546,25470.89,7.6413,2664.1389
3012.0,1431.3024,942.26,167.0627,1121.57,286.0003,452.25,859.275,11025.23,3.3076,2746.948
4984.94,2368.8435,1653.09,293.0929,1752.42,446.8671,104.16,197.904,9500.6,2.8502,3309.5577
2627.11,1248.4027,1875.66,332.5545,576.35,146.9693,29.55,56.145,32115.01,9.6345,1793.706
9000.95,4277.2514,314.03,55.6775,613.26,156.3813,265.1,503.69,40635.45,12.1906,5005.1908
9261.06,4400.8557,1302.69,230.9669,579.29,147.719,104.57,198.683,47793.87,14.3382,4992.5628
6118.35,2907.4399,382.41,67.8013,18.26,4.6563,20.38,38.722,32826.78,9.848,3028.4675
3851.74,1830.3468,1801.26,319.3634,1203.77,306.9613,37.35,70.965,40633.53,12.1901,2539.8266
836.61,397.5571,651.46,115.5039,768.79,196.0414,462.35,878.465,36557.96,10.9674,1598.5348
3010.83,1430.7464,1012.9,179.5872,1465.48,373.6974,245.09,465.671,16157.54,4.8473,2454.5493
599.02,284.6543,1953.74,346.3981,1475.94,376.3647,206.08,391.552,12911.72,3.8735,1402.8426
7279.54,3459.2374,174.05,30.8591,222.01,56.6125,471.69,896.211,17236.68,5.171,4448.091
2310.82,1098.1017,1874.38,332.3276,350.97,89.4974,209.71,398.449,39294.95,11.7885,1930.1642
5183.55,2463.223,858.16,152.1518,1208.66,308.2083,240.96,457.824,4524.52,1.3574,3382.7645
7720.51,3668.7864,1035.79,183.6456,230.67,58.8209,25.26,47.994,3076.06,0.9228,3960.1697
3055.19,1451.8263,1304.2,231.2347,555.94,141.7647,439.91,835.829,9738.93,2.9217,2663.5764
6832.0,3246.5664,1367.75,242.5021,511.63,130.4657,195.92,372.248,3433.04,1.0299,3992.8121
955.55,454.0774,37.91,6.7214,196.3,50.0565,152.46,289.674,15054.44,4.5163,805.0456
3739.22,1776.8773,396.03,70.2161,14.84,3.7842,18.44,35.036,19515.82,5.8547,1891.7683
9218.21,4380.4934,1742.61,308.9648,1325.07,337.8929,28.44,54.036,35384.98,10.6155,5092.0026
3303.06,1569.6141,1394.57,247.2573,283.64,72.3282,172.33,327.427,13427.57,4.0283,2220.6549
9891.43,4700.4075,1019.56,180.768,1805.47,460.3949,270.97,514.843,49253.04,14.7759,5871.1893
3731.97,1773.4321,221.41,39.256,1286.77,328.1264,41.11,78.109,3875.82,1.1627,2220.0862
8715.3,4141.5106,1741.81,308.8229,1731.84,441.6192,51.91,98.629,35092.52,10.5278,5001.1095
4131.55,1963.3126,865.26,153.4106,21.12,5.3856,133.43,253.517,15599.84,4.68,2380.3058
9838.1,4675.0651,694.24,123.0888,352.93,89.9972,294.74,560.006,49738.39,14.9215,5463.0786
7861.61,3735.8371,686.02,121.6313,1808.22,461.0961,38.78,73.682,15353.97,4.6062,4396.8527
9809.98,4661.7025,1004.25,178.0535,229.92,58.6296,140.79,267.501,6202.77,1.8608,5167.7474
4664.07,2216.3661,1223.26,216.884,475.27,121.1938,413.09,784.871,36897.27,11.0692,3350.3841
6487.99,3083.0928,337.31,59.8051,1534.87,391.3918,122.76,233.244,8657.04,2.5971,3770.1308
3516.56,1671.0693,1673.41,296.6956,117.89,30.0619,327.71,622.649,45642.46,13.6927,2634.1685
262.84,124.9016,735.15,130.3421,980.7,250.0785,445.55,846.545,7381.71,2.2145,1354.0817
3267.39,1552.6637,1908.06,338.299,1429.32,364.4766,476.81,905.939,18008.44,5.4025,3166.7808
4185.41,1988.9068,1532.92,271.7867,918.83,234.3017,198.83,377.777,10721.55,3.2165,2875.9887
5158.24,2451.1956,783.43,138.9021,253.75,64.7062,464.6,882.74,13173.48,3.952,3541.4959
1951.31,927.2625,1866.59,330.9464,1920.22,489.6561,466.85,887.015,29654.99,8.8965,2643.7765
3085.67,1466.3104,1902.04,337.2317,445.74,113.6637,429.38,815.822,48196.47,14.4589,2747.4867
6731.77,3198.9371,673.12,119.3442,963.34,245.6517,127.54,242.326,23573.86,7.0722,3813.3312
3297.64,1567.0385,227.26,40.2932,399.68,101.9184,40.89,77.691,23970.56,7.1912,1794.1323
1830.32,869.7681,276.29,48.9862,1683.86,429.3843,303.7,577.03,17570.95,5.2713,1930.4399
1730.1,822.1435,1241.61,220.1375,39.16,9.9858,251.4,477.66,49555.06,14.8665,1544.7933
5571.25,2647.458,1895.05,335.9924,686.51,175.06,231.89,440.591,33646.62,10.094,3609.1954
7587.46,3605.561,1317.54,233.5998,615.65,156.9907,449.08,853.252,35805.36,10.7416,4860.1451
873.05,414.8734,1730.84,306.8779,183.68,46.8384,255.35,485.165,33158.63,9.9476,1263.7023
433.41,205.9564,756.55,134.1363,575.96,146.8698,490.03,931.057,9788.73,2.9366,1420.9561
1726.29,820.333,1121.21,198.7905,107.71,27.466,452.89,860.491,36304.66,10.8914,1917.9719
4010.27,1905.6803,1937.83,343.5773,1453.57,370.6603,56.6,107.54,2900.63,0.8702,2728.3281
9990.7,4747.5806,751.62,133.2622,217.57,55.4804,216.69,411.711,10144.43,3.0433,5351.0775
1490.18,708.1335,1611.57,285.7314,1793.18,457.2609,213.55,405.745,24607.22,7.3822,1864.253
1164.74,553.4844,1287.86,228.3376,188.82,48.1491,280.29,532.551,47309.68,14.1929,1376.715
1725.28,819.8531,1379.91,244.658,207.29,52.859,55.4,105.26,38548.29,11.5645,1234.1946
412.78,196.1531,1713.29,303.7663,1337.48,341.0574,375.79,714.001,16759.4,5.0278,1560.0056
8156.32,3875.8833,600.69,106.5023,1007.92,257.0196,315.46,599.374,4407.95,1.3224,4840.1016
7913.41,3760.4524,1018.36,180.5552,1769.15,451.1333,151.15,287.185,39867.1,11.9601,4691.286
6769.05,3216.6526,1019.32,180.7254,1890.52,482.0826,18.06,34.314,14462.61,4.3388,3918.1134
2696.28,1281.2723,139.67,24.7635,286.64,73.0932,20.63,39.197,26908.45,8.0725,1426.3985
5621.83,2671.4936,938.79,166.4475,1859.61,474.2005,153.37,291.403,45962.34,13.7887,3617.3333
1341.23,637.3525,1653.13,293.0999,931.27,237.4738,269.73,512.487,35632.36,10.6897,1691.1029
4224.0,2007.2448,1529.38,271.1591,1311.53,334.4402,361.05,685.995,5842.9,1.7529,3300.592
8574.26,4074.4884,1703.48,302.027,1724.95,439.8623,137.06,260.414,49512.84,14.8539,5091.6456
221.42,105.2188,1979.93,351.0416,1731.41,441.5096,295.9,562.21,48983.63,14.6951,1474.6751
237.98,113.0881,765.45,135.7143,1299.22,331.3011,24.75,47.025,30603.3,9.181,636.3095
2337.01,1110.5472,487.81,86.4887,317.69,81.0109,341.6,649.04,45031.8,13.5095,1940.5963
8556.72,4066.1533,1072.12,190.0869,1322.59,337.2604,12.26,23.294,14433.08,4.3299,4621.1245
2944.73,1399.3357,1795.52,318.3457,988.29,252.0139,402.46,764.674,26972.92,8.0919,2742.4612
359.54,170.8534,1552.28,275.2192,133.77,34.1114,243.15,461.985,31555.9,9.4668,951.6358
9688.0,4603.7376,1553.45,275.4267,1607.99,410.0375,453.7,862.03,23837.76,7.1513,6158.3831
7863.12,3736.5546,787.45,139.6149,284.05,72.4327,17.95,34.105,42256.13,12.6768,3995.384
1126.01,535.08,570.76,101.1957,965.03,246.0827,480.42,912.798,37109.32,11.1328,1806.2892
5415.82,2573.5977,1512.02,268.0811,263.48,67.1874,92.96,176.624,10529.49,3.1588,3088.649
9110.74,4329.4236,1229.64,218.0152,1921.81,490.0616,443.92,843.448,22455.15,6.7365,5887.6849
1080.0,513.216,1226.0,217.3698,116.15,29.6183,383.8,729.22,40161.64,12.0485,1501.4726
4490.58,2133.9236,578.82,102.6248,399.2,101.796,343.64,652.916,39267.06,11.7801,3003.0405
6943.0,3299.3136,747.25,132.4874,1442.3,367.7865,320.05,608.095,27903.23,8.371,4416.0535
2254.5,1071.3384,565.86,100.327,392.9,100.1895,413.01,784.719,20229.08,6.0687,2062.6426
3263.68,1550.9007,1785.72,316.6082,324.38,82.7169,25.37,48.203,32462.38,9.7387,2008.1675
7371.15,3502.7705,501.26,88.8734,811.3,206.8815,145.46,276.374,43853.38,13.156,4088.0554
8759.45,4162.4906,890.15,157.8236,15.22,3.8811,392.01,744.819,49966.11,14.9898,5084.0041
8271.98,3930.8449,1700.91,301.5713,1421.17,362.3984,151.21,287.299,36329.71,10.8989,4893.0125
2169.78,1031.0795,134.16,23.7866,1851.8,472.209,377.51,717.269,39294.4,11.7883,2256.1324
9679.09,4599.5036,1184.38,209.9906,797.66,203.4033,455.79,866.001,9758.9,2.9277,5881.8262
5955.97,2830.2769,1005.31,178.2415,1202.35,306.5992,390.51,741.969,40623.84,12.1872,4069.2738
7088.43,3368.4219,1409.08,249.8299,26.21,6.6836,483.34,918.346,6894.48,2.0683,4545.3497
9444.78,4488.1595,1990.57,352.9281,1222.9,311.8395,109.31,207.689,41367.64,12.4103,5373.0264
2116.21,1005.623,1890.98,335.2708,1483.96,378.4098,137.61,261.459,33255.13,9.9765,1990.7391
1154.15,548.4521,1489.9,264.1593,1384.8,353.124,329.06,625.214,33111.1,9.9333,1800.8827
669.36,318.0799,609.9,108.1353,1557.81,397.2416,313.71,596.049,23573.4,7.072,1426.5778
5821.16,2766.2152,1604.77,284.5257,1804.62,460.1781,179.19,340.461,1526.41,0.4579,3851.8379
9504.7,4516.6334,96.05,17.0297,1846.39,470.8295,472.33,897.427,18737.96,5.6214,5907.541
2244.94,1066.7955,1308.19,231.9421,1974.37,503.4643,184.49,350.531,25434.84,7.6305,2160.3634
7130.63,3388.4754,1638.65,290.5326,1101.22,280.8111,280.88,533.672,19134.13,5.7402,4499.2313
9746.17,4631.38,1002.1,177.6723,90.29,23.024,347.59,660.421,35647.93,10.6944,5503.1917
641.81,304.9881,133.3,23.6341,1271.64,324.2682,85.57,162.583,41664.47,12.4993,827.9727
9651.97,4586.6161,1041.48,184.6544,1162.03,296.3177,90.39,171.741,41950.1,12.585,5251.9142
9123.69,4335.5775,731.76,129.741,336.16,85.7208,497.96,946.124,45169.05,13.5507,5510.714
5365.24,2549.562,384.03,68.0885,470.25,119.9138,176.89,336.091,7298.01,2.1894,3075.8447
6576.65,3125.2241,576.2,102.1603,1116.67,284.7509,392.51,745.769,37605.53,11.2817,4269.186
1650.65,784.3889,976.18,173.0767,1554.24,396.3312,278.49,529.131,36393.18,10.918,1893.8458
7371.58,3502.9748,327.55,58.0746,218.0,55.59,303.71,577.049,42752.4,12.8257,4206.5141
9836.29,4674.205,1323.83,234.7151,1564.78,399.0189,132.78,252.282,43650.22,13.0951,5573.3161
6230.19,2960.5863,1698.03,301.0607,517.57,131.9804,390.65,742.235,4129.03,1.2387,4137.1011
1629.29,774.2386,1083.24,192.0585,370.32,94.4316,45.61,86.659,9712.1,2.9136,1150.3013
1468.06,697.6221,18.11,3.2109,119.53,30.4802,156.18,296.742,19276.73,5.783,1033.8382
4976.69,2364.9231,1729.69,306.674,1035.34,264.0117,146.02,277.438,39888.84,11.9667,3225.0135
7728.65,3672.6545,1861.16,329.9837,448.02,114.2451,358.42,680.998,7876.73,2.363,4800.2443
4862.1,2310.4699,513.09,90.9709,599.51,152.875,446.13,847.647,4020.7,1.2062,3403.169
2667.06,1267.3869,740.65,131.3172,369.98,94.3449,431.78,820.382,8853.04,2.6559,2316.0869
943.46,448.3322,1412.15,250.3742,669.93,170.8321,30.13,57.247,44302.62,13.2908,940.0763
7176.93,3410.4771,1468.89,260.4342,1572.17,400.9034,282.36,536.484,26424.38,7.9273,4616.226
5064.19,2406.5031,1878.47,333.0527,450.58,114.8979,414.53,787.607,27168.55,8.1506,3650.2113
1951.9,927.5429,1690.76,299.7717,785.73,200.3612,275.81,524.039,43238.39,12.9715,1964.6863
5552.53,2638.5623,1650.27,292.5929,1038.5,264.8175,438.72,833.568,6788.4,2.0365,4031.5772
3990.31,1896.1953,1351.0,239.5323,1076.48,274.5024,317.71,603.649,23487.7,7.0463,3020.9253
169.88,80.727,1739.82,308.4701,489.34,124.7817,115.18,218.842,42852.77,12.8558,745.6766
7770.6,3692.5891,1444.6,256.1276,1809.64,461.4582,418.42,794.998,36015.29,10.8046,5215.9775
1350.17,641.6008,1728.35,306.4365,702.16,179.0508,320.66,609.254,44075.97,13.2228,1749.5649
472.95,224.7458,117.73,20.8735,1678.95,428.1322,233.34,443.346,6076.62,1.823,1118.9205
9450.77,4491.0059,1634.95,289.8766,225.43,57.4847,417.36,792.984,9391.68,2.8175,5634.1687
7375.45,3504.8138,168.85,29.9371,1524.55,388.7602,457.74,869.706,30781.62,9.2345,4802.4516
7084.33,3366.4736,173.11,30.6924,628.26,160.2063,419.24,796.556,39883.82,11.9651,4365.8934
8470.2,4025.039,896.63,158.9725,1953.76,498.2088,297.95,566.105,41937.94,12.5814,5260.9067
4859.99,2309.4672,968.7,171.7505,897.59,228.8855,296.38,563.122,29362.96,8.8089,3282.0341
1050.37,499.1358,117.85,20.8948,667.37,170.1793,209.81,398.639,45241.18,13.5724,1102.4213
8755.54,4160.6326,1706.46,302.5554,1773.32,452.1966,377.36,716.984,38650.52,11.5952,5643.9638
3883.76,1845.5628,726.79,128.8599,444.37,113.3144,155.72,295.868,46265.2,13.8796,2397.4847
5874.26,2791.4484,713.17,126.445,58.91,15.0221,51.76,98.344,23781.25,7.1344,3038.3939
407.07,193.4397,1155.66,204.8985,1907.48,486.4074,63.99,121.581,7055.8,2.1167,1008.4433
141.5,67.2408,900.53,159.664,28.58,7.2879,433.12,822.928,38334.52,11.5004,1068.6211
390.26,185.4516,763.58,135.3827,878.85,224.1068,204.68,388.892,22534.91,6.7605,940.5936
8775.3,4170.0226,379.87,67.351,1452.77,370.4563,375.26,712.994,33617.71,10.0853,5330.9092
7913.54,3760.5142,201.18,35.6692,1851.86,472.2243,156.56,297.464,22442.02,6.7326,4572.6043
7487.79,3558.1978,223.55,39.6354,1816.42,463.1871,293.23,557.137,35406.83,10.622,4628.7793
3141.86,1493.0119,1791.21,317.5815,126.1,32.1555,414.34,787.246,32005.57,9.6017,2639.5966
5481.48,2604.7993,740.11,131.2215,49.99,12.7475,414.07,786.733,30113.79,9.0341,3544.5354
1469.66,698.3824,94.27,16.7141,1424.59,363.2704,207.97,395.143,30313.1,9.0939,1482.6038
2231.57,1060.4421,984.19,174.4969,769.5,196.2225,209.48,398.012,32982.57,9.8948,1839.0683
5758.96,2736.6578,1262.44,223.8306,1899.44,484.3572,245.67,466.773,18952.72,5.6858,3917.3044
1730.46,822.3146,1753.97,310.9789,923.91,235.597,38.88,73.872,26619.52,7.9859,1450.7484
4330.07,2057.6493,563.36,99.8837,420.27,107.1688,163.31,310.289,40465.47,12.1396,2587.1304
641.57,304.8741,103.54,18.3576,626.95,159.8723,330.74,628.406,21252.83,6.3758,1117.8858
2760.76,1311.9132,1359.9,241.1103,527.28,134.4564,196.19,372.761,34555.46,10.3666,2070.6075
6344.57,3014.9397,1579.53,280.0507,1773.4,452.217,365.61,694.659,16728.52,5.0186,4446.885
3692.02,1754.4479,238.84,42.3463,202.12,51.5406,17.28,32.832,27161.59,8.1485,1889.3153
9671.91,4596.0916,1219.16,216.1571,448.81,114.4466,82.39,156.541,9546.08,2.8638,5086.1001
745.64,354.3281,1730.02,306.7325,1610.18,410.5959,197.29,374.851,9650.1,2.895,1449.4025
2471.86,1174.6279,1553.3,275.4001,1698.95,433.2323,156.01,296.419,34761.32,10.4284,2190.1077
7881.27,3745.1795,1278.86,226.7419,1678.94,428.1297,384.47,730.493,24938.42,7.4815,5138.0256
4740.19,2252.5383,187.71,33.281,1681.32,428.7366,237.9,452.01,43462.05,13.0386,3179.6045
2868.74,1363.2252,1975.58,350.2703,1792.77,457.1564,147.7,280.63,5820.82,1.7462,2453.0281
8496.98,4037.7649,474.5,84.1288,765.1,195.1005,38.61,73.359,24268.14,7.2804,4397.6336
2519.15,1197.1001,703.51,124.7323,313.46,79.9323,63.82,121.258,26731.19,8.0194,1531.0421
867.67,412.3168,1179.57,209.1378,917.72,234.0186,353.75,672.125,35215.0,10.5645,1538.1627
288.69,137.1855,380.68,67.4946,577.31,147.214,309.35,587.765,17438.69,5.2316,944.8907
5228.67,2484.664,255.23,45.2523,1557.37,397.1293,149.19,283.461,21033.73,6.3101,3216.8167
2137.09,1015.5452,1374.75,243.7432,1107.93,282.5222,239.75,455.525,49987.35,14.9962,2012.3318
3359.82,1596.5865,899.62,159.5026,1580.86,403.1193,400.82,761.558,9747.71,2.9243,2923.6907
5293.29,2515.3714,1510.63,267.8347,1891.77,482.4013,259.62,493.278,36752.32,11.0257,3769.9111
2913.49,1384.4904,172.08,30.5098,1097.32,279.8166,396.45,753.255,48803.41,14.641,2462.7128
1858.4,883.1117,1112.4,197.2285,1262.17,321.8534,319.09,606.271,24391.36,7.3174,2015.782
3739.06,1776.8013,300.66,53.307,1277.24,325.6962,270.81,514.539,1354.62,0.4064,2670.7499
7947.34,3776.576,1667.4,295.63,666.48,169.9524,171.19,325.261,30185.51,9.0557,4576.4751
2156.04,1024.5502,1526.97,270.7318,533.77,136.1113,94.71,179.949,48469.44,14.5408,1625.8831
9849.66,4680.5584,1645.61,291.7667,1725.17,439.9184,96.28,182.932,23085.56,6.9257,5602.1012
1461.56,694.5333,466.58,82.7246,780.86,199.1193,85.59,162.621,39819.73,11.9459,1150.9441
4393.76,2087.9148,773.17,137.083,1821.64,464.5182,217.59,413.421,13674.53,4.1024,3107.0394
7039.23,3345.0421,807.04,143.0882,272.34,69.4467,439.37,834.803,1987.75,0.5963,4392.9763
8625.2,4098.695,960.6,170.3144,1700.01,433.5025,310.64,590.216,45912.3,13.7737,5306.5016
7707.7,3662.699,1521.58,269.7761,765.82,195.2841,379.21,720.499,10919.09,3.2757,4851.5339
5121.58,2433.7748,544.7,96.5753,1731.06,441.4203,11.4,21.66,31093.81,9.3281,3002.7585
8786.5,4175.3448,185.96,32.9707,759.58,193.6929,293.27,557.213,22688.14,6.8064,4966.0278
4870.98,2314.6897,1470.7,260.7551,756.25,192.8438,280.38,532.722,16521.92,4.9566,3305.9672
5684.3,2701.1794,1670.62,296.2009,577.63,147.2956,298.15,566.485,42992.09,12.8976,3724.0585
8417.41,3999.9532,869.87,154.228,362.63,92.4707,251.13,477.147,8701.96,2.6106,4726.4095
3832.69,1821.2943,1856.51,329.1592,847.99,216.2374,5.39,10.241,28005.11,8.4015,2385.3334
2935.92,1395.1492,710.58,125.9858,1115.46,284.4423,69.52,132.088,43356.96,13.0071,1950.6724
3090.31,1468.5153,326.91,57.9611,485.26,123.7413,376.22,714.818,41772.68,12.5318,2377.5675
2989.44,1420.5819,674.44,119.5782,467.93,119.3222,9.18,17.442,30153.29,9.046,1685.9703
2063.01,980.3424,106.59,18.8984,1546.16,394.2708,249.99,474.981,22079.06,6.6237,1875.1163
4020.64,1910.6081,58.13,10.3064,242.47,61.8299,423.28,804.232,8938.19,2.6815,2789.6579
8906.78,4232.5019,1122.25,198.9749,1173.32,299.1966,149.05,283.195,30793.08,9.2379,5023.1063
6215.77,2953.7339,1649.96,292.5379,648.93,165.4771,319.23,606.537,17709.89,5.313,4023.5989
2959.59,1406.3972,1565.12,277.4958,161.99,41.3075,373.79,710.201,2361.16,0.7083,2436.1098
2362.76,1122.7836,86.93,15.4127,1804.78,460.2189,414.69,787.911,8874.71,2.6624,2388.9886
7956.41,3780.886,1468.4,260.3473,1179.55,300.7853,174.2,330.98,15089.38,4.5268,4677.5254
6392.4,3037.6685,1468.64,260.3899,1070.79,273.0514,195.34,371.146,38678.84,11.6037,3953.8595
1132.11,537.9787,1635.25,289.9298,858.7,218.9685,291.58,554.002,38841.09,11.6523,1612.5313
6918.96,3287.8898,220.29,39.0574,1408.91,359.2721,97.46,185.174,36839.61,11.0519,3882.4452
9529.37,4528.3566,1768.62,313.5763,1447.94,369.2247,372.07,706.933,24728.83,7.4186,5925.5092
1838.41,873.6124,1342.37,238.0022,1046.82,266.9391,348.16,661.504,38432.09,11.5296,2051.5873
4989.67,2371.0912,1434.44,254.3262,711.06,181.3203,318.44,605.036,44045.5,13.2136,3424.9873
3471.98,1649.8849,1391.64,246.7378,747.37,190.5794,491.65,934.135,38846.25,11.6539,3032.991
6458.76,3069.2028,1749.6,310.2041,1767.76,450.7788,235.03,446.557,4743.36,1.423,4278.1657
6859.68,3259.7199,1916.91,339.8681,862.34,219.8967,206.06,391.514,13493.75,4.0481,4215.0468
5285.82,2511.8217,638.43,113.1936,811.96,207.0498,5.1,9.69,7015.51,2.1047,2843.8598
2338.1,1111.0651,71.49,12.6752,363.61,92.7206,298.01,566.219,11392.61,3.4178,1786.0977
1305.84,620.5352,607.86,107.7736,1777.49,453.26,337.08,640.452,26557.75,7.9673,1829.9881
8993.15,4273.5449,665.4,117.9754,467.14,119.1207,438.42,832.998,12334.09,3.7002,5347.3392
8626.13,4099.137,888.91,157.6037,1886.77,481.1264,135.53,257.507,34105.74,10.2317,5005.6058
659.23,313.2661,223.27,39.5858,1994.57,508.6153,290.05,551.095,43131.23,12.9394,1425.5016
317.34,150.8,1930.82,342.3344,1293.46,329.8323,452.68,860.092,42608.53,12.7826,1695.8413
2940.81,1397.4729,372.51,66.046,648.05,165.2527,381.91,725.629,48734.84,14.6205,2369.0211
9650.37,4585.8558,92.59,16.4162,1446.94,368.9697,345.31,656.089,7874.55,2.3624,5629.6931
1410.35,670.1983,772.55,136.9731,1508.62,384.6981,286.09,543.571,10848.5,3.2545,1738.695
9173.53,4359.2615,1230.0,218.079,1393.65,355.3808,339.55,645.145,12176.77,3.653,5581.5193
8232.23,3911.9557,1990.97,352.999,777.11,198.163,490.91,932.729,49224.07,14.7672,5410.6139
2894.35,1375.3951,1802.11,319.5141,834.5,212.7975,203.81,387.239,5864.06,1.7592,2296.7049
9083.89,4316.6645,360.32,63.8847,1009.3,257.3715,466.01,885.419,34113.28,10.234,5533.5737
9295.83,4417.3784,1379.52,244.5889,70.65,18.0158,321.03,609.957,14924.56,4.4774,5294.4175
6219.76,2955.63,61.26,10.8614,54.38,13.8669,448.94,852.986,3040.7,0.9122,3834.2565
1972.52,937.3415,152.98,27.1234,39.42,10.0521,119.47,226.993,22381.46,6.7144,1208.2244
7922.21,3764.6342,629.57,111.6228,875.34,223.2117,424.49,806.531,5673.77,1.7021,4907.7018
9503.44,4516.0347,1222.4,216.7315,34.26,8.7363,326.94,621.186,33238.91,9.9717,5372.6602
8062.32,3831.2145,1185.66,210.2175,833.24,212.4762,421.94,801.686,22570.28,6.7711,5062.3653
4527.51,2151.4728,501.3,88.8805,1895.73,483.4112,340.75,647.425,9031.17,2.7094,3373.8989
9040.51,4296.0504,1142.46,202.5582,1048.06,267.2553,430.51,817.969,23587.57,7.0763,5590.9092
3492.14,1659.4649,410.48,72.7781,107.95,27.5273,439.17,834.423,22815.23,6.8446,2601.0379
3138.0,1491.1776,1112.69,197.2799,453.14,115.5507,138.21,262.599,27612.6,8.2838,2074.891
2702.9,1284.4181,505.34,89.5968,918.2,234.141,421.12,800.128,27810.7,8.3432,2416.6271
3472.42,1650.094,1770.28,313.8706,238.29,60.764,246.1,467.59,7162.64,2.1488,2494.4674
2366.04,1124.3422,1625.1,288.1302,1260.31,321.3791,151.89,288.591,46771.87,14.0316,2036.4741
2169.73,1031.0557,1435.21,254.4627,733.1,186.9405,128.83,244.777,29341.3,8.8024,1726.0383
5138.83,2441.972,1436.65,254.718,498.96,127.2348,478.61,909.359,46093.29,13.828,3747.1118
5265.01,2501.9328,1375.49,243.8744,58.58,14.9379,215.7,409.83,34248.51,10.2746,3180.8497
4203.42,1997.4652,133.77,23.7174,942.1,240.2355,422.42,802.598,43529.6,13.0589,3077.075
6423.28,3052.3427,988.26,175.2185,919.48,234.4674,368.19,699.561,23981.71,7.1945,4168.7841
5714.08,2715.3308,1614.6,286.2686,1792.63,457.1207,282.59,536.921,26711.58,8.0135,4003.6546
7756.02,3685.6607,1924.21,341.1624,815.24,207.8862,253.49,481.631,45945.58,13.7837,4730.124
4635.39,2202.7373,1875.11,332.457,1604.71,409.2011,352.91,670.529,5636.72,1.691,3616.6154
6803.15,3232.8569,97.68,17.3187,1902.39,485.1095,74.69,141.911,8141.52,2.4425,3879.6386
5682.94,2700.5331,1559.77,276.5472,1719.8,438.549,470.78,894.482,29551.4,8.8654,4318.9767
6187.59,2940.3428,1286.0,228.0078,1565.37,399.1693,356.67,677.673,42164.64,12.6494,4257.8423
1071.1,508.9867,606.73,107.5732,1048.05,267.2527,381.01,723.919,32751.85,9.8256,1617.5572
4030.93,1915.4979,1219.48,216.2138,1720.84,438.8142,353.36,671.384,5762.87,1.7289,3243.6388
1579.96,750.797,41.1,7.287,418.19,106.6385,424.83,807.177,37726.92,11.3181,1683.2176
5512.52,2619.5495,1548.99,274.6359,929.57,237.0404,247.39,470.041,40896.72,12.269,3613.5358
8213.63,3903.117,668.02,118.4399,1596.25,407.0437,376.05,714.495,5991.31,1.7974,5144.893
9031.34,4291.6928,1971.52,349.5505,1500.31,382.579,174.0,330.6,9942.29,2.9827,5357.405
3409.41,1620.1516,216.07,38.3092,973.75,248.3063,465.32,884.108,30269.37,9.0808,2799.9559
3665.61,1741.8979,1184.37,209.9888,597.1,152.2605,407.61,774.459,25930.11,7.779,2886.3852
6495.15,3086.4953,858.64,152.2369,1291.24,329.2662,97.6,185.44,2572.81,0.7718,3754.2102
3762.76,1788.0636,1143.71,202.7798,98.34,25.0767,180.59,343.121,11342.71,3.4028,2362.4439
8411.04,3996.9262,305.9,54.2361,479.42,122.2521,475.04,902.576,28846.3,8.6539,5084.6443
1383.33,657.3584,1843.52,326.8561,1300.17,331.5434,338.97,644.043,44939.3,13.4818,1973.2827
4358.46,2071.1402,553.02,98.0504,1540.83,392.9117,218.65,415.435,4775.93,1.4328,2978.9701
6531.12,3103.5882,1258.79,223.1835,1743.54,444.6027,51.67,98.173,30181.41,9.0544,3878.6018
1548.81,735.9945,1345.49,238.5554,713.27,181.8838,180.68,343.292,42258.61,12.6776,1512.4033
7665.02,3642.4175,643.05,114.0128,578.87,147.6119,118.32,224.808,37007.74,11.1023,4139.9525
9713.61,4615.9075,1187.37,210.5207,1062.16,270.8508,464.76,883.044,25912.87,7.7739,5988.0969
275.78,131.0507,1618.27,286.9193,137.14,34.9707,98.0,186.2,38626.01,11.5878,650.7285
5220.62,2480.8386,1740.71,308.6279,863.57,220.2104,394.77,750.063,27124.6,8.1374,3767.8773
5031.15,2390.8025,1657.99,293.9616,1544.61,393.8755,245.38,466.222,18025.91,5.4078,3550.2694
7119.98,3383.4145,184.68,32.7438,602.87,153.7319,91.97,174.743,28704.44,8.6113,3753.2445
9637.21,4579.6022,987.83,175.1423,1925.0,490.875,477.88,907.972,18447.96,5.5344,6159.1259
3095.26,1470.8676,584.66,103.6602,563.45,143.6798,165.55,314.545,41201.68,12.3605,2045.1131
4015.91,1908.3604,1573.35,278.955,371.89,94.8319,54.74,104.006,40494.47,12.1483,2398.3016
3673.42,1745.6092,315.2,55.885,813.65,207.4808,340.09,646.171,37904.63,11.3714,2666.5174
6499.16,3088.4008,1912.19,339.0313,1038.95,264.9323,380.14,722.266,16133.19,4.84,4419.4704
9881.1,4695.4987,1347.38,238.8905,616.16,157.1208,139.13,264.347,2380.6,0.7142,5356.5712
5859.43,2784.4011,1496.79,265.3809,799.95,203.9873,424.87,807.253,37814.47,11.3443,4072.3666
1051.93,499.8771,1906.52,338.026,1257.29,320.6089,154.88,294.272,11234.99,3.3705,1456.1545
2246.66,1067.6128,1950.83,345.8822,136.66,34.8483,168.9,320.91,22665.21,6.7996,1776.0529
3482.85,1655.0503,628.55,111.4419,842.99,214.9625,491.16,933.204,33800.92,10.1403,2924.799
6283.45,2985.8954,1662.39,294.7417,1579.85,402.8617,170.28,323.532,23776.08,7.1328,4014.1636
621.19,295.1895,1401.92,248.5604,1413.8,360.519,344.85,655.215,34793.77,10.4381,1569.922
1392.69,661.8063,337.17,59.7802,226.78,57.8289,334.72,635.968,31728.07,9.5184,1424.9018
3133.47,1489.0249,1387.32,245.9718,1607.69,409.961,40.14,76.266,18070.18,5.4211,2226.6448
7780.81,3697.4409,603.65,107.0271,904.97,230.7674,428.66,814.454,49070.3,14.7211,4864.4105
5108.52,2427.5687,1526.07,270.5722,883.82,225.3741,373.32,709.308,2478.01,0.7434,3633.5664
6061.97,2880.6481,144.61,25.6394,796.68,203.1534,32.34,61.446,38957.48,11.6872,3182.5741
2803.03,1331.9999,310.92,55.1261,129.88,33.1194,428.28,813.732,34730.65,10.4192,2244.3966
6473.31,3076.1169,163.92,29.063,943.06,240.4803,168.86,320.834,48160.26,14.4481,3680.9423
7876.28,3742.8083,1989.39,352.7188,621.76,158.5488,453.66,861.954,10149.15,3.0447,5119.0746
5790.16,2751.484,1188.61,210.7406,1772.07,451.8778,345.99,657.381,10984.55,3.2954,4074.7788
7745.61,3680.7139,704.71,124.9451,1689.86,430.9143,198.27,376.713,36830.15,11.049,4624.3353
9423.31,4477.9569,224.56,39.8145,473.01,120.6175,140.69,267.311,35559.97,10.668,4916.3679
8095.83,3847.1384,271.81,48.1919,573.07,146.1329,57.84,109.896,46961.61,14.0885,4165.4477
9478.13,4504.0074,1012.0,179.4276,1882.36,480.0018,124.25,236.075,3782.32,1.1347,5400.6465
2008.26,954.3252,1857.04,329.2532,974.4,248.472,282.14,536.066,43556.77,13.067,2081.1834
3192.84,1517.2376,379.28,67.2463,1766.41,450.4346,419.27,796.613,13938.26,4.1815,2835.713
7351.32,3493.3473,267.87,47.4934,100.37,25.5944,37.11,70.509,16473.19,4.942,3641.8861
7432.32,3531.8385,123.86,21.9604,1227.91,313.1171,75.64,143.716,16445.63,4.9337,4015.5657
8899.67,4229.1232,1465.15,259.7711,296.04,75.4902,320.19,608.361,29577.23,8.8732,5181.6187
3925.99,1865.6304,1710.94,303.3497,1829.76,466.5888,79.03,150.157,40892.95,12.2679,2797.9938
6212.18,2952.0279,1707.4,302.722,1001.11,255.2831,441.69,839.211,17009.35,5.1028,4354.3468
475.41,225.9148,974.35,172.7523,955.81,243.7315,316.06,600.514,9933.18,2.98,1245.8926
6469.26,3074.1924,1718.09,304.6174,1165.8,297.279,282.71,537.149,45931.95,13.7796,4227.0174
9017.45,4285.0922,401.29,71.1487,179.72,45.8286,47.8,90.82,40743.78,12.2231,4505.1126
4781.64,2272.2353,1475.89,261.6753,917.08,233.8554,297.38,565.022,18597.73,5.5793,3338.3673
7204.04,3423.3598,518.06,91.852,592.61,151.1156,271.31,515.489,44893.64,13.4681,4195.2845
4037.4,1918.5725,1781.62,315.8812,1700.72,433.6836,173.11,328.909,38900.18,11.6701,3008.7164
8042.02,3821.5679,933.84,165.5698,1312.69,334.736,294.48,559.512,22254.05,6.6762,4888.0619
6696.37,3182.115,723.93,128.3528,1100.77,280.6963,118.19,224.561,45966.72,13.79,3829.5151
3246.91,1542.9316,1279.16,226.7951,1601.04,408.2652,358.53,681.207,36229.33,10.8688,2870.0677
647.22,307.5589,220.55,39.1035,171.39,43.7044,463.49,880.631,9958.65,2.9876,1273.9854
9652.7,4586.963,1429.15,253.3883,776.46,197.9973,308.06,585.314,17061.53,5.1185,5628.7811
5132.59,2439.0068,601.62,106.6672,1703.76,434.4588,334.6,635.74,10791.18,3.2374,3619.1102
9326.57,4431.9861,1796.18,318.4627,808.89,206.267,487.44,926.136,44411.95,13.3236,5896.1754
3050.48,1449.5881,109.82,19.4711,1514.43,386.1797,72.92,138.548,35768.53,10.7306,2004.5175
9315.62,4426.7826,1843.75,326.8969,1000.71,255.1811,474.84,902.196,38058.18,11.4175,5922.4741
1196.94,568.7859,251.13,44.5253,351.7,89.6835,217.67,413.573,27699.25,8.3098,1124.8775
2304.92,1095.298,294.62,52.2361,302.39,77.1094,154.02,292.638,16725.18,5.0176,1522.2991
2288.57,1087.5285,1031.46,182.8779,175.02,44.6301,108.96,207.024,16803.39,5.041,1527.1015
9142.19,4344.3687,191.49,33.9512,1643.77,419.1614,202.34,384.446,31824.33,9.5473,5191.4746
1846.15,877.2905,129.98,23.0455,227.85,58.1018,139.44,264.936,30238.94,9.0717,1232.4455
8244.2,3917.6438,638.66,113.2344,644.81,164.4265,284.38,540.322,11844.39,3.5533,4739.18
8671.28,4120.5923,107.88,19.1271,928.47,236.7599,66.01,125.419,16489.43,4.9468,4506.8451
8981.11,4267.8235,253.54,44.9526,237.66,60.6033,59.48,113.012,13163.12,3.9489,4490.3403
772.78,367.2251,1502.46,266.3862,671.9,171.3345,338.12,642.428,28984.86,8.6955,1456.0693
4964.69,2359.2207,303.35,53.784,310.36,79.1418,364.97,693.443,35464.82,10.6394,3196.2289
7741.09,3678.566,485.57,86.0916,1737.43,443.0447,49.25,93.575,43642.54,13.0928,4314.3701
2360.18,1121.5575,269.67,47.8125,360.41,91.9046,202.13,384.047,22059.8,6.6179,1651.9395
948.96,450.9458,917.94,162.7508,1620.01,413.1026,215.81,410.039,49140.24,14.7421,1451.5803
7366.3,3500.4658,1817.99,322.3296,1124.66,286.7883,123.53,234.707,34169.68,10.2509,4354.5416
7594.95,3609.1202,1149.02,203.7212,1244.2,317.271,64.17,121.923,4355.34,1.3066,4253.342
4605.26,2188.4196,966.6,171.3782,1406.01,358.5326,238.06,452.314,48168.56,14.4506,3185.095
9651.89,4586.5781,749.94,132.9644,1202.95,306.7523,76.69,145.711,3826.36,1.1479,5173.1537
6577.86,3125.7991,49.68,8.8083,1978.43,504.4997,489.29,929.651,43640.86,13.0923,4581.8504
4290.87,2039.0214,267.67,47.4579,1891.36,482.2968,362.83,689.377,38161.39,11.4484,3269.6015
1269.17,603.1096,726.74,128.851,325.9,83.1045,214.87,408.253,49253.04,14.7759,1238.094
7129.31,3387.8481,1088.39,192.9715,239.07,60.9628,55.95,106.305,31257.8,9.3773,3757.4647
7458.72,3544.3837,1170.01,207.4428,1520.91,387.8321,207.79,394.801,31297.0,9.3891,4543.8487
8176.68,3885.5583,332.08,58.8778,320.49,81.725,164.13,311.847,35861.97,10.7586,4348.7667
1614.15,767.0441,335.73,59.5249,1543.59,393.6155,63.93,121.467,31682.54,9.5048,1351.1563
288.46,137.0762,1310.46,232.3446,850.4,216.852,239.96,455.924,48086.11,14.4258,1056.6226
3896.44,1851.5883,547.75,97.1161,1719.57,438.4903,62.47,118.693,35721.38,10.7164,2516.6041
2777.11,1319.6827,955.58,169.4243,24.45,6.2348,90.7,172.33,48204.14,14.4612,1682.133
5515.93,2621.1699,1384.11,245.4027,897.04,228.7452,435.97,828.343,18451.66,5.5355,3929.1963
4581.52,2177.1383,817.92,145.0172,752.82,191.9691,204.36,388.284,6740.48,2.0221,2904.4307
3625.08,1722.638,679.32,120.4434,546.77,139.4263,75.61,143.659,12337.39,3.7012,2129.8679
466.78,221.8139,718.4,127.3723,753.37,192.1094,34.58,65.702,44600.32,13.3801,620.3777
7431.73,3531.5581,720.01,127.6578,1479.55,377.2853,57.31,108.889,18780.69,5.6342,4151.0244
7047.92,3349.1716,1891.17,335.3044,1270.63,324.0107,254.06,482.714,46217.13,13.8651,4505.0658
4626.39,2198.4605,1984.4,351.8341,1956.37,498.8743,46.93,89.167,13529.47,4.0588,3142.3947
7357.84,3496.4456,1484.41,263.1859,1792.87,457.1818,239.86,455.734,27475.86,8.2428,4680.7901
3890.71,1848.8654,1147.87,203.5174,1656.3,422.3565,102.7,195.13,22291.98,6.6876,2676.5569
5623.44,2672.2587,1484.91,263.2745,1670.72,426.0336,398.43,757.017,49786.28,14.9359,4133.5197
6217.25,2954.4372,1337.02,237.0536,189.28,48.2664,71.49,135.831,17155.38,5.1466,3380.7348
4846.45,2303.033,1938.15,343.634,1391.86,354.9243,470.49,893.931,22121.93,6.6366,3902.1589
4952.62,2353.485,86.61,15.356,1247.57,318.1303,36.65,69.635,7798.75,2.3396,2758.9459
7311.66,3474.5008,1152.4,204.3205,1245.07,317.4928,312.79,594.301,17804.03,5.3412,4595.9563
8475.48,4027.5481,1773.37,314.4185,307.21,78.3385,435.89,828.191,37981.84,11.3946,5259.8907
1894.12,900.0858,1791.5,317.633,1550.16,395.2908,365.32,694.108,32238.62,9.6716,2316.7892
9694.28,4606.7219,989.41,175.4224,1073.25,273.6787,167.28,317.832,25929.55,7.7789,5381.4339
7096.93,3372.4611,1177.54,208.7778,1547.22,394.5411,59.78,113.582,22265.07,6.6795,4096.0415
3204.89,1522.9637,1132.09,200.7196,1874.81,478.0765,102.01,193.819,11115.97,3.3348,2398.9136
4644.06,2206.8573,1338.21,237.2646,1656.66,422.4483,317.73,603.687,14377.58,4.3133,3474.5705
7464.1,3546.9403,1806.54,320.2995,619.34,157.9317,285.88,543.172,20893.64,6.2681,4574.6116
1575.45,748.6538,399.73,70.8721,786.2,200.481,135.05,256.595,37523.31,11.257,1287.8589
978.51,464.988,1585.94,281.1872,1135.89,289.652,208.89,396.891,48349.5,14.5048,1447.223
3394.62,1613.1234,1325.36,234.9863,945.56,241.1178,80.59,153.121,19976.86,5.9931,2248.3416
9648.81,4585.1145,354.23,62.805,1413.08,360.3354,370.68,704.292,4866.27,1.4599,5714.0068
6432.56,3056.7525,463.54,82.1856,1954.65,498.4358,251.87,478.553,26391.98,7.9176,4123.8445
2878.82,1368.0153,141.52,25.0915,1788.25,456.0038,87.24,165.756,44857.51,13.4573,2028.3239
4084.92,1941.154,1662.96,294.8428,1658.4,422.892,65.71,124.849,14917.43,4.4752,2788.213
4066.86,1932.5719,877.93,155.657,403.06,102.7803,57.54,109.326,41163.81,12.3491,2312.6843
8085.16,3842.068,938.26,166.3535,561.43,143.1646,158.13,300.447,6909.12,2.0727,4454.1058
2566.66,1219.6768,376.79,66.8049,1385.0,353.175,176.38,335.122,20797.66,6.2393,1981.018
8369.91,3977.3812,1892.49,335.5385,813.42,207.4221,297.11,564.509,42975.96,12.8928,5097.7436
1523.16,723.8056,704.21,124.8564,620.25,158.1637,208.95,397.005,37489.25,11.2468,1415.0775
800.61,380.4499,106.28,18.8434,949.08,242.0154,109.36,207.784,4418.55,1.3256,850.4183
6915.31,3286.1553,1143.57,202.755,1618.55,412.7303,53.36,101.384,13509.99,4.053,4007.0776
8088.52,3843.6647,1673.1,296.6406,389.9,99.4245,113.4,215.46,26845.04,8.0535,4463.2433
3002.01,1426.5552,1094.29,194.0176,209.98,53.5449,404.93,769.367,2178.54,0.6536,2444.1383
873.41,415.0444,292.12,51.7929,1673.62,426.7731,229.46,435.974,7780.25,2.3341,1331.9185
6175.15,2934.4313,1353.9,240.0465,924.63,235.7807,293.63,557.897,6239.15,1.8717,3970.0272
4957.44,2355.7755,1087.5,192.8138,1014.79,258.7715,61.88,117.572,33824.49,10.1473,2935.0801
2744.25,1304.0676,1214.68,215.3628,1933.81,493.1216,133.85,254.315,18311.56,5.4935,2272.3605
8603.19,4088.2359,1659.79,294.2808,1150.59,293.4004,107.04,203.376,10985.08,3.2955,4882.5886
1853.73,880.8925,777.49,137.849,1660.76,423.4938,371.96,706.724,33452.99,10.0359,2158.9952
2353.94,1118.5923,1743.39,309.103,1856.93,473.5172,116.96,222.224,9277.18,2.7832,2126.2197
5811.22,2761.4917,1031.58,182.8991,223.91,57.0971,83.41,158.479,45749.07,13.7247,3173.6916
2827.27,1343.5187,1696.67,300.8196,973.62,248.2731,379.83,721.677,26361.04,7.9083,2622.1967
1365.62,648.9426,18.22,3.2304,1378.15,351.4283,25.92,49.248,35205.98,10.5618,1063.4111
515.82,245.1177,1406.98,249.4576,1136.68,289.8534,171.68,326.192,38877.11,11.6631,1122.2838
7716.15,3666.7145,1843.2,326.7994,832.93,212.3971,161.4,306.66,46844.35,14.0533,4526.6243
5553.98,2639.2513,1613.71,286.1108,1014.88,258.7944,83.17,158.023,24913.29,7.474,3349.6535
1354.45,643.6346,868.66,154.0134,1162.76,296.5038,38.42,72.998,38656.21,11.5969,1178.7467
7405.07,3518.8893,461.32,81.792,1068.16,272.3808,114.13,216.847,3642.85,1.0929,4091.002
7626.52,3624.1223,1421.69,252.0656,1133.95,289.1573,167.75,318.725,29463.89,8.8392,4492.9094
7328.87,3482.679,1917.65,339.9993,394.1,100.4955,247.17,469.623,25123.54,7.5371,4400.3339
9214.14,4378.5593,1401.44,248.4753,1089.24,277.7562,348.6,662.34,7953.98,2.3862,5569.517
2322.04,1103.4334,272.21,48.2628,1356.05,345.7928,353.27,671.213,22447.98,6.7344,2175.4364
6554.49,3114.6936,269.82,47.8391,1512.33,385.6441,246.74,468.806,31669.62,9.5009,4026.4837
6039.02,2869.7423,1510.51,267.8134,1308.64,333.7032,131.47,249.793,45227.3,13.5682,3734.6201
2355.61,1119.3859,89.39,15.8488,1066.72,272.0136,364.82,693.158,46334.55,13.9004,2114.3067
7250.85,3445.6039,701.54,124.383,108.26,27.6063,198.25,376.675,21941.07,6.5823,3980.8505
7770.49,3692.5368,732.57,129.8847,260.9,66.5295,106.05,201.495,42132.23,12.6397,4103.0857
8622.3,4097.317,31.99,5.6718,690.76,176.1438,227.48,432.212,44099.19,13.2298,4724.5744
7483.52,3556.1687,530.19,94.0027,398.43,101.5996,402.52,764.788,1304.58,0.3914,4516.9504
7744.82,3680.3385,1089.7,193.2038,1160.23,295.8587,302.13,574.047,30053.96,9.0162,4752.4642
2682.81,1274.8713,119.07,21.1111,713.34,181.9017,108.73,206.587,6602.56,1.9808,1686.4519
3506.43,1666.2555,1004.67,178.128,1804.99,460.2724,433.11,822.909,2404.59,0.7214,3128.2863
7794.8,3704.089,1565.73,277.6039,1992.94,508.1997,173.29,329.251,29921.01,8.9763,4828.1199
1519.78,722.1995,295.98,52.4773,1032.12,263.1906,176.29,334.951,49662.88,14.8989,1387.7173
3012.6,1431.5875,1882.88,333.8346,1323.41,337.4696,326.83,620.977,21694.7,6.5084,2730.3771
3988.14,1895.1641,1704.19,302.1529,1398.19,356.5385,288.02,547.238,14712.19,4.4137,3105.5072
4491.07,2134.1565,527.31,93.4921,190.58,48.5979,216.48,411.312,19661.35,5.8984,2693.4569
2209.84,1050.116,1952.54,346.1853,862.65,219.9758,343.11,651.909,38732.38,11.6197,2279.8058
4058.29,1928.4994,737.24,130.7127,1908.25,486.6037,294.7,559.93,7819.95,2.346,3108.0918
2384.97,1133.3377,606.59,107.5484,1484.63,378.5807,308.64,586.416,46962.4,14.0887,2219.9715
1270.8,603.8842,519.82,92.1641,649.36,165.5868,325.43,618.317,20534.7,6.1604,1486.1125
9333.08,4435.0796,317.79,56.3442,316.63,80.7407,87.8,166.82,27000.16,8.1,4747.0845
4309.51,2047.8792,1411.3,250.2235,647.27,165.0539,308.79,586.701,44935.16,13.4805,3063.3381
2983.78,1417.8923,1093.5,193.8776,227.35,57.9742,240.31,456.589,13711.66,4.1135,2130.4466
8237.5,3914.46,344.58,61.094,355.17,90.5684,399.44,758.936,26450.93,7.9353,4832.9937
4116.34,1956.0848,1745.0,309.3885,1220.98,311.3499,290.73,552.387,25694.69,7.7084,3136.9186
6174.53,2934.1367,729.95,129.4201,1700.59,433.6504,188.91,358.929,5256.07,1.5768,3857.713
2179.22,1035.5653,1961.43,347.7615,276.89,70.6069,45.2,85.88,1967.41,0.5902,1540.4039
8714.88,4141.311,835.02,148.049,54.61,13.9255,423.29,804.251,11597.8,3.4793,5111.0158
8827.52,4194.8375,367.01,65.0709,633.39,161.5145,138.68,263.492,32704.58,9.8114,4694.7263
3495.5,1661.0616,175.43,31.1037,1687.83,430.3966,345.54,656.526,15595.81,4.6787,2783.7666
3166.12,1504.5402,737.69,130.7924,1388.88,354.1644,243.58,462.802,23350.29,7.0051,2459.3041
594.83,282.6632,1429.12,253.383,123.78,31.5639,120.01,228.019,33254.4,9.9763,805.6054
4308.57,2047.4325,1291.76,229.029,1338.4,341.292,386.9,735.11,8370.7,2.5112,3355.3747
3933.3,1869.1042,607.88,107.7771,680.31,173.4791,236.61,449.559,13361.81,4.0085,2603.9279
8198.93,3896.1315,838.7,148.7015,79.98,20.3949,85.36,162.184,12943.35,3.883,4231.2949
6421.67,3051.5776,263.84,46.7788,603.87,153.9869,476.16,904.704,31149.23,9.3448,4166.3921
4939.91,2347.4452,255.36,45.2753,677.68,172.8084,366.28,695.932,26678.07,8.0034,3269.4643
8557.4,4066.4765,366.42,64.9663,1952.29,497.834,283.44,538.536,25502.13,7.6506,5175.4634
8752.44,4159.1595,735.71,130.4414,58.36,14.8818,120.23,228.437,12068.93,3.6207,4536.5404
5844.68,2777.3919,877.51,155.5825,1677.71,427.8161,155.08,294.652,1378.99,0.4137,3655.8562
2534.11,1204.2091,477.34,84.6324,984.46,251.0373,453.42,861.498,34277.9,10.2834,2411.6602
725.16,344.596,474.22,84.0792,1939.37,494.5393,57.92,110.048,47506.4,14.2519,1047.5144
6215.94,2953.8147,453.68,80.4375,987.35,251.7743,148.85,282.815,37083.61,11.1251,3579.9666
8083.03,3841.0559,699.69,124.055,612.63,156.2207,299.89,569.791,29543.44,8.863,4699.9856
3805.18,1808.2215,797.55,141.4056,1447.54,369.1227,250.22,475.418,12932.65,3.8798,2798.0476
6229.52,2960.2679,245.71,43.5644,1171.52,298.7376,269.89,512.791,41882.25,12.5647,3827.9256
3821.03,1815.7535,1403.17,248.782,33.81,8.6216,112.71,214.149,24395.46,7.3186,2294.6247
3667.95,1743.0098,1984.54,351.8589,852.42,217.3671,71.08,135.052,41634.34,12.4903,2459.7781
1791.77,851.4491,1113.1,197.3526,1252.85,319.4767,99.05,188.195,16272.06,4.8816,1561.355
4550.66,2162.4736,107.94,19.1378,330.7,84.3285,484.28,920.132,48494.52,14.5484,3200.6203
8576.13,4075.377,291.74,51.7255,871.68,222.2784,376.77,715.863,7739.67,2.3219,5067.5658
438.12,208.1946,729.38,129.3191,184.23,46.9786,111.67,212.173,38832.53,11.6498,608.3151
780.04,370.675,1926.65,341.595,1477.03,376.6427,220.55,419.045,49012.98,14.7039,1522.6616
4118.29,1957.0114,1659.65,294.2559,536.86,136.8993,152.9,290.51,28167.77,8.4503,2687.1269
9542.33,4534.5152,1653.11,293.0964,1872.1,477.3855,82.25,156.275,19747.38,5.9242,5467.1963
7441.55,3536.2246,1990.04,352.8341,711.64,181.4682,92.31,175.389,7594.3,2.2783,4248.1942
7571.05,3597.763,1980.28,351.1036,1024.9,261.3495,65.26,123.994,40659.5,12.1978,4346.4079
999.63,475.0242,803.46,142.4535,624.57,159.2654,432.44,821.636,21403.88,6.4212,1604.8003
6591.7,3132.3758,1552.0,275.1696,1277.9,325.8645,62.81,119.339,43275.68,12.9827,3865.7316
9635.24,4578.666,336.79,59.7129,1206.67,307.7009,333.06,632.814,23840.5,7.1521,5586.0459
5550.67,2637.6784,149.58,26.5205,1235.19,314.9735,452.09,858.971,6546.65,1.964,3840.1074
7909.04,3758.3758,488.8,86.6642,1746.88,445.4544,244.81,465.139,19642.44,5.8927,4761.5261
5252.78,2496.1211,555.77,98.538,1533.91,391.1471,332.63,631.997,22325.58,6.6977,3624.5009
2781.71,1321.8686,1904.09,337.5952,181.14,46.1907,57.24,108.756,47134.22,14.1403,1828.5508
9461.98,4496.3329,858.48,152.2085,1497.14,381.7707,279.19,530.461,49544.12,14.8632,5575.6363
6457.08,3068.4044,1419.92,251.7518,1523.15,388.4033,56.47,107.293,47092.09,14.1276,3829.9801
4163.9,1978.6853,1708.83,302.9756,882.32,224.9916,209.89,398.791,39186.04,11.7558,2917.1993
238.52,113.3447,822.81,145.8842,700.11,178.5281,40.05,76.095,13691.34,4.1074,517.9594
4414.5,2097.7704,1988.83,352.6196,1552.03,395.7677,421.91,801.629,37307.86,11.1924,3658.9791
4134.79,1964.8522,982.18,174.1405,75.69,19.301,286.11,543.609,2879.99,0.864,2702.7667
2249.5,1068.9624,345.0,61.1685,1172.5,298.9875,244.06,463.714,19537.35,5.8612,1898.6936
2107.58,1001.522,654.58,116.057,1381.07,352.1728,98.72,187.568,3400.05,1.02,1658.3398
509.44,242.0859,1208.15,214.205,59.99,15.2975,94.44,179.436,30312.21,9.0937,660.1181
7691.07,3654.7965,1287.35,228.2472,622.36,158.7018,353.36,671.384,18540.58,5.5622,4718.6917
788.94,374.9043,1510.59,267.8276,1577.08,402.1554,279.92,531.848,1721.61,0.5165,1577.2518
7110.92,3379.1092,393.6,69.7853,1416.1,361.1055,495.42,941.298,34092.95,10.2279,4761.5259
9375.14,4455.0665,834.69,147.9905,1917.34,488.9217,34.98,66.462,4428.94,1.3287,5159.7694
4020.14,1910.3705,928.34,164.5947,1770.86,451.5693,129.14,245.366,27605.6,8.2817,2780.1822
1356.91,644.8036,984.88,174.6192,1787.4,455.787,7.4,14.06,32750.04,9.825,1299.0948
2774.26,1318.3284,751.4,133.2232,1126.63,287.2907,460.3,874.57,44122.84,13.2369,2626.6492
786.17,373.588,1883.57,333.957,30.19,7.6985,124.94,237.386,21876.69,6.563,959.1925
4944.85,2349.7927,581.09,103.0273,1473.12,375.6456,33.09,62.871,34232.34,10.2697,2901.6063
7339.05,3487.5166,1081.68,191.7819,605.83,154.4867,171.28,325.432,24996.94,7.4991,4166.7163
5416.7,2574.0158,1489.82,264.1451,280.19,71.4484,68.9,130.91,31431.22,9.4294,3049.9487
4973.46,2363.3882,530.03,93.9743,589.65,150.3607,221.69,421.211,48171.98,14.4516,3043.3858
620.67,294.9424,1253.94,222.3236,1938.82,494.3991,117.15,222.585,10950.39,3.2851,1237.5352
7603.56,3613.2117,847.28,150.2227,897.46,228.8523,8.12,15.428,5657.35,1.6972,4009.4119
5468.89,2598.8165,852.6,151.166,361.33,92.1392,110.16,209.304,46279.59,13.8839,3065.3096
7708.72,3663.1837,1573.09,278.9089,1945.38,496.0719,6.61,12.559,34470.21,10.3411,4461.0646
2329.11,1106.7931,1532.1,271.6413,646.08,164.7504,117.1,222.49,44237.3,13.2712,1778.946
5211.51,2476.5096,800.13,141.863,941.87,240.1769,49.87,94.753,44901.39,13.4704,2966.7729
2524.1,1199.4523,79.41,14.0794,1301.72,331.9386,139.08,264.252,4417.72,1.3253,1811.0476
1558.55,740.623,918.5,162.8501,1215.84,310.0392,496.01,942.419,3034.32,0.9103,2156.8416
4162.52,1978.0295,1713.75,303.8479,1947.71,496.6661,429.88,816.772,21445.85,6.4338,3601.7493
8934.68,4245.7599,1157.72,205.2638,66.97,17.0773,224.69,426.911,44430.94,13.3293,4908.3413
5834.34,2772.4784,1870.69,331.6733,1597.95,407.4773,441.15,838.185,14303.51,4.2911,4354.1051
8847.59,4204.3748,935.13,165.7985,1869.25,476.6587,101.03,191.957,41800.09,12.54,5051.329
4864.64,2311.6769,559.1,99.1284,1716.7,437.7585,72.97,138.643,21577.62,6.4733,2993.6801
853.46,405.5642,1537.83,272.6573,249.59,63.6455,75.53,143.507,2992.57,0.8978,886.2718
5350.52,2542.5671,228.54,40.5201,1173.2,299.166,381.68,725.192,20622.54,6.1868,3613.632
6664.16,3166.8088,164.24,29.1198,970.45,247.4648,383.36,728.384,46690.05,14.007,4185.7844
2609.22,1239.9013,1914.13,339.3752,1758.98,448.5399,269.72,512.468,12932.07,3.8796,2544.164
2343.21,1113.4934,1388.75,246.2254,937.79,239.1364,253.68,481.992,38943.5,11.683,2092.5302
7053.6,3351.8707,1521.77,269.8098,1700.81,433.7065,125.06,237.614,36069.43,10.8208,4303.8218
2593.67,1232.512,461.44,81.8133,998.35,254.5793,339.35,644.765,22973.16,6.8919,2220.5615
2453.01,1165.6704,651.34,115.4826,879.53,224.2801,186.59,354.521,28735.87,8.6208,1868.5749
2665.03,1266.4223,1606.12,284.7651,1428.25,364.2038,404.96,769.424,3660.67,1.0982,2685.9134
2810.92,1335.7492,1126.65,199.755,893.47,227.8349,9.57,18.183,48878.01,14.6634,1796.1855
1735.59,824.7524,1032.17,183.0037,1172.1,298.8855,45.78,86.982,37240.14,11.172,1404.7956
8979.3,4266.9634,342.84,60.7855,1308.46,333.6573,337.34,640.946,2499.08,0.7497,5303.1019
5848.98,2779.4353,88.36,15.6662,1282.41,327.0146,86.68,164.692,16312.36,4.8937,3291.7018
4079.95,1938.7922,404.19,71.6629,1256.63,320.4407,361.2,686.28,1632.82,0.4898,3017.6656
6297.58,2992.61,184.64,32.7367,1286.1,327.9555,80.69,153.311,5932.54,1.7798,3508.393
7764.64,3689.7569,1256.42,222.7633,1105.44,281.8872,294.36,559.284,23124.96,6.9375,4760.6289
7527.45,3577.0442,1690.17,299.6671,180.99,46.1525,5.32,10.108,10477.23,3.1432,3936.115
4691.74,2229.5148,1963.02,348.0434,1175.71,299.8061,278.64,529.416,47662.65,14.2988,3421.0791
211.21,100.367,19.7,3.4928,340.51,86.83,178.99,340.081,9358.86,2.8077,533.5785
6013.7,2857.7102,702.84,124.6135,1999.73,509.9312,306.73,582.787,25291.35,7.5874,4082.6293
7335.14,3485.6585,1124.83,199.4324,525.68,134.0484,497.58,945.402,18284.94,5.4855,4770.0268
8380.84,3982.5752,1541.79,273.3594,517.54,131.9727,295.93,562.267,29054.19,8.7163,4958.8906
2124.49,1009.5576,36.57,6.4839,1023.54,261.0027,391.34,743.546,16996.01,5.0988,2025.689
8939.26,4247.9364,1367.27,242.417,520.25,132.6637,36.03,68.457,8773.77,2.6321,4694.1062
9934.47,4720.8601,1371.84,243.2272,323.04,82.3752,322.01,611.819,49674.56,14.9024,5673.1839
5508.46,2617.6202,581.19,103.045,747.69,190.661,420.57,799.083,26354.35,7.9063,3718.3155
9164.79,4355.1082,1481.5,262.67,785.02,200.1801,445.65,846.735,44213.41,13.264,5677.9573
8408.61,3995.7715,1316.1,233.3445,1830.74,466.8387,493.01,936.719,44432.76,13.3298,5646.0035
1552.66,737.824,56.26,9.9749,79.85,20.3617,499.46,948.974,24948.94,7.4847,1724.6193
9562.51,4544.1048,940.27,166.7099,456.16,116.3208,184.36,350.284,25592.53,7.6778,5185.0973
9972.23,4738.8037,849.7,150.6518,853.71,217.6961,279.86,531.734,36056.32,10.8169,5649.7025
5104.17,2425.5016,512.13,90.8006,1547.51,394.615,413.96,786.524,17977.21,5.3932,3702.8344
9204.98,4374.2065,1427.01,253.0089,1137.3,290.0115,135.55,257.545,16242.4,4.8727,5179.6446
1850.53,879.3719,757.57,134.3172,190.26,48.5163,200.77,381.463,15255.18,4.5766,1448.245
4514.05,2145.0766,966.73,171.4012,672.01,171.3625,433.62,823.878,37801.61,11.3405,3323.0588
6102.5,2899.908,591.98,104.9581,1405.44,358.3872,163.39,310.441,22472.26,6.7417,3680.436
2622.58,1246.25,1629.62,288.9316,432.38,110.2569,308.54,586.226,27669.74,8.3009,2239.9654
378.37,179.8014,550.45,97.5948,912.7,232.7385,389.89,740.791,3121.22,0.9364,1251.8621
443.14,210.5801,164.04,29.0843,1455.25,371.0888,91.01,172.919,17387.78,5.2163,788.8885
3566.97,1695.0241,1322.16,234.419,1627.01,414.8876,297.86,565.934,20401.99,6.1206,2916.3853
4737.05,2251.0462,1689.64,299.5732,107.84,27.4992,367.97,699.143,34235.15,10.2705,3287.5321
3596.99,1709.2896,540.66,95.859,1722.23,439.1687,434.52,825.588,29061.08,8.7183,3078.6236
5961.22,2832.7717,1616.21,286.554,1506.17,384.0734,248.44,472.036,42771.73,12.8315,3988.2666
8102.8,3850.4506,997.67,176.8869,1836.16,468.2208,61.57,116.983,14442.82,4.3328,4616.8741
6031.5,2866.1688,79.72,14.1344,1722.25,439.1737,16.53,31.407,19017.92,5.7054,3356.5893
8332.26,3959.49,302.98,53.7184,1916.66,488.7483,352.09,668.971,21495.12,6.4485,5177.3762
6230.9,2960.9237,1972.46,349.7172,1090.98,278.1999,441.66,839.154,8548.63,2.5646,4430.5594
4599.42,2185.6444,1106.15,196.1204,82.62,21.0681,354.05,672.695,25818.2,7.7455,3083.2734
475.07,225.7533,935.43,165.8517,126.64,32.2932,415.8,790.02,47077.26,14.1232,1228.0414
2022.13,960.9162,497.94,88.2848,1323.16,337.4058,167.35,317.965,6019.26,1.8058,1706.3776
1853.04,880.5646,1012.47,179.5109,865.85,220.7918,280.76,533.444,31007.82,9.3023,1823.6136
7518.92,3572.9908,705.14,125.0213,36.86,9.3993,259.35,492.765,30218.57,9.0656,4209.242
3395.79,1613.6794,760.22,134.787,256.8,65.484,298.32,566.808,27425.66,8.2277,2388.9861
874.48,415.5529,1788.65,317.1276,486.58,124.0779,248.36,471.884,46663.74,13.9991,1342.6415
5838.22,2774.3221,1427.66,253.1241,127.26,32.4513,272.98,518.662,39315.38,11.7946,3590.3541
4672.89,2220.5573,685.29,121.5019,845.18,215.5209,150.28,285.532,31840.31,9.5521,2852.6642
2377.87,1129.9638,1961.18,347.7172,1256.31,320.359,406.6,772.54,37969.55,11.3909,2581.9709
4338.35,2061.5839,1971.73,349.5877,205.56,52.4178,441.35,838.565,35090.29,10.5271,3312.6815
8158.82,3877.0713,208.32,36.9351,184.86,47.1393,49.33,93.727,30467.49,9.1402,4064.0129
7094.42,3371.2684,988.19,175.2061,376.52,96.0126,496.55,943.445,7724.08,2.3172,4588.2493
2911.35,1383.4735,1137.16,201.6185,1203.5,306.8925,56.27,106.913,46813.43,14.044,2012.9415
1584.4,752.9069,1815.97,321.9715,521.39,132.9545,177.73,337.687,49635.91,14.8908,1560.4107
5580.82,2652.0057,20.53,3.64,1360.68,346.9734,467.15,887.585,47982.07,14.3946,3904.5987
5333.99,2534.712,202.65,35.9298,1437.54,366.5727,475.81,904.039,41220.21,12.3661,3853.6196
253.46,120.4442,1306.21,231.591,1350.23,344.3087,77.01,146.319,37824.97,11.3475,854.0104
4619.54,2195.2054,1208.69,214.3007,1087.04,277.1952,468.18,889.542,7092.47,2.1277,3578.371
7006.4,3329.4413,1453.21,257.6541,466.27,118.8988,40.51,76.969,21341.25,6.4024,3789.3656
2468.64,1173.0977,31.67,5.6151,769.11,196.1231,334.61,635.759,13163.03,3.9489,2014.5438
5314.69,2525.5407,1249.21,221.4849,1030.68,262.8234,24.3,46.17,46102.01,13.8306,3069.8496
6192.84,2942.8376,341.86,60.6118,1478.76,377.0838,107.03,203.357,19339.05,5.8017,3589.6919
6334.34,3010.0784,330.06,58.5196,727.93,185.6221,33.72,64.068,21284.35,6.3853,3324.6734
8366.02,3975.5327,1995.76,353.8482,264.6,67.473,121.11,230.109,29587.92,8.8764,4635.8393
533.65,253.5905,912.73,161.827,1554.5,396.3975,413.28,785.232,42947.03,12.8841,1609.9311
3332.45,1583.5802,1665.63,295.3162,1305.27,332.8438,435.05,826.595,34672.06,10.4016,3048.7368
3945.82,1875.0537,488.36,86.5862,1809.0,461.295,97.39,185.041,13933.45,4.18,2612.1559
6042.77,2871.5243,1762.98,312.5764,1885.17,480.7184,370.65,704.235,37707.76,11.3123,4380.3664
7233.42,3437.3212,1233.55,218.7084,712.65,181.7258,460.67,875.273,17456.36,5.2369,4718.2653
2503.93,1189.8675,361.52,64.0975,747.88,190.7094,461.3,876.47,23903.74,7.1711,2328.3155
9998.41,4751.2444,676.65,119.97,1666.36,424.9218,66.56,126.464,10981.35,3.2944,5425.8946
8567.71,4071.3758,1468.92,260.4395,179.99,45.8975,13.65,25.935,32250.37,9.6751,4413.3229
3561.71,1692.5246,462.53,82.0066,1538.46,392.3073,143.69,273.011,34394.74,10.3184,2450.1679
2983.18,1417.6071,701.2,124.3228,1336.99,340.9325,308.95,587.005,28882.71,8.6648,2478.5322
4643.96,2206.8098,1893.09,335.6449,1254.05,319.7828,180.94,343.786,23919.01,7.1757,3213.1992
5132.78,2439.0971,1070.05,189.7199,86.62,22.0881,473.78,900.182,46041.35,13.8124,3564.8995
8704.0,4136.1408,1976.99,350.5203,773.1,197.1405,175.61,333.659,12617.88,3.7854,5021.246
1858.6,883.2067,1633.43,289.6071,945.29,241.0489,321.37,610.603,48363.73,14.5091,2038.9748
4846.16,2302.8952,412.66,73.1646,1874.42,477.9771,445.87,847.153,35038.21,10.5115,3711.7014
4350.56,2067.3861,600.49,106.4669,1631.54,416.0427,185.82,353.058,23188.3,6.9565,2949.9102
2587.74,1229.694,447.55,79.3506,394.41,100.5746,198.99,378.081,40774.75,12.2324,1799.9326
6997.28,3325.1075,862.77,152.9691,1464.46,373.4373,268.11,509.409,33538.14,10.0614,4370.9843
6349.75,3017.4012,614.48,108.9473,1561.78,398.2539,173.31,329.289,27440.57,8.2322,3862.1236
3197.29,1519.3522,346.91,61.5071,1240.88,316.4244,359.54,683.126,21256.35,6.3769,2586.7866
350.74,166.6716,979.94,173.7434,684.42,174.5271,484.92,921.348,13546.62,4.064,1440.3541
9826.76,4669.6764,319.94,56.7254,789.71,201.3761,240.62,457.178,41962.19,12.5887,5397.5446
9414.42,4473.7324,1024.33,181.6137,1931.57,492.5503,16.38,31.122,13974.78,4.1924,5183.2108
8121.03,3859.1135,1160.7,205.7921,668.45,170.4548,231.27,439.413,35468.9,10.6407,4685.4141
6073.96,2886.3458,1355.28,240.2911,1307.56,333.4278,226.2,429.78,38091.6,11.4275,3901.2722
8294.5,3941.5464,720.99,127.8315,1899.26,484.3113,387.83,736.877,3176.69,0.953,5291.5192
8571.8,4073.3194,1659.3,294.1939,334.43,85.2797,497.53,945.307,45890.64,13.7672,5411.8672
1503.48,714.4537,688.22,122.0214,1054.78,268.9689,260.69,495.311,39953.55,11.9861,1612.7411
9230.29,4386.2338,998.06,176.956,130.94,33.3897,294.79,560.101,42596.13,12.7788,5169.4593
1314.65,624.7217,28.28,5.014,922.18,235.1559,293.61,557.859,1462.46,0.4387,1423.1893
6518.14,3097.4201,602.2,106.7701,619.61,158.0006,239.31,454.689,38037.24,11.4112,3828.291
9236.59,4389.2276,1101.58,195.3101,1997.61,509.3905,460.77,875.463,5686.0,1.7058,5971.097
4765.9,2264.7557,850.22,150.744,1854.4,472.872,329.08,625.252,30970.92,9.2913,3522.915
2338.97,1111.4785,1922.3,340.8238,482.47,123.0299,274.41,521.379,19557.85,5.8674,2102.5786
9885.27,4697.4803,487.52,86.4373,1792.91,457.1921,44.2,83.98,38174.64,11.4524,5336.5421
9249.34,4395.2864,1802.31,319.5496,1392.6,355.113,346.29,657.951,3682.44,1.1047,5729.0047
7786.43,3700.1115,1670.27,296.1389,481.05,122.6677,347.26,659.794,16915.15,5.0745,4783.7866
7697.35,3657.7807,435.89,77.2833,840.37,214.2944,217.04,412.376,32230.03,9.669,4371.4034
9091.13,4320.105,82.9,14.6982,1392.52,355.0926,165.89,315.191,38721.5,11.6164,5016.7032
4115.6,1955.7331,619.32,109.8054,663.99,169.3175,225.13,427.747,22350.17,6.7051,2669.3081
587.97,279.4033,1528.02,270.9179,1723.23,439.4237,257.34,488.946,6464.83,1.9394,1480.6303
5807.18,2759.5719,696.03,123.4061,1548.01,394.7425,427.99,813.181,49940.06,14.982,4105.8835
6868.9,3264.1013,528.29,93.6658,1724.62,439.7781,117.32,222.908,44001.68,13.2005,4033.6537
6415.91,3048.8404,1971.18,349.4902,204.98,52.2699,188.68,358.492,27528.21,8.2585,3817.351
6263.03,2976.1919,875.78,155.2758,1532.13,390.6932,172.81,328.339,20345.89,6.1038,3856.6037
6746.6,3205.9843,1124.84,199.4341,1907.34,486.3717,238.0,452.2,41476.83,12.443,4356.4331
9827.49,4670.0232,991.75,175.8373,1342.34,342.2967,493.46,937.574,46223.73,13.8671,6139.5983
4725.98,2245.7857,564.29,100.0486,939.8,239.649,206.8,392.92,39944.42,11.9833,2990.3866
5368.51,2551.116,1926.72,341.6075,948.33,241.8242,394.24,749.056,35617.23,10.6852,3894.2889
168.45,80.0474,972.84,172.4845,1725.45,439.9898,327.08,621.452,28876.05,8.6628,1322.6365
1908.11,906.7339,1273.21,225.7401,56.37,14.3743,292.02,554.838,27337.73,8.2013,1709.8876
7611.8,3617.1274,855.62,151.7014,1843.1,469.9905,266.92,507.148,43378.33,13.0135,4758.9808
1326.95,630.5666,1336.67,236.9916,1757.85,448.2517,316.95,602.205,6010.28,1.8031,1919.818
2873.08,1365.2876,335.8,59.5373,1436.99,366.4325,463.72,881.068,40736.87,12.2211,2684.5465
6606.57,3139.4421,272.5,48.3143,1492.43,380.5697,118.07,224.333,42202.09,12.6606,3805.3197
5102.67,2424.7888,932.59,165.3482,1516.06,386.5953,402.87,765.453,48130.66,14.4392,3756.6245
141.64,67.3073,704.26,124.8653,74.29,18.944,436.72,829.768,31582.84,9.4749,1050.3595
2945.41,1399.6588,1238.03,219.5027,1786.7,455.6085,366.95,697.205,14262.78,4.2788,2776.2538
5382.01,2557.5312,907.79,160.9512,524.77,133.8163,138.87,263.853,16707.73,5.0123,3121.164
1118.96,531.7298,1352.8,239.8514,261.29,66.629,452.51,859.769,5174.95,1.5525,1699.5317
8867.2,4213.6934,795.95,141.1219,832.25,212.2237,457.13,868.547,16224.2,4.8673,5440.4533
6625.68,3148.5231,1920.4,340.4869,756.91,193.012,318.37,604.903,11254.79,3.3764,4290.3014
4951.86,2353.1239,322.37,57.1562,1385.13,353.2082,320.11,608.209,4206.12,1.2618,3372.9591
5497.94,2612.6211,1825.89,323.7303,1598.43,407.5996,382.64,727.016,11399.39,3.4198,4074.3868
1581.97,751.7521,74.93,13.2851,1632.26,416.2263,470.29,893.551,42109.29,12.6328,2087.4473
1844.73,876.6157,162.29,28.774,1942.67,495.3809,228.14,433.466,12014.96,3.6045,1837.8411
4349.19,2066.7351,1873.92,332.246,709.03,180.8026,300.31,570.589,35989.89,10.797,3161.1697
1112.24,528.5364,1140.95,202.2904,1196.77,305.1764,241.43,458.717,17471.67,5.2415,1499.9617
129.54,61.5574,807.79,143.2212,566.87,144.5519,150.22,285.418,28623.46,8.587,643.3355
6209.25,2950.6356,22.49,3.9875,703.23,179.3237,29.4,55.86,3899.6,1.1699,3190.9767
3749.55,1781.7862,977.67,173.3409,713.7,181.9935,86.19,163.761,29501.9,8.8506,2309.7322
5124.82,2435.3145,1194.96,211.8664,1895.84,483.4392,103.43,196.517,19201.18,5.7604,3332.8975
1038.13,493.3194,1645.91,291.8198,821.57,209.5004,241.57,458.983,11082.08,3.3246,1456.9472
488.44,232.1067,1068.93,189.5213,1847.28,471.0564,131.75,250.325,19119.56,5.7359,1148.7453
329.77,156.7067,1415.48,250.9646,1566.72,399.5136,485.7,922.83,16193.24,4.858,1734.8729
5474.16,2601.3208,154.23,27.345,1676.11,427.4081,126.52,240.388,19182.54,5.7548,3302.2167
3908.07,1857.1149,423.34,75.0582,1269.64,323.7582,7.44,14.136,30772.39,9.2317,2279.299
7025.3,3338.4226,648.28,114.94,588.9,150.1695,280.74,533.406,5037.2,1.5112,4138.4493
9116.78,4332.2939,827.71,146.753,814.21,207.6236,288.17,547.523,45422.87,13.6269,5247.8204
9644.98,4583.2945,501.58,88.9301,566.18,144.3759,141.54,268.926,31684.49,9.5053,5095.0318
9021.33,4286.936,152.95,27.118,374.55,95.5102,25.91,49.229,37367.79,11.2103,4470.0035
3939.31,1871.9601,976.67,173.1636,1323.9,337.5945,366.24,695.856,34165.99,10.2498,3088.824
4975.02,2364.1295,762.56,135.2019,1124.59,286.7704,411.94,782.686,25074.02,7.5222,3576.31
4801.4,2281.6253,1217.53,215.8681,140.92,35.9346,340.6,647.14,8201.28,2.4604,3183.0284
9539.44,4533.1419,1219.99,216.3042,497.79,126.9365,159.74,303.506,42400.88,12.7203,5192.6089
6306.23,2996.7205,1963.51,348.1303,1213.61,309.4706,96.65,183.635,15109.32,4.5328,3842.4892
3539.55,1681.9942,1746.16,309.5942,359.08,91.5654,481.15,914.185,10835.72,3.2507,3000.5895
4752.29,2258.2882,1102.26,195.4307,1050.52,267.8826,148.06,281.314,38709.56,11.6129,3014.5284
895.83,425.6984,1732.66,307.2006,15.97,4.0724,135.64,257.716,47392.52,14.2178,1008.9052
3503.39,1664.8109,54.84,9.7231,752.15,191.7982,69.91,132.829,39943.96,11.9832,2011.1444
3215.99,1528.2384,18.32,3.2481,473.41,120.7196,133.26,253.194,2073.21,0.622,1906.0221
3905.8,1856.0362,941.87,166.9936,576.78,147.0789,314.82,598.158,13995.01,4.1985,2772.4652
5417.14,2574.2249,397.37,70.4537,1007.13,256.8182,71.62,136.078,46226.96,13.8681,3051.4429
6463.93,3071.6595,950.09,168.451,1118.19,285.1385,76.95,146.205,43726.5,13.1179,3684.5719
6894.13,3276.0906,1076.0,190.7748,339.99,86.6975,27.14,51.566,33310.47,9.9931,3615.122
8632.25,4102.0452,133.72,23.7086,885.07,225.6929,339.24,644.556,40141.83,12.0425,5008.0452
9288.19,4413.7479,1821.72,322.991,1936.47,493.7998,19.41,36.879,21573.71,6.4721,5273.8898
1933.66,918.8752,20.26,3.5921,1155.82,294.7341,378.59,719.321,40863.63,12.2591,1948.7815
4753.83,2259.02,1996.9,354.0504,1917.67,489.0059,99.69,189.411,4454.05,1.3362,3292.8235
3037.88,1443.6006,77.36,13.7159,202.05,51.5228,326.45,620.255,28709.09,8.6127,2137.707
8172.85,3883.7383,389.57,69.0708,1036.66,264.3483,314.47,597.493,25136.98,7.5411,4822.1915
1222.37,580.8702,945.07,167.5609,951.36,242.5968,194.52,369.588,4614.32,1.3843,1362.0002
1540.84,732.2072,1754.14,311.009,1416.47,361.1999,391.38,743.622,4766.43,1.4299,2149.468
498.63,236.949,492.65,87.3468,1383.38,352.7619,279.75,531.525,10879.82,3.2639,1211.8466
2115.13,1005.1098,1955.33,346.68,1568.45,399.9548,127.43,242.117,34913.65,10.4741,2004.3357
8253.28,3921.9587,1419.13,251.6117,977.89,249.362,73.12,138.928,15299.82,4.5899,4566.4503
5121.96,2433.9554,149.3,26.4709,1451.12,370.0356,116.09,220.571,5800.99,1.7403,3052.7732
7424.81,3528.2697,345.59,61.2731,640.0,163.2,444.24,844.056,36384.02,10.9152,4607.714
6716.6,3191.7283,718.09,127.3174,1693.98,431.9649,15.34,29.146,1229.97,0.369,3780.5256
1543.55,733.495,1118.04,198.2285,442.28,112.7814,89.39,169.841,33820.56,10.1462,1224.4921
5743.47,2729.2969,1699.15,301.2593,539.42,137.5521,408.34,775.846,46537.92,13.9614,3957.9157
4670.3,2219.3266,72.32,12.8223,1175.87,299.8468,246.89,469.091,49921.09,14.9763,3016.063
7365.94,3500.2947,308.82,54.7538,239.29,61.0189,34.04,64.676,33949.97,10.185,3690.9284
8670.86,4120.3927,1603.1,284.2296,1040.71,265.3811,215.62,409.678,14100.13,4.23,5083.9114
7546.08,3585.8972,813.51,144.2353,1869.07,476.6128,180.35,342.665,48388.93,14.5167,4563.927
325.77,154.8059,591.04,104.7914,23.37,5.9594,115.66,219.754,10443.35,3.133,488.4437
2445.58,1162.1396,208.68,36.999,909.2,231.846,164.53,312.607,36613.57,10.9841,1754.5757
5730.33,2723.0528,1640.13,290.795,973.26,248.1813,39.1,74.29,34244.7,10.2734,3346.5925
9020.38,4286.4846,1877.21,332.8293,1261.08,321.5754,263.55,500.745,33108.26,9.9325,5451.5668
6012.48,2857.1305,1854.3,328.7674,1741.09,443.9779,359.08,682.252,20917.76,6.2753,4318.4031
341.08,162.0812,239.28,42.4243,927.84,236.5992,460.03,874.057,42094.64,12.6284,1327.7901
8192.71,3893.1758,949.17,168.2878,89.35,22.7843,150.5,285.95,10494.05,3.1482,4373.3461
9918.33,4713.1904,713.42,126.4894,1366.54,348.4677,481.23,914.337,14974.12,4.4922,6106.9767
5799.64,2755.9889,1061.16,188.1437,1491.79,380.4065,219.62,417.278,19302.45,5.7907,3747.6078
869.26,413.0724,1867.2,331.0546,402.55,102.6502,129.05,245.195,35830.47,10.7491,1102.7213
5587.69,2655.2703,1426.01,252.8316,1298.29,331.0639,355.58,675.602,34339.0,10.3017,3925.0695
3884.98,1846.1425,1037.91,184.0214,408.35,104.1293,429.04,815.176,21977.99,6.5934,2956.0626
892.37,424.0542,1823.99,323.3934,688.73,175.6261,262.74,499.206,46027.25,13.8082,1436.0879
9609.23,4566.3061,854.07,151.4266,1270.9,324.0795,351.79,668.401,9854.97,2.9565,5713.1697
1539.63,731.6322,1057.63,187.5178,537.42,137.0421,140.12,266.228,45270.77,13.5812,1336.0013
5883.68,2795.9247,1520.19,269.5297,1548.25,394.8037,329.37,625.803,38974.4,11.6923,4097.7534
638.2,303.2726,47.35,8.3952,608.8,155.244,307.8,584.82,21069.53,6.3209,1058.0527
5728.48,2722.1737,1078.62,191.2393,783.54,199.8027,424.92,807.348,6165.93,1.8498,3922.4135
4859.11,2309.0491,752.31,133.3846,1433.62,365.5731,143.32,272.308,2594.25,0.7783,3081.0931
7238.95,3439.949,1295.58,229.7063,1872.1,477.3855,233.34,443.346,45578.9,13.6737,4604.0605
1511.95,718.4786,768.31,136.2214,1509.42,384.9021,191.74,364.306,43924.43,13.1773,1617.0854
6084.67,2891.4352,1519.48,269.4038,1011.37,257.8994,44.48,84.512,32443.93,9.7332,3512.9836
1338.46,636.0362,1459.45,258.7605,361.75,92.2463,481.99,915.781,42249.28,12.6748,1915.4988
2980.9,1416.5237,887.78,157.4034,869.03,221.6026,480.72,913.368,30182.13,9.0546,2717.9523
2867.24,1362.5124,784.2,139.0387,33.65,8.5808,52.03,98.857,40713.76,12.2141,1621.203
3806.37,1808.787,687.88,121.9611,1074.53,274.0052,41.2,78.28,33987.74,10.1963,2293.2296
997.7,474.107,1119.79,198.5388,638.11,162.7181,5.94,11.286,10600.01,3.18,849.8299
3272.95,1555.3058,1696.51,300.7912,1084.32,276.5016,276.9,526.11,25304.47,7.5913,2666.2999
5874.75,2791.6812,523.49,92.8148,1490.42,380.0571,128.42,243.998,3974.39,1.1923,3509.7434
1304.71,619.9982,419.72,74.4164,1063.13,271.0982,410.04,779.076,42468.11,12.7404,1757.3292
6475.04,3076.939,669.47,118.697,1332.07,339.6778,423.99,805.581,37311.55,11.1935,4352.0883
3945.46,1874.8826,1699.8,301.3745,774.58,197.5179,47.13,89.547,43343.91,13.0032,2476.3252
9270.25,4405.2228,94.13,16.6892,1398.92,356.7246,391.7,744.23,23612.09,7.0836,5529.9502
4122.32,1958.9265,313.06,55.5055,1388.26,354.0063,336.1,638.59,34966.03,10.4898,3017.5181
3779.82,1796.1705,1997.07,354.0805,895.89,228.452,241.65,459.135,46643.01,13.9929,2851.8309
3146.58,1495.2548,732.46,129.8652,1789.73,456.3811,271.79,516.401,21203.21,6.361,2604.2631
2652.89,1260.6533,1785.06,316.4911,829.11,211.4231,440.92,837.748,39329.37,11.7988,2638.1143
9873.32,4691.8017,589.03,104.435,499.98,127.4949,201.62,383.078,20400.99,6.1203,5312.9299
6648.57,3159.4005,1663.96,295.0201,752.11,191.788,376.21,714.799,34288.75,10.2866,4371.2942
1050.93,499.4019,1119.98,198.5725,271.96,69.3498,397.0,754.3,6245.05,1.8735,1523.4977
7064.7,3357.1454,1446.47,256.4591,250.91,63.9821,201.05,381.995,7104.63,2.1314,4061.713
1634.41,776.6716,40.51,7.1824,17.85,4.5518,359.91,683.829,33601.09,10.0803,1482.3151
3294.03,1565.3231,1956.73,346.9282,1108.42,282.6471,211.58,402.002,31603.13,9.4809,2606.3813
1086.12,516.1242,1763.55,312.6774,661.04,168.5652,382.99,727.681,15778.53,4.7336,1729.7814
3734.42,1774.5964,1160.07,205.6804,843.23,215.0237,242.59,460.921,32990.33,9.8971,2666.1186
9105.45,4326.9098,788.73,139.8418,359.98,91.7949,314.49,597.531,36344.68,10.9034,5166.9809
4220.66,2005.6576,1415.43,250.9557,497.09,126.7579,149.55,284.145,30064.32,9.0193,2676.5355
6310.27,2998.6403,321.99,57.0888,287.93,73.4222,297.05,564.395,11372.59,3.4118,3696.9581
2383.75,1132.758,806.59,143.0084,1881.77,479.8514,469.09,891.271,21892.12,6.5676,2653.4564
3888.69,1847.9055,1117.26,198.0902,723.12,184.3956,108.86,206.834,34255.74,10.2767,2447.502
4656.18,2212.6167,1439.99,255.3102,538.2,137.241,409.24,777.556,48685.61,14.6057,3397.3296
9118.37,4333.0494,1982.82,351.554,426.68,108.8034,148.1,281.39,34999.11,10.4997,5085.2965
6720.38,3193.5246,1007.04,178.5482,288.26,73.5063,86.31,163.989,40300.93,12.0903,3621.6584
6900.25,3278.9988,1249.07,221.4601,1697.63,432.8957,493.28,937.232,14512.93,4.3539,4874.9405
3194.78,1518.1595,709.46,125.7873,1167.16,297.6258,476.17,904.723,1303.24,0.391,2846.6866
8959.18,4257.4023,322.67,57.2094,439.4,112.047,160.57,305.083,13280.19,3.9841,4735.7258
6075.12,2886.897,18.79,3.3315,1932.4,492.762,453.37,861.403,31177.72,9.3533,4253.7468
2030.14,964.7225,1407.23,249.5019,1318.36,336.1818,219.99,417.981,45882.3,13.7647,1982.1519
3596.03,1708.8335,768.92,136.3295,986.58,251.5779,452.9,860.51,48918.6,14.6756,2971.9265
8584.55,4079.3782,1407.54,249.5568,283.68,72.3384,280.14,532.266,6091.4,1.8274,4935.3668
5483.22,2605.6261,1590.68,282.0276,503.17,128.3084,131.66,250.154,4148.75,1.2446,3267.3607
9702.22,4610.4949,369.43,65.4999,540.12,137.7306,348.78,662.682,12290.95,3.6873,5480.0947
1082.81,514.5513,320.78,56.8743,1870.31,476.9291,171.39,325.641,36578.77,10.9736,1384.9693
5848.41,2779.1644,344.32,61.0479,1500.18,382.5459,140.33,266.627,6483.32,1.945,3491.3302
306.73,145.7581,1404.01,248.931,277.45,70.7497,257.16,488.604,17204.71,5.1614,959.2042
3854.73,1831.7677,989.47,175.433,1859.19,474.0935,287.63,546.497,36060.73,10.8182,3038.6094
4408.97,2095.1425,448.21,79.4676,679.11,173.1731,294.64,559.816,32763.79,9.8291,2917.4283
5194.6,2468.4739,1506.16,267.0422,1132.41,288.7646,427.22,811.718,28054.96,8.4165,3844.4152
9411.63,4472.4066,1612.17,285.8377,999.67,254.9159,346.81,658.939,16600.28,4.9801,5677.0793
9261.83,4401.2216,812.14,143.9924,334.14,85.2057,67.18,127.642,30246.97,9.0741,4767.1358
4038.77,1919.2235,751.46,133.2339,79.68,20.3184,199.33,378.727,14602.79,4.3808,2455.8836
5518.19,2622.2439,549.21,97.3749,1820.05,464.1128,482.86,917.434,49238.15,14.7714,4115.937
4098.62,1947.6642,1292.2,229.1071,334.41,85.2746,179.68,341.392,35922.83,10.7768,2614.2147
1075.59,511.1204,79.49,14.0936,148.36,37.8318,304.49,578.531,41626.55,12.488,1154.0648
9960.74,4733.3436,1097.09,194.5141,514.08,131.0904,68.17,129.523,29843.51,8.9531,5197.4242
5975.48,2839.5481,1929.24,342.0543,1345.6,343.128,158.91,301.929,23934.92,7.1805,3833.8399
5378.48,2555.8537,658.31,116.7184,1628.06,415.1553,172.94,328.586,22645.81,6.7937,3423.1071
138.92,66.0148,1032.93,183.1385,1779.24,453.7062,151.39,287.641,23269.51,6.9809,997.4814
7907.59,3757.6868,1076.78,190.9131,641.42,163.5621,33.59,63.821,46740.28,14.0221,4190.0051
5181.91,2462.4436,954.66,169.2612,884.32,225.5016,261.31,496.489,33610.22,10.0831,3363.7785
121.86,57.9079,938.59,166.412,994.51,253.6001,230.05,437.095,10092.7,3.0278,918.0428
9798.05,4656.0334,1386.3,245.791,1201.81,306.4615,442.14,840.066,38731.37,11.6194,6059.9713
7800.62,3706.8546,1619.68,287.1693,349.13,89.0281,373.72,710.068,28938.5,8.6815,4801.8015
7318.48,3477.7417,62.96,11.1628,1682.53,429.0451,189.14,359.366,47960.46,14.3881,4291.7037
8745.66,4155.9376,612.07,108.52,1910.75,487.2413,19.96,37.924,4629.58,1.3889,4791.0118
591.5,281.0808,457.5,81.1148,566.45,144.4448,85.63,162.697,27390.75,8.2172,677.5546
4997.08,2374.6124,995.35,176.4756,1495.47,381.3449,69.02,131.138,8037.71,2.4113,3065.9822
1401.95,666.2066,867.84,153.868,683.09,174.188,156.02,296.438,34652.05,10.3956,1301.0962
8979.2,4266.9158,287.83,51.0323,1450.47,369.8698,447.6,850.44,31434.26,9.4303,5547.6882
9525.58,4526.5556,397.03,70.3934,1509.22,384.8511,156.52,297.388,29770.07,8.931,5288.1191
4585.07,2178.8253,572.43,101.4918,1878.08,478.9104,68.08,129.352,40715.2,12.2146,2900.7941
3113.55,1479.559,1810.85,321.0637,836.51,213.31,7.16,13.604,49975.94,14.9928,2042.5295
1131.41,537.646,967.56,171.5484,70.27,17.9188,354.55,673.645,25259.49,7.5778,1408.336
7286.69,3462.6351,1064.33,188.7057,877.34,223.7217,349.47,663.993,40636.18,12.1909,4551.2464
1165.18,553.6935,1086.67,192.6666,116.04,29.5902,254.37,483.303,34752.68,10.4258,1269.6791
9822.5,4667.652,322.12,57.1119,1633.43,416.5247,260.44,494.836,3589.54,1.0769,5637.2015
7663.59,3641.738,311.63,55.252,654.74,166.9587,374.52,711.588,26002.16,7.8006,4583.3373
9847.61,4679.5843,1094.13,193.9892,1751.21,446.5586,59.51,113.069,49780.98,14.9343,5448.1354
2391.32,1136.3553,1190.81,211.1306,1532.45,390.7748,249.14,473.366,34173.38,10.252,2221.8787
7498.4,3563.2397,354.55,62.8617,1214.65,309.7358,444.74,845.006,41858.9,12.5577,4793.4009
6076.93,2887.7571,606.88,107.5998,201.69,51.431,5.72,10.868,18512.27,5.5537,3063.2096
209.28,99.4499,302.07,53.557,1926.99,491.3825,393.87,748.353,27425.63,8.2277,1400.9701
8793.48,4178.6617,1341.97,237.9313,1044.79,266.4214,277.58,527.402,30519.3,9.1558,5219.5722
9567.33,4546.3952,1825.34,323.6328,1055.49,269.1499,201.18,382.242,46824.91,14.0475,5535.4674
3250.76,1544.7612,472.26,83.7317,1483.56,378.3078,369.68,702.392,38361.98,11.5086,2720.7013
6942.14,3298.9049,1352.07,239.722,1217.32,310.4166,68.73,130.587,5512.57,1.6538,3981.2843
3595.99,1708.8144,1105.37,195.9821,1620.84,413.3142,57.05,108.395,3632.29,1.0897,2427.5954
1362.79,647.5978,1978.39,350.7685,555.76,141.7188,57.62,109.478,21538.4,6.4615,1256.0246
1491.66,708.8368,1821.78,323.0016,1158.74,295.4787,264.78,503.082,28574.28,8.5723,1838.9714
6036.38,2868.4878,1182.92,209.7317,847.89,216.212,456.07,866.533,24186.49,7.2559,4168.2204
7135.26,3390.6756,1960.62,347.6179,1228.33,313.2242,405.81,771.039,10358.11,3.1074,4825.6641
1803.8,857.1658,1699.78,301.371,1824.43,465.2297,100.92,191.748,25114.41,7.5343,1823.0488
3606.42,1713.7708,545.23,96.6693,1622.36,413.7018,410.71,780.349,2076.52,0.623,3005.1139
5208.47,2475.0649,1892.3,335.5048,1998.26,509.5563,129.21,245.499,49865.07,14.9595,3580.5845
7725.21,3671.0198,83.94,14.8826,1098.26,280.0563,401.43,762.717,21490.64,6.4472,4735.1229
852.7,405.203,918.85,162.9121,633.71,161.5961,330.6,628.14,26770.47,8.0311,1365.8823
6440.18,3060.3735,1905.18,337.7884,394.99,100.7225,446.61,848.559,24357.49,7.3072,4354.7506
2841.51,1350.2856,957.15,169.7027,966.42,246.4371,352.15,669.085,27499.59,8.2499,2443.7603
1613.37,766.6734,774.59,137.3348,520.59,132.7505,178.06,338.314,6707.47,2.0122,1377.0849
5108.15,2427.3929,852.71,151.1855,1128.46,287.7573,17.43,33.117,6033.72,1.8101,2901.2628
338.34,160.7792,646.99,114.7113,1634.22,416.7261,24.21,45.999,28688.26,8.6065,746.8221
8411.85,3997.3111,391.09,69.3403,90.13,22.9831,149.08,283.252,30088.94,9.0267,4381.9132
8206.3,3899.6338,81.35,14.4234,900.75,229.6912,26.79,50.901,14489.96,4.347,4198.9964
114.93,54.6147,554.48,98.3093,1431.29,364.9789,361.4,686.66,5259.16,1.5777,1206.1406
5283.56,2510.7477,1219.66,216.2457,1665.64,424.7382,435.57,827.583,35326.96,10.5981,3989.9127
404.9,192.4085,1087.76,192.8598,448.09,114.2629,165.26,313.994,4506.47,1.3519,814.8771
7254.5,3447.3384,1719.33,304.8372,854.89,217.9969,360.4,684.76,43247.51,12.9743,4667.9068
8922.42,4239.934,1346.94,238.8125,1166.91,297.562,354.63,673.797,38667.52,11.6003,5461.7058
1965.43,933.9723,1081.24,191.7039,1067.98,272.3349,279.65,531.335,23795.81,7.1387,1936.4848
7930.73,3768.6829,1126.07,199.6522,713.74,182.0037,62.01,117.819,37166.57,11.15,4279.3078
9249.2,4395.2198,1708.07,302.8408,776.74,198.0687,348.0,661.2,35964.65,10.7894,5568.1187
4903.57,2330.1765,1626.11,288.3093,86.63,22.0907,186.65,354.635,32869.55,9.8609,3005.0724
1342.38,637.899,832.42,147.5881,89.29,22.769,19.84,37.696,47028.55,14.1086,860.0607
3644.86,1732.0375,790.06,140.0776,1298.28,331.0614,192.23,365.237,30787.2,9.2362,2577.6497
9712.0,4615.1424,1007.73,178.6705,560.39,142.8995,496.36,943.084,37801.01,11.3403,5891.1367
3707.92,1762.0036,268.1,47.5341,1612.85,411.2767,416.57,791.483,30246.36,9.0739,3021.3713
7330.03,3483.2303,48.97,8.6824,828.1,211.1655,195.78,371.982,13933.72,4.1801,4079.2403
9505.75,4517.1324,1418.28,251.461,220.83,56.3117,7.68,14.592,39580.31,11.8741,4851.3712
3937.16,1870.9384,1996.45,353.9706,1401.03,357.2627,206.61,392.559,6352.95,1.9059,2976.6366
1955.07,929.0493,1795.23,318.2943,62.79,16.0114,332.33,631.427,49379.21,14.8138,1909.5958
3202.84,1521.9896,625.64,110.926,419.0,106.845,491.64,934.116,37867.55,11.3603,2685.2369
2359.59,1121.2772,1516.77,268.9233,821.99,209.6075,279.56,531.164,7265.51,2.1797,2133.1517
8758.08,4161.8396,664.44,117.8052,1752.93,446.9972,79.62,151.278,5631.28,1.6894,4879.6094
8854.34,4207.5824,1179.41,209.1094,434.59,110.8204,338.81,643.739,15593.72,4.6781,5175.9293
4175.0,1983.96,976.9,173.2044,158.81,40.4965,277.44,527.136,8214.07,2.4642,2727.2611
3813.34,1812.0992,1943.33,344.5524,1818.2,463.641,129.94,246.886,15476.04,4.6428,2871.8214
5753.62,2734.1202,477.23,84.6129,316.24,80.6412,12.52,23.788,25212.47,7.5637,2930.726
8310.53,3949.1639,1562.86,277.0951,729.78,186.0939,291.99,554.781,9123.91,2.7372,4969.8711
2597.78,1234.4651,1492.87,264.6859,1091.35,278.2942,41.93,79.667,23046.16,6.9138,1864.026
3561.24,1692.3012,1614.56,286.2615,350.4,89.352,66.61,126.559,25625.91,7.6878,2202.1615
386.17,183.508,1310.79,232.4031,1039.0,264.945,424.84,807.196,17856.97,5.3571,1493.4092
641.43,304.8075,72.43,12.8418,1770.01,451.3526,363.51,690.669,37117.24,11.1352,1470.8061
9112.21,4330.1222,291.76,51.729,176.82,45.0891,300.98,571.862,16664.95,4.9995,5003.8018
7759.63,3687.3762,1880.73,333.4534,1143.62,291.6231,155.31,295.089,15813.29,4.744,4612.2857
1170.11,556.0363,1452.64,257.5531,530.77,135.3464,274.01,520.619,30986.46,9.2959,1478.8507
8059.67,3829.9552,1920.92,340.5791,1455.21,371.0786,158.92,301.948,33936.68,10.181,4853.7419
6107.73,2902.3933,204.27,36.2171,1503.15,383.3033,17.62,33.478,2754.75,0.8264,3356.2181
9095.81,4322.3289,1931.13,342.3893,1855.87,473.2468,211.89,402.591,29954.43,8.9863,5549.5423
3778.51,1795.548,790.71,140.1929,286.23,72.9887,235.2,446.88,14686.77,4.406,2460.0156
4376.92,2079.9124,1885.48,334.2956,844.68,215.3934,12.73,24.187,42043.24,12.613,2666.4014
9681.23,4600.5205,319.84,56.7076,540.63,137.8606,104.59,198.721,18720.45,5.6161,4999.4258
7479.5,3554.2584,622.63,110.3923,550.78,140.4489,71.67,136.173,28901.38,8.6704,3949.943
4082.02,1939.7759,1998.86,354.3979,569.42,145.2021,83.9,159.41,37520.81,11.2562,2610.0421
5316.45,2526.377,549.01,97.3395,720.57,183.7454,59.96,113.924,37502.62,11.2508,2932.6367
3925.9,1865.5877,155.23,27.5223,683.65,174.3307,79.21,150.499,43997.01,13.1991,2231.1388
381.35,181.2175,798.47,141.5687,1690.73,431.1361,172.84,328.396,32382.21,9.7147,1092.033
4225.62,2008.0146,885.33,156.969,1147.59,292.6354,188.38,357.922,26316.53,7.895,2823.436
8427.86,4004.9191,1100.79,195.1701,757.75,193.2262,491.4,933.66,41467.5,12.4402,5339.4156
1616.43,768.1275,475.81,84.3611,1762.21,449.3636,41.32,78.508,17378.46,5.2135,1385.5737
6694.14,3181.0553,848.84,150.4993,1085.78,276.8739,349.8,664.62,46743.17,14.023,4287.0715
8293.96,3941.2898,1966.69,348.6941,585.4,149.277,411.31,781.489,27183.91,8.1552,5228.9051
5611.87,2666.7606,492.09,87.2476,1204.29,307.094,165.35,314.165,8656.08,2.5968,3377.864
8023.41,3812.7244,587.12,104.0964,1056.25,269.3438,70.91,134.729,14642.89,4.3929,4325.2865
8122.84,3859.9736,972.99,172.5111,1584.71,404.1011,299.37,568.803,10867.86,3.2604,5008.6492
1140.37,541.9038,272.62,48.3355,482.54,123.0477,380.34,722.646,41895.74,12.5687,1448.5017
801.4,380.8253,1616.89,286.6746,1643.95,419.2073,360.48,684.912,33120.45,9.9361,1781.5553
1487.31,706.7697,1212.59,214.9922,431.27,109.9738,52.26,99.294,28529.02,8.5587,1139.5884
1053.61,500.6755,1630.35,289.0611,435.86,111.1443,382.63,726.997,32702.14,9.8106,1637.6885
8542.94,4059.6051,1576.08,279.439,650.28,165.8214,82.46,156.674,28775.4,8.6326,4670.1721
6642.51,3156.5208,331.9,58.8459,1856.63,473.4407,178.72,339.568,21626.17,6.4879,4034.8633
8622.59,4097.4548,1560.91,276.7493,1823.32,464.9466,495.22,940.918,47662.98,14.2989,5794.3676
313.02,148.7471,1467.07,260.1115,1475.01,376.1275,404.58,768.702,36228.49,10.8685,1564.5566
1569.37,745.7646,1109.9,196.7853,361.31,92.1341,145.13,275.747,31109.85,9.333,1319.764
1807.59,858.9668,475.16,84.2459,1055.0,269.025,357.8,679.82,27364.39,8.2093,1900.267
5176.97,2460.0961,1532.77,271.7601,1131.53,288.5401,211.6,402.04,28993.74,8.6981,3431.1344
2026.25,962.874,1738.76,308.2821,661.9,168.7845,101.8,193.42,21237.74,6.3713,1639.7319
8725.14,4146.1865,974.44,172.7682,479.23,122.2037,315.8,600.02,30434.0,9.1302,5050.3086
604.14,287.0873,1497.96,265.5883,1810.56,461.6928,284.55,540.645,26170.48,7.8511,1562.8645
1638.77,778.7435,737.5,130.7588,471.61,120.2606,33.43,63.517,17774.69,5.3324,1098.6123
3338.95,1586.669,260.14,46.1228,211.92,54.0396,384.08,729.752,11252.63,3.3758,2419.9592
7402.96,3517.8866,1124.93,199.4501,1888.96,481.6848,453.04,860.776,44893.58,13.4681,5073.2656
3865.34,1836.8096,1353.07,239.8993,882.81,225.1165,247.17,469.623,5020.72,1.5062,2772.9546
8554.08,4064.8988,1283.06,227.4865,1747.69,445.661,490.67,932.273,6328.89,1.8987,5672.218
9924.06,4715.9133,987.53,175.0891,836.27,213.2489,174.47,331.493,11017.38,3.3052,5439.0495
1961.8,932.2474,1880.45,333.4038,1295.35,330.3142,141.33,268.527,8095.77,2.4287,1866.9211
3393.58,1612.6292,1924.14,341.15,32.42,8.2671,128.97,245.043,2024.74,0.6074,2207.6967
951.99,452.3856,981.01,173.9331,516.65,131.7457,218.35,414.865,47388.61,14.2166,1187.146
9430.44,4481.3451,1997.61,354.1763,1424.25,363.1838,172.49,327.731,22055.21,6.6166,5533.0528
6108.0,2902.5216,1487.43,263.7213,690.73,176.1362,477.43,907.117,46609.49,13.9828,4263.4789
6870.71,3264.9614,719.27,127.5266,1014.28,258.6414,270.32,513.608,38209.15,11.4627,4176.2001
7183.38,3413.5422,594.07,105.3286,120.11,30.6281,424.61,806.759,21871.47,6.5614,4362.8193
8762.41,4163.8972,492.52,87.3238,1760.68,448.9734,42.98,81.662,37915.93,11.3748,4793.2312
2128.84,1011.6248,1603.56,284.3112,737.94,188.1747,325.32,618.108,16577.43,4.9732,2107.1919
6808.04,3235.1806,1485.63,263.4022,1353.24,345.0762,65.89,125.191,24639.28,7.3918,3976.2418
8107.28,3852.5795,955.36,169.3853,92.72,23.6436,83.0,157.7,27647.83,8.2943,4211.6027
8060.62,3830.4066,1088.99,193.0779,1654.84,421.9842,156.22,296.818,36121.86,10.8366,4753.1233
6038.67,2869.576,1779.94,315.5834,139.46,35.5623,426.78,810.882,30219.27,9.0658,4040.6695
6326.2,3006.2102,25.46,4.5141,470.82,120.0591,324.04,615.676,26980.71,8.0942,3754.5536
7716.15,3666.7145,22.53,3.9946,1478.67,377.0609,168.55,320.245,34075.74,10.2227,4378.2377
5094.59,2420.9492,351.6,62.3387,1906.0,486.03,13.47,25.593,34988.18,10.4965,3005.4074
9580.78,4552.7867,996.5,176.6795,1411.37,359.8993,350.83,666.577,8054.47,2.4163,5758.3588
6094.24,2895.9828,450.84,79.9339,1728.42,440.7471,216.91,412.129,25789.96,7.737,3836.5298
1629.32,774.2529,1501.46,266.2089,1746.09,445.2529,432.59,821.921,31747.12,9.5241,2317.1598
4759.02,2261.4863,773.61,137.1611,512.99,130.8125,468.81,890.739,38059.67,11.4179,3431.6168
4514.54,2145.3094,1427.61,253.1153,337.54,86.0727,325.53,618.507,3922.28,1.1767,3104.1811
6457.26,3068.49,1451.09,257.2783,1889.63,481.8557,101.72,193.268,23615.75,7.0847,4007.9767
6393.48,3038.1817,125.77,22.299,1341.07,341.9728,23.88,45.372,43556.71,13.067,3460.8925
6608.97,3140.5825,944.39,167.4403,1596.45,407.0948,442.12,840.028,13084.83,3.9254,4559.071
7408.39,3520.4669,702.26,124.5107,411.73,104.9912,413.88,786.372,9540.31,2.8621,4539.2029
4001.88,1901.6934,1835.77,325.482,341.9,87.1845,115.57,219.583,4781.73,1.4345,2535.3774
262.73,124.8493,165.72,29.3822,606.21,154.5836,404.04,767.676,6119.71,1.8359,1078.327
9573.59,4549.37,1165.65,206.6697,310.24,79.1112,441.24,838.356,15171.02,4.5513,5678.0582
3229.12,1534.4778,1806.05,320.2127,1799.24,458.8062,11.85,22.515,1915.15,0.5745,2336.5862
5262.95,2500.9538,1967.15,348.7757,1366.73,348.5162,356.87,678.053,20243.89,6.0732,3882.3719
4786.48,2274.5353,1050.84,186.3139,822.69,209.786,316.19,600.761,26265.35,7.8796,3279.2758
3272.21,1554.9542,305.32,54.1332,1226.77,312.8263,425.68,808.792,2544.72,0.7634,2731.4691
2161.59,1027.1876,649.56,115.167,1705.37,434.8693,208.56,396.264,17879.49,5.3638,1978.8517
3707.14,1761.6329,696.09,123.4168,1417.88,361.5594,371.24,705.356,29102.26,8.7307,2960.6958
7719.43,3668.2731,905.36,160.5203,461.48,117.6774,249.8,474.62,27179.79,8.1539,4429.2447
2332.88,1108.5846,1833.15,325.0175,474.26,120.9363,163.24,310.156,28957.37,8.6872,1873.3816
9551.76,4538.9964,816.24,144.7194,1637.63,417.5957,115.55,219.545,17218.22,5.1655,5326.022
2105.4,1000.4861,1633.89,289.6887,532.57,135.8054,362.34,688.446,22207.68,6.6623,2121.0885
9562.91,4544.2948,1381.73,244.9807,885.67,225.8458,343.84,653.296,25284.91,7.5855,5676.0028
8598.73,4086.1165,134.09,23.7742,999.01,254.7475,393.61,747.859,33129.37,9.9388,5122.436
6781.33,3222.488,536.4,95.1037,1965.2,501.126,303.37,576.403,33180.61,9.9542,4405.0749
8372.3,3978.517,1813.91,321.6062,1033.88,263.6394,46.43,88.217,20451.0,6.1353,4658.1149
1098.23,521.8789,708.32,125.5851,833.74,212.6037,435.01,826.519,40428.46,12.1285,1698.7152
9321.46,4429.5578,1661.1,294.513,1992.96,508.2048,20.3,38.57,47273.64,14.1821,5285.0277
1533.25,728.6004,186.16,33.0062,1904.21,485.5736,386.58,734.502,15318.94,4.5957,1986.2779
1986.64,944.0513,771.7,136.8224,818.24,208.6512,480.62,913.178,1968.36,0.5905,2203.2934
8563.66,4069.4512,1701.54,301.683,1553.4,396.117,147.31,279.889,28425.56,8.5277,5055.6679
3061.07,1454.6205,1960.71,347.6339,805.74,205.4637,414.1,786.79,18898.49,5.6695,2800.1776
6139.4,2917.4429,556.2,98.6143,1230.17,313.6934,67.96,129.124,44158.74,13.2476,3472.1222
9952.79,4729.5658,1717.38,304.4915,1012.09,258.083,388.29,737.751,28779.48,8.6338,6038.5251
9588.25,4556.3364,1929.65,342.1269,1223.35,311.9543,368.9,700.91,4917.1,1.4751,5912.8027
6064.0,2881.6128,1930.18,342.2209,1890.55,482.0902,460.72,875.368,2881.14,0.8643,4582.1562
8389.18,3986.5383,717.68,127.2447,1848.97,471.4873,272.24,517.256,43520.92,13.0563,5115.5826
2650.16,1259.356,122.92,21.7937,1132.78,288.8589,397.15,754.585,19442.64,5.8328,2330.4264
8743.25,4154.7924,1115.95,197.8579,1315.28,335.3964,266.3,505.97,9686.72,2.906,5196.9227
9883.52,4696.6487,264.33,46.8657,943.4,240.567,385.45,732.355,49191.96,14.7576,5731.194
7737.61,3676.9123,989.36,175.4135,155.25,39.5887,145.86,277.134,7429.14,2.2287,4171.2772
1388.95,660.029,1615.93,286.5044,475.24,121.1862,438.18,832.542,3920.07,1.176,1901.4376
4172.03,1982.5487,532.81,94.4672,957.08,244.0554,263.73,501.087,48687.89,14.6064,2836.7647
2132.74,1013.478,1929.77,342.1482,105.97,27.0223,240.25,456.475,12950.38,3.8851,1843.0086
9798.31,4656.1569,1328.78,235.5927,631.04,160.9152,45.56,86.564,40237.31,12.0712,5151.3
7232.03,3436.6607,858.27,152.1713,455.13,116.0581,23.36,44.384,14379.56,4.3139,3753.588
3591.76,1706.8044,129.55,22.9692,1618.8,412.794,469.74,892.506,42757.14,12.8271,3047.9007
592.03,281.3327,1068.86,189.5089,1210.1,308.5755,305.89,581.191,3828.25,1.1485,1361.7566
5205.71,2473.7534,275.88,48.9135,147.06,37.5003,240.79,457.501,25267.8,7.5803,3025.2485
8958.04,4256.8606,356.5,63.2075,1999.97,509.9923,84.8,161.12,32232.75,9.6698,5000.8502
3818.55,1814.575,1825.24,323.6151,894.36,228.0618,370.59,704.121,17890.26,5.3671,3075.74
7430.68,3531.0591,18.54,3.2871,1948.74,496.9287,278.28,528.732,30793.6,9.2381,4569.245
4311.14,2048.6537,921.81,163.4369,1010.34,257.6367,291.57,553.983,37639.85,11.292,3035.0023
6880.76,3269.7372,1993.74,353.4901,1565.6,399.228,37.47,71.193,38490.85,11.5473,4105.1956
589.98,280.3585,1914.48,339.4373,1827.36,465.9768,124.62,236.778,41085.23,12.3256,1334.8762
4744.53,2254.6007,818.16,145.0598,1523.82,388.5741,345.75,656.925,34395.67,10.3187,3455.4783
2319.29,1102.1266,1302.46,230.9262,1225.11,312.4031,319.03,606.157,12825.54,3.8477,2255.4606
2101.44,998.6043,167.82,29.7545,917.02,233.8401,207.6,394.44,19505.53,5.8517,1662.4906
5927.45,2816.7242,1682.06,298.2292,1652.26,421.3263,497.24,944.756,48627.4,14.5882,4495.6239
1919.08,911.9468,717.9,127.2837,279.23,71.2037,270.95,514.805,42550.91,12.7653,1638.0045
5732.91,2724.2788,1265.9,224.4441,506.4,129.132,30.97,58.843,39829.01,11.9487,3148.6466
7717.7,3667.451,286.3,50.761,260.47,66.4199,304.93,579.367,4521.02,1.3563,4365.3552
9549.03,4537.6991,1169.11,207.2832,1398.55,356.6302,70.23,133.437,22541.27,6.7624,5241.8119
8126.12,3861.5322,943.18,167.2258,1845.64,470.6382,321.18,610.242,35125.72,10.5377,5120.1759
5343.46,2539.2122,1182.51,209.659,1583.88,403.8894,443.15,841.985,19241.12,5.7723,4000.5179
3956.55,1880.1526,1608.83,285.2456,944.37,240.8144,39.47,74.993,4735.14,1.4205,2482.6261
9382.92,4458.7636,1423.82,252.4433,1241.76,316.6488,271.47,515.793,43367.58,13.0103,5556.659
4540.57,2157.6789,1515.84,268.7584,1581.52,403.2876,484.88,921.272,35519.37,10.6558,3761.6527
5142.27,2443.6067,451.16,79.9907,455.31,116.1041,419.52,797.088,17623.61,5.2871,3442.0766
6002.09,2852.1932,79.32,14.0634,653.21,166.5686,318.61,605.359,35336.8,10.601,3648.7852
6759.29,3212.0146,1077.9,191.1117,1032.89,263.387,17.0,32.3,38341.65,11.5025,3710.3158
6794.91,3228.9412,463.9,82.2495,1487.87,379.4068,169.82,322.658,40416.71,12.125,4025.3805
2971.22,1411.9237,1817.71,322.28,593.53,151.3501,27.42,52.098,3514.19,1.0543,1938.7061
440.0,209.088,1002.34,177.7149,817.87,208.5568,416.13,790.647,23719.71,7.1159,1393.1226
2322.02,1103.4239,1060.1,187.9557,1702.35,434.0992,75.85,144.115,14961.04,4.4883,1874.0821
9319.1,4428.4363,539.4,95.6356,1472.89,375.587,403.92,767.448,43625.89,13.0878,5680.1947
8400.1,3991.7275,1867.4,331.09,950.34,242.3367,156.35,297.065,5097.24,1.5292,4863.7484
9928.93,4718.2275,1946.54,345.1215,43.51,11.0951,271.78,516.382,39469.3,11.8408,5602.6669
511.3,242.9698,639.55,113.3922,1560.94,398.0397,30.8,58.52,30639.87,9.192,822.1137
4258.17,2023.4824,1661.84,294.6442,768.4,195.942,107.66,204.554,31388.9,9.4167,2728.0393
2395.93,1138.5459,216.06,38.3074,1805.22,460.3311,110.31,209.589,32915.09,9.8745,1856.6479
8105.4,3851.6861,219.74,38.9599,1473.63,375.7757,24.9,47.31,3846.74,1.154,4314.8857
408.85,194.2855,524.25,92.9495,1668.33,425.4241,93.34,177.346,6453.07,1.9359,891.941
9908.0,4708.2816,1568.71,278.1323,1257.54,320.6727,121.63,231.097,10823.8,3.2471,5541.4307
235.57,111.9429,1081.64,191.7748,43.9,11.1945,393.01,746.719,46818.54,14.0456,1075.6768
7220.36,3431.1151,245.33,43.497,390.8,99.654,92.15,175.085,48173.51,14.4521,3763.8032
3182.21,1512.1862,728.51,129.1648,1748.97,445.9873,420.97,799.843,9680.16,2.904,2890.0853
4312.82,2049.4521,325.57,57.7236,169.19,43.1435,276.32,525.008,4912.6,1.4738,2676.801
5488.11,2607.9499,810.52,143.7052,1166.4,297.432,410.05,779.095,31587.17,9.4762,3837.6583
3490.07,1658.4813,1309.03,232.091,372.91,95.0921,348.41,661.979,19966.9,5.9901,2653.6335
8580.39,4077.4013,646.44,114.6138,102.92,26.2446,326.6,620.54,44466.71,13.34,4852.1397
5937.95,2821.7138,1147.33,203.4216,1020.24,260.1612,263.12,499.928,9873.95,2.9622,3788.1868
2591.33,1231.4,169.16,29.9921,1001.36,255.3468,313.33,595.327,31273.49,9.382,2121.4479
1191.6,566.2483,1736.67,307.9116,748.99,190.9925,397.26,754.794,8878.98,2.6637,1822.6101
8365.29,3975.1858,1980.59,351.1586,145.84,37.1892,457.87,869.953,10413.4,3.124,5236.6106
9979.09,4742.0636,1384.76,245.5179,1269.89,323.822,86.97,165.243,31130.45,9.3391,5485.9856
2386.63,1134.1266,1946.34,345.0861,1866.86,476.0493,54.45,103.455,23199.21,6.9598,2065.6768
8540.81,4058.5929,1683.21,298.4331,755.65,192.6908,330.15,627.285,22714.03,6.8142,5183.816
8375.24,3979.914,883.83,156.7031,701.51,178.8851,9.16,17.404,23682.45,7.1047,4340.0109
6785.37,3224.4078,22.69,4.0229,1716.57,437.7253,344.96,655.424,37917.33,11.3752,4332.9552
2932.26,1393.41,1821.62,322.9732,311.83,79.5166,308.89,586.891,17493.24,5.248,2388.0388
4596.85,2184.4231,1564.21,277.3344,1951.76,497.6988,412.99,784.681,47309.49,14.1928,3758.3301
6684.49,3176.4696,1727.41,306.2698,719.84,183.5592,441.15,838.185,17444.92,5.2335,4509.7171
2395.69,1138.4319,753.28,133.5565,1534.29,391.2439,319.86,607.734,49164.2,14.7493,2285.7156
6877.09,3267.9932,677.64,120.1456,252.88,64.4844,167.18,317.642,38996.68,11.699,3781.9642
3272.29,1554.9922,329.73,58.4611,657.65,167.7007,123.1,233.89,6459.71,1.9379,2016.9819
836.44,397.4763,493.97,87.5809,1704.67,434.6909,314.4,597.36,13242.8,3.9728,1521.0809
3772.98,1792.9201,124.9,22.1448,583.66,148.8333,449.3,853.67,27870.78,8.3612,2825.9294
9757.87,4636.9398,1532.05,271.6325,1583.13,403.6982,186.5,354.35,26223.3,7.867,5674.4875
8808.93,4186.0035,1855.15,328.9181,621.09,158.3779,488.17,927.523,11237.26,3.3712,5604.1937
5135.9,2440.5797,746.7,132.3899,608.78,155.2389,345.48,656.412,45530.35,13.6591,3398.2796
2578.4,1225.2557,1715.49,304.1564,1712.85,436.7767,237.1,450.49,30940.18,9.2821,2425.9609
5700.1,2708.6875,957.14,169.7009,823.21,209.9186,266.49,506.331,16360.76,4.9082,3599.5462
5696.17,2706.82,1007.07,178.5535,146.84,37.4442,333.12,632.928,28141.51,8.4425,3564.1882
645.2,306.599,1643.0,291.3039,273.67,69.7859,498.47,947.093,4039.65,1.2119,1615.9937
4312.21,2049.1622,1663.97,295.0219,1694.38,432.0669,69.47,131.993,3886.68,1.166,2909.41
5030.56,2390.5221,903.74,160.2331,545.57,139.1204,477.88,907.972,12357.2,3.7072,3601.5548
9352.55,4444.3318,1050.88,186.321,1352.67,344.9309,495.35,941.165,37817.28,11.3452,5928.0939
6925.5,3290.9976,873.97,154.9549,1231.04,313.9152,64.77,123.063,31513.41,9.454,3892.3847
6488.92,3083.5348,1129.44,200.2497,1732.52,441.7926,393.17,747.023,29856.82,8.957,4481.5571
5038.71,2394.395,614.02,108.8657,373.39,95.2144,308.68,586.492,10234.28,3.0703,3188.0374
5835.89,2773.2149,1013.8,179.7467,1288.84,328.6542,342.2,650.18,16261.64,4.8785,3936.6743
2083.41,990.0364,1441.61,255.5975,463.82,118.2741,128.01,243.219,29935.71,8.9807,1616.1077
8487.99,4033.4928,1217.34,215.8344,1801.13,459.2882,242.17,460.123,43115.97,12.9348,5181.6732
6051.28,2875.5683,627.88,111.3231,1127.4,287.487,80.02,152.038,31175.77,9.3527,3435.7691
5981.25,2842.29,344.93,61.1561,1025.37,261.4693,112.3,213.37,32083.08,9.6249,3387.9103
4180.49,1986.5688,1821.89,323.0211,1528.35,389.7292,276.51,525.369,13166.79,3.95,3228.6381
1947.73,925.5613,1371.19,243.112,1717.83,438.0466,481.86,915.534,42720.29,12.8161,2535.07
2526.11,1200.4075,1006.92,178.5269,1338.85,341.4067,461.06,876.014,21862.65,6.5588,2602.9139
7312.78,3475.0331,1252.67,222.0984,961.84,245.2692,256.77,487.863,25645.6,7.6937,4437.9574
5990.56,2846.7141,1977.28,350.5717,138.19,35.2385,437.84,831.896,43803.45,13.141,4077.5613
4459.41,2119.1116,1734.18,307.4701,198.18,50.5359,28.86,54.834,9781.37,2.9344,2534.886
9207.12,4375.2234,338.68,60.048,665.86,169.7943,437.19,830.661,27543.18,8.263,5443.9897
1553.86,738.3943,1773.48,314.438,1086.98,277.1799,279.23,530.537,6128.06,1.8384,1862.3876
7005.23,3328.8853,1023.63,181.4896,1863.89,475.292,100.7,191.33,22398.75,6.7196,4183.7165
5744.96,2730.005,1421.38,252.0107,788.93,201.1771,159.19,302.461,35190.6,10.5572,3496.211
600.89,285.5429,1714.03,303.8975,791.81,201.9115,29.13,55.347,6091.83,1.8275,848.5264
5493.65,2610.5825,963.76,170.8746,1547.48,394.6074,276.97,526.243,6183.16,1.8549,3704.1624
1243.17,590.7544,1355.75,240.3745,1808.22,461.0961,373.87,710.353,2374.97,0.7125,2003.2905
4953.84,2354.0648,1007.02,178.5446,1602.04,408.5202,248.24,471.656,11487.93,3.4464,3416.232
5029.32,2389.9329,1703.35,302.004,475.34,121.2117,19.52,37.088,44399.33,13.3198,2863.5564
9711.94,4615.1139,1213.44,215.1429,1004.22,256.0761,55.94,106.286,46282.2,13.8847,5206.5036
3049.79,1449.2602,1744.36,309.275,87.04,22.1952,13.43,25.517,6802.56,2.0408,1808.2882
8016.59,3809.4836,889.84,157.7686,1526.48,389.2524,84.76,161.044,10025.69,3.0077,4520.5563
334.73,159.0637,751.32,133.209,1056.63,269.4407,207.33,393.927,49084.2,14.7253,970.3657
5346.22,2540.5237,1886.4,334.4587,756.08,192.8004,166.48,316.312,26616.75,7.985,3392.0798
2674.77,1271.0507,126.99,22.5153,1665.49,424.7,299.54,569.126,34681.71,10.4045,2297.7965
5353.99,2544.216,1128.15,200.021,1340.17,341.7434,325.23,617.937,46432.46,13.9297,3717.8471
7154.03,3399.5951,1395.72,247.4612,1577.37,402.2293,37.87,71.953,21680.02,6.504,4127.7426
100.95,47.9714,610.82,108.2984,1022.47,260.7298,369.65,702.335,36160.68,10.8482,1130.1828
3108.89,1477.3445,1747.96,309.9133,866.13,220.8631,292.77,556.263,22328.55,6.6986,2571.0825
410.41,195.0268,853.86,151.3894,716.29,182.6539,147.09,279.471,37060.67,11.1182,819.6593
4137.99,1966.3728,1941.38,344.2067,1255.47,320.1449,227.41,432.079,11061.36,3.3184,3066.1218
1432.93,680.9283,1173.08,207.9871,25.61,6.5305,433.41,823.479,19756.81,5.927,1724.8519
1340.82,637.1577,325.16,57.6509,1222.86,311.8293,249.81,474.639,21617.62,6.4853,1487.7622
6914.14,3285.5993,347.64,61.6366,293.63,74.8756,312.03,592.857,27648.49,8.2945,4023.263
8976.32,4265.5473,271.29,48.0997,1282.47,327.0299,211.67,402.173,14583.72,4.3751,5047.225
8789.66,4176.8464,202.38,35.882,1186.65,302.5958,494.05,938.695,13277.79,3.9833,5458.0025
370.67,176.1424,941.23,166.8801,1500.6,382.653,7.14,13.566,34697.83,10.4093,749.6508
6106.54,2901.8278,1665.24,295.2471,1084.64,276.5832,139.78,265.582,1334.57,0.4004,3739.6405
2138.15,1016.0489,1955.95,346.7899,1286.51,328.06,400.55,761.045,20538.77,6.1616,2458.1054
3100.21,1473.2198,1535.77,272.292,1192.26,304.0263,29.47,55.993,40117.47,12.0352,2117.5663
5965.12,2834.625,1242.63,220.3183,1981.51,505.2851,131.93,250.667,49515.45,14.8546,3825.75
379.35,180.2671,931.89,165.2241,294.96,75.2148,230.14,437.266,33545.17,10.0636,868.0356
7486.32,3557.4993,148.6,26.3468,1869.34,476.6817,252.19,479.161,4458.1,1.3374,4541.0262
4959.02,2356.5263,1540.45,273.1218,806.59,205.6805,441.4,838.66,21304.94,6.3915,3680.3801
1100.19,522.8103,880.65,156.1392,1652.12,421.2906,53.94,102.486,27341.58,8.2025,1210.9286
7388.28,3510.9107,193.89,34.3767,638.26,162.7563,18.65,35.435,44959.56,13.4879,3756.9666
2775.4,1318.8701,807.57,143.1822,1094.12,279.0006,174.38,331.322,11375.71,3.4127,2075.7876
8243.49,3917.3064,1825.56,323.6718,1904.33,485.6042,414.33,787.227,38916.92,11.6751,5525.4845
5041.17,2395.564,1332.77,236.3001,205.02,52.2801,431.04,818.976,47241.93,14.1726,3517.2928
5967.77,2835.8843,1122.72,199.0583,1142.97,291.4574,50.25,95.475,26331.86,7.8996,3429.7746
4176.19,1984.5255,1445.74,256.3297,773.52,197.2476,329.38,625.822,41478.26,12.4435,3076.3683
2306.48,1096.0393,513.3,91.0081,104.65,26.6858,125.35,238.165,41185.71,12.3557,1464.2539
7194.84,3418.988,1490.13,264.2,1621.0,413.355,308.18,585.542,43328.39,12.9985,4695.0835
6193.96,2943.3698,1794.88,318.2322,1690.94,431.1897,317.74,603.706,38845.67,11.6537,4308.1514
6538.67,3107.176,604.7,107.2133,1594.97,406.7174,19.13,36.347,40104.64,12.0314,3669.4851
6828.2,3244.7606,1615.68,286.4601,1076.27,274.4488,199.84,379.696,47155.83,14.1467,4199.5122
3273.8,1555.7098,1522.59,269.9552,1921.22,489.9111,458.02,870.238,24794.34,7.4383,3193.2524
7060.26,3355.0356,602.61,106.8428,474.95,121.1123,190.5,361.95,2100.29,0.6301,3945.5708
3463.98,1646.0833,1760.38,312.1154,1179.97,300.8924,205.91,391.229,11175.96,3.3528,2653.6729
9216.34,4379.6048,765.86,135.787,1558.76,397.4838,167.07,317.433,36137.61,10.8413,5241.1499
5413.39,2572.4429,874.98,155.134,261.55,66.6953,130.79,248.501,20026.21,6.0079,3048.7811
1443.58,685.9892,196.88,34.9068,1278.23,325.9486,467.65,888.535,5868.33,1.7605,1937.1401
9712.39,4615.3277,579.36,102.7205,202.7,51.6885,139.02,264.138,4788.19,1.4365,5035.3112
2691.91,1279.1956,1320.5,234.1247,1534.69,391.346,199.43,378.917,3785.62,1.1357,2284.719
3522.51,1673.8968,177.83,31.5293,224.98,57.3699,409.83,778.677,30199.28,9.0598,2550.5328
1073.56,510.1557,1506.0,267.0138,506.07,129.0479,378.03,718.257,38573.0,11.5719,1636.0463
9258.96,4399.8578,227.05,40.256,257.15,65.5733,57.68,109.592,36461.31,10.9384,4626.2175
3391.93,1611.8451,832.59,147.6182,473.58,120.7629,97.44,185.136,3933.75,1.1801,2066.5423
1373.07,652.4829,282.35,50.0607,183.22,46.7211,167.13,317.547,42808.07,12.8424,1079.6541
7861.64,3735.8513,607.88,107.7771,936.91,238.912,21.07,40.033,33286.54,9.986,4132.5594
1108.04,526.5406,969.1,171.8214,1249.44,318.6072,270.79,514.501,11112.86,3.3339,1534.8041
9241.0,4391.3232,1409.22,249.8547,1037.31,264.514,330.94,628.786,18212.25,5.4637,5539.9416
7640.05,3630.5518,676.66,119.9718,99.68,25.4184,306.53,582.407,6368.98,1.9107,4360.2597
6055.46,2877.5546,658.63,116.7751,930.78,237.3489,211.0,400.9,33455.9,10.0368,3642.6154
5872.24,2790.4884,47.47,8.4164,553.11,141.043,192.98,366.662,39958.1,11.9874,3318.5972
6405.37,3043.8318,1893.89,335.7867,121.96,31.0998,422.03,801.857,34745.38,10.4236,4222.9989
6157.49,2926.0392,420.56,74.5653,214.6,54.723,65.33,124.127,16304.71,4.8914,3184.3459
4147.5,1970.892,138.33,24.5259,1476.65,376.5458,241.35,458.565,47654.31,14.2963,2844.825
3211.66,1526.1808,82.57,14.6397,997.53,254.3701,126.61,240.559,37848.08,11.3544,2047.104
1891.63,898.9026,719.12,127.5,1069.62,272.7531,96.79,183.901,5546.49,1.6639,1484.7206
6565.94,3120.1347,171.21,30.3555,820.45,209.2148,456.92,868.148,39457.82,11.8373,4239.6903
3659.67,1739.0752,790.35,140.1291,214.5,54.6975,414.37,787.303,23175.34,6.9526,2728.1574
583.18,277.1271,713.84,126.5638,1696.66,432.6483,263.51,500.669,39448.14,11.8344,1348.8426
7544.42,3585.1084,78.6,13.9358,852.09,217.2829,457.69,869.611,39456.53,11.837,4697.7751
8866.52,4213.3703,662.53,117.4666,369.1,94.1205,311.23,591.337,22210.66,6.6632,5022.9576
8204.21,3898.6406,1428.54,253.2801,142.55,36.3503,448.68,852.492,32493.46,9.748,5050.511
1299.53,617.5367,894.05,158.5151,1403.47,357.8849,317.68,603.592,5922.15,1.7766,1739.3053
826.27,392.6435,1938.1,343.6251,1785.93,455.4121,383.37,728.403,42106.5,12.6319,1932.7156
325.55,154.7014,993.14,176.0837,1563.91,398.7971,192.88,366.472,36636.39,10.9909,1107.0451
9675.93,4598.0019,938.32,166.3641,148.61,37.8956,340.77,647.463,20452.38,6.1357,5455.8603
1489.83,707.9672,115.71,20.5154,1974.34,503.4567,278.51,529.169,7651.48,2.2954,1763.4037
1243.58,590.9492,1298.49,230.2223,533.24,135.9762,227.02,431.338,24236.04,7.2708,1395.7565
2564.05,1218.4366,379.05,67.2056,390.26,99.5163,199.21,378.499,6144.56,1.8434,1765.5009
4681.88,2224.8294,1132.62,200.8135,1153.89,294.242,97.59,185.421,13756.7,4.127,2909.4329
659.53,313.4087,1814.88,321.7782,1469.41,374.6996,263.27,500.213,24049.27,7.2148,1517.3143
5012.51,2381.9448,269.24,47.7363,1733.11,441.943,157.96,300.124,32119.89,9.636,3181.3841
4869.47,2313.9721,488.2,86.5579,113.9,29.0445,106.17,201.723,37006.36,11.1019,2642.3994
1336.74,635.2188,279.32,49.5234,1731.53,441.5401,163.92,311.448,24839.43,7.4518,1445.1821
2038.83,968.852,793.58,140.7017,279.32,71.2266,30.05,57.095,31785.7,9.5357,1247.411
8957.06,4256.3949,281.06,49.8319,1952.91,497.9921,36.85,70.015,25664.15,7.6992,4881.9331
3796.52,1804.1063,99.29,17.6041,136.28,34.7514,23.65,44.935,38646.69,11.594,1912.9908
9762.28,4639.0355,591.92,104.9474,106.98,27.2799,209.88,398.772,17067.34,5.1202,5175.155
6869.9,3264.5765,1001.49,177.5642,233.89,59.6419,344.82,655.158,38264.91,11.4795,4168.4201
9619.83,4571.3432,252.32,44.7363,393.34,100.3017,404.3,768.17,35201.41,10.5604,5495.1116
9174.7,4359.8174,1029.66,182.5587,1650.13,420.7832,228.13,433.447,44199.31,13.2598,5409.8661
4770.54,2266.9606,461.57,81.8364,1584.44,404.0322,390.81,742.539,36659.46,10.9978,3506.366
9878.03,4694.0399,611.59,108.4349,1934.35,493.2593,323.16,614.004,30234.6,9.0704,5918.8085
4784.84,2273.756,713.69,126.5372,1165.66,297.2433,264.2,501.98,47422.26,14.2267,3213.7432
153.51,72.948,1470.62,260.7409,1676.57,427.5254,83.75,159.125,43118.82,12.9356,933.2749
8338.26,3962.3412,1076.46,190.8564,1179.91,300.8771,464.8,883.12,4678.92,1.4037,5338.5984
3001.93,1426.5171,584.0,103.5432,546.33,139.3142,52.12,99.028,32202.31,9.6607,1778.0632
6456.7,3068.2238,523.14,92.7527,1379.5,351.7725,336.55,639.445,2720.75,0.8162,4153.0102
6587.71,3130.4798,1500.51,266.0404,1911.72,487.4886,56.13,106.647,48543.67,14.5631,4005.2189
142.88,67.8966,1641.38,291.0167,1496.06,381.4953,388.59,738.321,8138.29,2.4415,1481.1711
379.41,180.2956,261.85,46.426,1104.03,281.5276,147.16,279.604,20678.63,6.2036,794.0568
1203.59,571.946,1885.84,334.3594,1052.73,268.4461,498.42,946.998,35648.8,10.6946,2132.4441
5234.78,2487.5675,1876.64,332.7283,1057.94,269.7747,35.42,67.298,15751.92,4.7256,3162.0941
7911.78,3759.6779,576.34,102.1851,572.1,145.8855,274.09,520.771,27773.57,8.3321,4536.8516
730.24,347.01,741.53,131.4733,1291.68,329.3784,162.18,308.142,27770.28,8.3311,1124.3348
5691.49,2704.596,232.59,41.2382,818.9,208.8195,52.98,100.662,35330.02,10.599,3065.9147
5669.95,2694.3602,1848.17,327.6805,1100.94,280.7397,284.01,539.619,39162.62,11.7488,3854.1482
9478.14,4504.0121,1836.68,325.6434,526.61,134.2856,12.25,23.275,45078.32,13.5235,5000.7396
2371.63,1126.9986,1390.0,246.447,1380.87,352.1218,182.49,346.731,7978.68,2.3936,2074.692
8978.9,4266.7733,1171.84,207.7672,1589.6,405.348,48.29,91.751,13289.26,3.9868,4975.6263
650.26,309.0036,263.42,46.7044,1321.33,336.9391,430.26,817.494,15029.35,4.5088,1514.6499
389.51,185.0952,775.23,137.4483,413.08,105.3354,249.12,473.328,37395.31,11.2186,912.4255
4148.11,1971.1819,1411.25,250.2146,1786.83,455.6416,392.39,745.541,46976.0,14.0928,3436.6719
8701.2,4134.8102,1828.56,324.2037,1533.72,391.0986,103.02,195.738,42031.42,12.6094,5058.4599
4911.13,2333.769,1112.23,197.1984,761.07,194.0729,405.36,770.184,48742.83,14.6228,3509.8471
9605.42,4564.4956,1437.06,254.7907,416.19,106.1285,96.01,182.419,41576.9,12.4731,5120.3069
5109.66,2428.1104,1320.87,234.1903,1657.51,422.6651,285.38,542.222,12211.51,3.6635,3630.8513
9523.55,4525.591,1162.0,206.0226,1117.44,284.9472,392.63,745.997,28573.95,8.5722,5771.13
8854.55,4207.6822,1305.72,231.5042,523.21,133.4186,189.49,360.031,17492.76,5.2478,4937.8838
3867.73,1837.9453,159.03,28.196,651.95,166.2473,364.52,692.588,33066.34,9.9199,2734.8965
8821.66,4192.0528,1534.38,272.0456,1972.51,502.99,34.1,64.79,37052.6,11.1158,5042.9942
8220.9,3906.5717,508.55,90.1659,1701.17,433.7984,492.55,935.845,35996.15,10.7988,5377.1798
4923.82,2339.7993,796.29,141.1822,1640.84,418.4142,112.47,213.693,35075.68,10.5227,3123.6114
6106.51,2901.8136,1807.01,320.3829,1052.31,268.339,68.85,130.815,44798.0,13.4394,3634.7899
4552.89,2163.5333,1076.06,190.7854,1286.96,328.1748,276.87,526.053,31379.54,9.4139,3217.9604
5139.22,2442.1573,353.74,62.7181,320.42,81.7071,29.45,55.955,27610.99,8.2833,2650.8208
4804.2,2282.9558,1721.24,305.1759,1593.95,406.4573,472.19,897.161,36205.3,10.8616,3902.6116
8939.67,4248.1312,1815.93,321.9644,895.46,228.3423,250.95,476.805,6494.07,1.9482,5277.1911
4613.78,2192.4683,495.99,87.939,1063.97,271.3124,216.33,411.027,4421.99,1.3266,2964.0733
5462.44,2595.7515,55.24,9.7941,519.85,132.5618,257.97,490.143,44579.65,13.3739,3241.6243
934.76,444.198,1650.98,292.7188,496.03,126.4877,296.88,564.072,40491.09,12.1473,1439.6238
8887.01,4223.1072,1047.27,185.681,1189.82,303.4041,472.3,897.37,6405.19,1.9216,5611.4839
1237.21,587.9222,234.9,41.6478,1975.8,503.829,401.34,762.546,7003.74,2.1011,1898.0461
4494.26,2135.6724,1768.15,313.493,512.83,130.7717,87.06,165.414,20773.24,6.232,2751.5831
2842.23,1350.6277,1657.51,293.8765,1411.33,359.8891,251.64,478.116,49507.36,14.8522,2497.3615
7501.33,3564.632,1150.18,203.9269,806.04,205.5402,449.76,854.544,46270.04,13.881,4842.5241
2144.15,1018.9001,306.49,54.3407,1586.68,404.6034,89.44,169.936,23634.91,7.0905,1654.8707
2814.15,1337.2841,1590.03,281.9123,1600.02,408.0051,358.1,680.39,25552.5,7.6657,2715.2572
5220.29,2480.6818,844.86,149.7937,198.1,50.5155,382.99,727.681,14399.99,4.32,3412.992
4248.87,2019.063,159.67,28.3095,811.25,206.8688,407.56,774.364,7315.54,2.1947,3030.8
9498.84,4513.8488,1612.53,285.9016,1249.15,318.5333,103.52,196.688,24569.9,7.371,5322.3427
4429.58,2104.9364,305.59,54.1811,906.28,231.1014,210.93,400.767,12749.73,3.8249,2794.8108
3106.34,1476.1328,160.12,28.3893,204.51,52.1501,431.36,819.584,8053.68,2.4161,2378.6723
3096.8,1471.5994,222.97,39.5326,1200.51,306.13,370.08,703.152,6122.89,1.8369,2522.2509
9957.79,4731.9418,1785.04,316.4876,1001.38,255.3519,304.37,578.303,44809.27,13.4428,5895.5271
4268.43,2028.3579,1389.69,246.392,1103.35,281.3542,350.54,666.026,6348.46,1.9045,3224.0346
5608.23,2665.0309,983.79,174.426,715.85,182.5418,87.5,166.25,37080.51,11.1242,3199.3729
3053.21,1450.8854,1099.79,194.9928,600.05,153.0127,408.91,776.929,10311.22,3.0934,2578.9133
9260.07,4400.3853,335.45,59.4753,926.09,236.153,129.7,246.43,47225.98,14.1678,4956.6114
5133.62,2439.4962,1022.28,181.2502,909.56,231.9378,74.9,142.31,16280.79,4.8842,2999.8784
7227.76,3434.6316,695.73,123.3529,701.05,178.7677,406.79,772.901,23553.76,7.0661,4516.7193
2878.72,1367.9677,1025.9,181.8921,1439.92,367.1796,448.04,851.276,13798.64,4.1396,2772.455
1280.15,608.3273,281.62,49.9312,1892.02,482.4651,246.28,467.932,10734.32,3.2203,1611.8759
2163.25,1027.9764,1087.81,192.8687,1543.68,393.6384,165.92,315.248,29229.29,8.7688,1938.5003
6817.74,3239.79,346.07,61.3582,1573.3,401.1915,161.27,306.413,13336.02,4.0008,4012.7535
7399.28,3516.1379,909.63,161.2774,1480.12,377.4306,368.4,699.96,8984.52,2.6954,4757.5013
3226.74,1533.3468,66.24,11.7444,800.01,204.0026,10.54,20.026,26820.91,8.0463,1777.1661
5285.65,2511.7409,1862.07,330.145,1979.29,504.719,51.55,97.945,43726.48,13.1179,3457.6678
1403.93,667.1475,343.29,60.8653,1731.31,441.484,350.36,665.684,38409.43,11.5228,1846.7036
4147.91,1971.0868,460.16,81.5864,240.06,61.2153,407.91,775.029,47224.08,14.1672,2903.0847
8696.27,4132.4675,555.98,98.5753,1512.28,385.6314,328.69,624.511,49339.68,14.8019,5255.9871
9740.43,4628.6523,910.86,161.4955,1641.64,418.6182,272.71,518.149,41113.41,12.334,5739.249
5814.51,2763.0552,1866.3,330.895,1643.4,419.067,467.98,889.162,14508.61,4.3526,4406.5318
9493.26,4511.1972,1745.16,309.4169,1745.05,444.9878,84.49,160.531,4939.34,1.4818,5427.6147
3764.23,1788.7621,116.08,20.581,1491.81,380.4115,476.5,905.35,29605.47,8.8816,3103.9862
5823.23,2767.1989,839.55,148.8522,566.98,144.5799,18.34,34.846,28761.83,8.6285,3104.1055
5385.76,2559.3132,1093.57,193.89,1108.0,282.54,351.84,668.496,14518.01,4.3554,3708.5946
6014.94,2858.2995,1829.76,324.4164,1650.0,420.75,119.39,226.841,26267.56,7.8803,3838.1872
5386.72,2559.7693,820.28,145.4356,1178.44,300.5022,24.01,45.619,18385.26,5.5156,3056.8417
3515.83,1670.7224,1521.3,269.7265,1016.59,259.2305,303.94,577.486,2333.29,0.7,2777.8654
8938.73,4247.6845,795.22,140.9925,98.91,25.222,229.83,436.677,24735.88,7.4208,4857.9968
3911.39,1858.6925,598.02,106.0289,185.04,47.1852,407.46,774.174,18418.71,5.5256,2791.6062
8870.88,4215.4422,1484.46,263.1948,1606.63,409.6907,297.6,565.44,38304.01,11.4912,5465.2589
1473.37,700.1454,1316.78,233.4651,1864.27,475.3888,208.36,395.884,17824.79,5.3474,1810.2307
833.46,396.0602,1645.92,291.8216,1648.19,420.2885,134.96,256.424,17460.53,5.2382,1369.8325
5715.96,2716.2242,514.58,91.235,1624.34,414.2067,337.14,640.566,46893.46,14.068,3876.2999
3267.49,1552.7112,919.9,163.0983,390.51,99.58,167.21,317.699,12402.9,3.7209,2136.8094
5263.46,2501.1962,1123.12,199.1292,407.76,103.9788,322.03,611.857,6592.69,1.9778,3418.139
2197.87,1044.4278,258.08,45.7576,171.58,43.7529,392.23,745.237,37056.42,11.1169,1890.2922
6211.09,2951.51,1579.8,280.0985,1917.6,488.988,79.92,151.848,35151.88,10.5456,3882.9901
1887.94,897.1491,1139.59,202.0493,346.75,88.4213,364.86,693.234,48464.13,14.5392,1895.3929
9269.23,4404.7381,1755.76,311.2962,920.66,234.7683,233.6,443.84,32882.26,9.8647,5404.5073
3161.88,1502.5254,1156.52,205.051,1729.8,441.099,145.48,276.412,38869.17,11.6608,2436.7482
6333.76,3009.8028,1586.0,281.1978,684.74,174.6087,203.65,386.935,39729.55,11.9189,3864.4632
4352.09,2068.1132,1649.82,292.5131,238.1,60.7155,460.05,874.095,8705.3,2.6116,3298.0484
7065.29,3357.4258,1706.33,302.5323,149.07,38.0129,32.99,62.681,31091.57,9.3275,3769.9795
9189.02,4366.6223,860.45,152.5578,1952.84,497.9742,309.76,588.544,33855.56,10.1567,5615.855
6575.9,3124.8677,152.74,27.0808,1297.59,330.8854,422.71,803.149,13671.93,4.1016,4290.0845
1638.84,778.7768,1058.81,187.727,493.33,125.7991,296.63,563.597,26687.81,8.0063,1663.9062
805.78,382.9067,715.01,126.7713,1870.06,476.8653,205.2,389.88,2432.96,0.7299,1377.1532
6808.41,3235.3564,1671.38,296.3357,429.47,109.5149,78.0,148.2,29962.33,8.9887,3798.3957
5445.64,2587.7681,1244.27,220.6091,883.48,225.2874,98.96,188.024,39538.74,11.8616,3233.5502
3069.83,1458.7832,1593.2,282.4744,310.75,79.2413,78.53,149.207,4531.46,1.3594,1971.0653
9219.93,4381.3107,1792.48,317.8067,182.17,46.4534,433.49,823.631,40602.9,12.1809,5581.3827
4821.72,2291.2813,875.97,155.3095,1557.89,397.262,318.76,605.644,25461.32,7.6384,3457.1352
3726.84,1770.9944,1707.16,302.6795,1523.82,388.5741,313.54,595.726,17802.02,5.3406,3063.3146
2398.1,1139.5771,465.41,82.5172,1711.38,436.4019,329.0,625.1,1556.38,0.4669,2284.0631
2650.28,1259.4131,646.86,114.6883,588.18,149.9859,266.9,507.11,1940.59,0.5822,2031.7795
2701.67,1283.8336,1117.73,198.1735,1808.35,461.1293,147.4,280.06,21008.44,6.3025,2229.4989
6363.52,3023.9447,1867.58,331.1219,1884.33,480.5041,334.76,636.044,5516.51,1.655,4473.2697
7557.22,3591.1909,111.8,19.8221,1672.48,426.4824,133.86,254.334,49582.71,14.8748,4306.7042
9876.3,4693.2178,430.04,76.2461,914.01,233.0726,114.78,218.082,29274.34,8.7823,5229.4008
2868.61,1363.1635,856.66,151.8858,1105.08,281.7954,428.36,813.884,17098.14,5.1294,2615.8581
1942.41,923.0332,905.66,160.5735,420.8,107.304,83.73,159.087,44824.82,13.4474,1363.4451
5894.84,2801.228,1530.77,271.4055,1225.74,312.5637,338.66,643.454,47439.47,14.2318,4042.883
446.64,212.2433,1289.51,228.6301,922.55,235.2502,27.41,52.079,22619.53,6.7859,734.9885
6855.64,3257.8001,341.45,60.5391,1053.78,268.7139,158.58,301.302,13671.21,4.1014,3892.4565
7704.7,3661.2734,179.54,31.8324,286.72,73.1136,170.54,324.026,49790.47,14.9371,4105.1825
247.22,117.4789,860.59,152.5826,1793.58,457.3629,82.43,156.617,40077.63,12.0233,896.0647
8105.35,3851.6623,704.09,124.8352,615.88,157.0494,469.62,892.278,40411.76,12.1235,5037.9484
4788.11,2275.3099,933.01,165.4227,1164.32,296.9016,9.15,17.385,10892.7,3.2678,2758.287
7843.17,3727.0744,978.54,173.4951,1684.2,429.471,396.49,753.331,6447.8,1.9343,5085.3058
4562.11,2167.9147,715.21,126.8067,1722.63,439.2707,465.02,883.538,26818.63,8.0456,3625.5757
143.39,68.1389,434.53,77.0422,895.36,228.3168,418.5,795.15,18267.77,5.4803,1174.1282
1433.14,681.0281,1220.6,216.4124,662.69,168.986,269.2,511.48,28209.87,8.463,1586.3695
3150.11,1496.9323,83.74,14.8471,1898.57,484.1354,294.21,558.999,38860.51,11.6582,2566.572
7648.02,3634.3391,227.86,40.3996,1761.61,449.2105,43.2,82.08,31899.14,9.5697,4215.5989
6617.21,3144.4982,1229.27,217.9496,1511.4,385.407,211.84,402.496,13233.12,3.9699,4154.3207
8925.04,4241.179,767.31,136.0441,1232.59,314.3105,261.01,495.919,20968.67,6.2906,5193.7432
4161.73,1977.6541,879.04,155.8538,1510.22,385.1061,13.14,24.966,9063.95,2.7192,2546.2992
2264.38,1076.0334,291.83,51.7415,1750.66,446.4183,224.08,425.752,49244.73,14.7734,2014.7186
2527.66,1201.144,1969.92,349.2668,582.61,148.5656,245.6,466.64,13157.34,3.9472,2169.5636
2781.55,1321.7926,1938.98,343.7812,596.45,152.0948,494.01,938.619,21576.74,6.473,2762.7606
8540.07,4058.2413,1590.91,282.0683,1940.36,494.7918,180.52,342.988,6229.68,1.8689,5179.9583
3704.81,1760.5257,1582.45,280.5684,1429.08,364.4154,287.36,545.984,44279.11,13.2837,2964.7772
5174.34,2458.8464,915.82,162.3749,131.93,33.6422,394.4,749.36,40249.43,12.0748,3416.2983
4576.56,2174.7813,491.56,87.1536,892.11,227.4881,420.4,798.76,23202.16,6.9606,3295.1436
4013.54,1907.2342,1127.73,199.9465,230.83,58.8617,249.42,473.898,24945.67,7.4837,2647.4241
2867.76,1362.7596,1916.41,339.7795,1175.68,299.7984,288.33,547.827,47300.83,14.1902,2564.3547
2888.29,1372.5154,844.65,149.7564,1719.75,438.5362,36.34,69.046,1657.69,0.4973,2030.3513
8180.24,3887.25,31.07,5.5087,625.06,159.3903,396.45,753.255,24018.97,7.2057,4812.6097
5771.19,2742.4695,1836.69,325.6451,1176.94,300.1197,435.38,827.222,30187.99,9.0564,4204.5127
9499.01,4513.9296,1538.37,272.753,70.43,17.9597,333.66,633.954,30559.63,9.1679,5447.7642
9391.69,4462.9311,167.16,29.6375,1500.81,382.7065,479.14,910.366,44080.32,13.2241,5798.8652
9905.67,4707.1744,1773.39,314.422,1615.09,411.8479,400.13,760.247,44953.52,13.4861,6207.1774
5659.58,2689.4324,1537.04,272.5172,917.71,234.0161,209.01,397.119,24251.28,7.2754,3600.3601
8556.25,4065.93,965.73,171.2239,663.85,169.2818,121.14,230.166,32617.82,9.7853,4646.387
1229.26,584.1444,263.08,46.6441,1520.2,387.651,110.08,209.152,34930.06,10.479,1238.0705
4535.07,2155.0653,1381.35,244.9134,1922.49,490.235,300.37,570.703,40776.82,12.233,3473.1497
5169.38,2456.4894,357.86,63.4486,729.33,185.9792,167.96,319.124,26117.72,7.8353,3032.8765
3268.79,1553.329,50.16,8.8934,1336.64,340.8432,39.41,74.879,1336.91,0.4011,1978.3457
9307.12,4422.7434,756.46,134.1204,774.76,197.5638,356.15,676.685,45427.45,13.6282,5444.7408
4506.39,2141.4365,1083.64,192.1294,388.56,99.0828,421.86,801.534,37243.52,11.1731,3245.3558
4042.37,1920.9342,382.12,67.7499,1847.18,471.0309,431.51,819.869,22985.57,6.8957,3286.4797
5353.24,2543.8596,1067.93,189.344,1658.28,422.8614,351.76,668.344,27042.77,8.1128,3832.5218
9129.11,4338.1531,76.3,13.528,1127.34,287.4717,388.45,738.055,5327.29,1.5982,5378.806
8007.05,3804.9502,935.03,165.7808,309.72,78.9786,270.67,514.273,49547.82,14.8643,4578.8469
7981.64,3792.8753,1407.47,249.5444,1937.24,493.9962,94.47,179.493,17624.58,5.2874,4721.1963
2214.84,1052.492,515.35,91.3716,1896.11,483.508,225.28,428.032,11917.05,3.5751,2058.9787
9812.24,4662.7764,1246.26,220.9619,1290.49,329.075,133.45,253.555,39190.78,11.7572,5478.1255
2495.58,1185.8996,977.86,173.3746,1481.84,377.8692,349.71,664.449,27477.33,8.2432,2409.8356
5638.25,2679.2964,745.09,132.1045,1439.22,367.0011,100.33,190.627,46371.18,13.9114,3382.9404
9522.25,4524.9732,304.87,54.0535,88.62,22.5981,50.92,96.748,33315.96,9.9948,4708.3676
9184.31,4364.3841,1835.45,325.4253,881.6,224.808,412.67,784.073,14011.58,4.2035,5702.8939
6603.6,3138.0307,321.35,56.9754,1606.05,409.5428,124.02,235.638,40862.1,12.2586,3852.4455
4359.88,2071.815,1552.67,275.2884,1096.33,279.5641,171.55,325.945,25287.14,7.5861,2960.1986
4484.44,2131.0059,1889.0,334.9197,1605.12,409.3056,31.74,60.306,8713.82,2.6141,2938.1513
1515.68,720.2511,43.49,7.7108,245.66,62.6433,42.41,80.579,23410.27,7.0231,878.2073
2566.51,1219.6056,324.34,57.5055,1055.97,269.2724,490.43,931.817,45317.36,13.5952,2491.7957
2700.8,1283.4202,1292.45,229.1514,1794.28,457.5414,476.02,904.438,31291.27,9.3874,2883.9384
3579.57,1701.0117,117.65,20.8593,444.33,113.3041,432.91,822.529,44197.18,13.2592,2670.9633
4321.86,2053.7479,145.87,25.8628,1394.35,355.5592,178.9,339.91,16494.2,4.9483,2780.0282
2971.12,1411.8762,1374.39,243.6793,612.86,156.2793,86.88,165.072,3137.28,0.9412,1977.848
6881.83,3270.2456,1876.58,332.7176,1803.52,459.8976,301.19,572.261,9378.61,2.8136,4637.9354
4833.45,2296.8554,14.96,2.6524,160.04,40.8102,79.74,151.506,23992.75,7.1978,2499.0218
4633.06,2201.6301,1810.85,321.0637,799.2,203.796,489.16,929.404,37076.64,11.123,3667.0168
9871.17,4690.78,1219.5,216.2174,794.61,202.6256,24.94,47.386,35063.87,10.5192,5167.5282
2806.4,1333.6013,1152.4,204.3205,112.77,28.7564,180.34,342.646,8043.73,2.4131,1911.7373
6221.35,2956.3855,314.24,55.7148,1709.99,436.0475,373.86,710.334,41450.79,12.4352,4170.917
9931.77,4719.5771,1943.42,344.5684,270.29,68.924,261.99,497.781,37114.71,11.1344,5641.9849
6472.16,3075.5704,1654.47,293.3375,1466.8,374.034,406.46,772.274,4588.92,1.3767,4516.5926
2641.12,1255.0602,1452.5,257.5283,804.59,205.1705,137.28,260.832,1731.68,0.5195,1979.1105
7303.53,3470.6375,736.92,130.6559,362.6,92.463,223.51,424.669,30611.91,9.1836,4127.609
9521.58,4524.6548,1744.07,309.2236,1471.33,375.1891,21.24,40.356,28425.59,8.5277,5257.9512
3483.37,1655.2974,721.72,127.961,1062.68,270.9834,338.37,642.903,32804.39,9.8413,2706.9861
1289.34,612.6944,1884.6,334.1396,772.85,197.0768,388.7,738.53,15039.16,4.5117,1886.9525
379.69,180.4287,316.27,56.0747,502.35,128.0993,226.2,429.78,20926.55,6.278,800.6607
9467.98,4499.1841,1094.6,194.0726,548.27,139.8089,496.52,943.388,17040.46,5.1121,5781.5657
7787.13,3700.4442,1735.94,307.7822,53.2,13.566,311.96,592.724,33275.11,9.9825,4624.4989
6290.1,2989.0555,1591.36,282.1481,1739.74,443.6337,350.98,666.862,13158.15,3.9474,4385.6467
6924.88,3290.703,1905.35,337.8186,1636.03,417.1877,259.93,493.867,48991.5,14.6974,4554.2737
9279.28,4409.5139,314.42,55.7467,413.96,105.5598,221.02,419.938,30800.63,9.2402,4999.9986
9363.49,4449.5304,1604.15,284.4158,581.03,148.1626,32.19,61.161,9959.77,2.9879,4946.2577
1617.7,768.731,664.85,117.8779,1138.2,290.241,229.26,435.594,27964.7,8.3894,1620.8333
4278.86,2033.3143,1348.6,239.1068,630.86,160.8693,83.35,158.365,49867.56,14.9603,2606.6157
4530.23,2152.7653,370.08,65.6152,10.3,2.6265,261.41,496.679,29020.59,8.7062,2726.3922
3382.79,1607.5018,1947.32,345.2598,363.48,92.6874,380.42,722.798,28964.56,8.6894,2776.9364
132.85,63.1303,1335.8,236.8373,1467.7,374.2635,292.6,555.94,28725.3,8.6176,1238.7887
974.03,462.8591,539.11,95.5842,580.84,148.1142,11.89,22.591,22428.51,6.7286,735.8771
8638.92,4105.2148,1150.1,203.9127,1200.56,306.1428,344.8,655.12,6035.66,1.8107,5272.201
8810.73,4186.8589,728.09,129.0904,1444.0,368.22,30.94,58.786,14528.59,4.3586,4747.3139
1934.67,919.3552,506.28,89.7634,183.21,46.7186,334.69,635.911,36870.06,11.061,1702.8092
7362.66,3498.736,26.02,4.6133,83.15,21.2033,134.35,255.265,30240.16,9.072,3788.8896
7648.46,3634.5482,1092.76,193.7463,159.11,40.5731,202.32,384.408,18701.02,5.6103,4258.8859
5094.34,2420.8304,1182.67,209.6874,1534.51,391.3,415.25,788.975,27552.61,8.2658,3819.0586
367.17,174.4792,672.52,119.2378,546.0,139.23,14.06,26.714,15855.71,4.7567,464.4177
708.36,336.6127,1503.52,266.5741,661.13,168.5882,27.34,51.946,8750.72,2.6252,826.3462
9858.67,4684.84,312.89,55.4754,1031.59,263.0555,310.28,589.532,16928.08,5.0784,5597.9813
9435.81,4483.8969,1690.31,299.692,1750.61,446.4056,193.81,368.239,27339.0,8.2017,5606.4352
4307.84,2047.0856,1098.55,194.7729,1362.91,347.5421,304.27,578.113,12094.37,3.6283,3171.1419
4078.31,1938.0129,240.4,42.6229,1801.92,459.4896,199.71,379.449,41742.92,12.5229,2832.0973
1351.94,642.4419,57.16,10.1345,1253.16,319.5558,291.16,553.204,18721.96,5.6166,1530.9528
7419.06,3525.5373,621.02,110.1068,718.65,183.2558,283.82,539.258,5848.73,1.7546,4359.9125
6300.64,2994.0641,218.08,38.6656,1922.48,490.2324,17.32,32.908,11675.56,3.5027,3559.3728
2817.25,1338.7572,801.88,142.1733,1251.86,319.2243,36.99,70.281,19953.52,5.9861,1876.4219
7416.74,3524.4348,732.54,129.8793,627.37,159.9794,408.31,775.789,29839.44,8.9518,4599.0343
1864.34,885.9344,301.47,53.4506,79.71,20.326,124.43,236.417,48388.05,14.5164,1210.6444
1290.59,613.2884,38.17,6.7675,1510.39,385.1495,415.41,789.279,13044.23,3.9133,1798.3977
5690.39,2704.0733,1730.39,306.7981,1742.24,444.2712,150.39,285.741,46821.22,14.0464,3754.93
2076.6,986.8003,119.41,21.1714,514.34,131.1567,446.99,849.281,18458.94,5.5377,1993.9471
6894.38,3276.2094,225.01,39.8943,360.09,91.8229,59.63,113.297,40343.38,12.103,3533.3266
2525.55,1200.1414,563.96,99.9901,555.55,141.6652,309.83,588.677,44195.03,13.2585,2043.7322
1372.38,652.155,673.37,119.3885,1925.69,491.051,436.65,829.635,30848.44,9.2545,2101.484
2974.75,1413.6012,821.3,145.6165,1607.53,409.9201,367.67,698.573,14472.43,4.3417,2672.0525
9108.19,4328.2119,1766.81,313.2554,1830.67,466.8209,100.44,190.836,31103.62,9.3311,5308.4553
7850.44,3730.5291,1002.57,177.7557,1827.9,466.1145,287.64,546.516,7622.26,2.2867,4923.202
1409.39,669.7421,1924.18,341.1571,668.66,170.5083,312.62,593.978,37155.35,11.1466,1786.5321
3937.82,1871.2521,1034.29,183.3796,334.83,85.3816,273.02,518.738,40320.22,12.0961,2670.8474
1176.44,559.0443,1230.27,218.1269,1891.36,482.2968,220.23,418.437,21440.17,6.4321,1684.3371
1559.04,740.8558,1077.61,191.0603,1717.96,438.0798,270.93,514.767,7045.73,2.1137,1886.8766
1889.03,897.6671,996.81,176.7344,1483.45,378.2798,216.12,410.628,44560.48,13.3681,1876.6774
9447.47,4489.4377,38.81,6.881,308.13,78.5731,363.36,690.384,12243.02,3.6729,5268.9487
4985.34,2369.0336,1734.54,307.5339,1092.6,278.613,96.24,182.856,39137.33,11.7412,3149.7777
7674.01,3646.6896,1224.41,217.0879,1757.78,448.2339,174.29,331.151,35973.82,10.7921,4653.9545
9684.8,4602.217,744.8,132.053,1430.41,364.7546,307.95,585.105,47572.98,14.2719,5698.4015
4665.54,2217.0646,1099.42,194.9272,897.47,228.8548,342.07,649.933,13270.89,3.9813,3294.7609
880.09,418.2188,1366.94,242.3585,1039.49,265.07,468.24,889.656,24614.42,7.3843,1822.6876
3719.79,1767.6442,907.85,160.9618,531.37,135.4993,89.61,170.259,11622.87,3.4869,2237.8512
1262.81,600.0873,1960.14,347.5328,1881.64,479.8182,197.33,374.927,26150.5,7.8451,1810.2104
3502.95,1664.6018,1657.28,293.8357,355.47,90.6449,376.22,714.818,5696.38,1.7089,2765.6093
8750.6,4158.2851,964.32,170.9739,1705.02,434.7801,24.59,46.721,16739.91,5.022,4815.7821
2286.9,1086.7349,375.19,66.5212,151.94,38.7447,86.37,164.103,6904.54,2.0714,1358.1752
5715.19,2715.8583,1540.08,273.0562,208.09,53.063,401.21,762.299,41253.15,12.3759,3816.6524
3748.48,1781.2777,901.49,159.8342,1351.04,344.5152,51.71,98.249,48105.71,14.4317,2398.3078
4528.59,2151.986,1996.37,353.9564,1197.88,305.4594,412.95,784.605,39239.01,11.7717,3607.7785
3686.13,1751.649,1339.58,237.5075,559.07,142.5629,323.3,614.27,26214.11,7.8642,2753.8536
2728.58,1296.6212,1321.51,234.3037,1323.34,337.4517,357.57,679.383,4213.99,1.2642,2549.0238
1947.88,925.6326,1856.81,329.2124,1269.21,323.6486,178.52,339.188,7366.28,2.2099,1919.8915
2632.66,1251.04,161.48,28.6304,1770.4,451.452,353.58,671.802,19518.82,5.8556,2408.78
436.91,207.6196,1412.2,250.3831,1946.35,496.3193,245.05,465.595,21011.62,6.3035,1426.2205
6671.03,3170.0735,1058.68,187.704,1601.47,408.3749,214.91,408.329,47930.98,14.3793,4188.8607
8204.52,3898.7879,1390.06,246.4576,283.01,72.1676,124.73,236.987,1199.58,0.3599,4454.76
4805.13,2283.3978,523.85,92.8786,1295.51,330.3551,102.0,193.8,21492.14,6.4476,2906.8791
4694.8,2230.969,80.29,14.2354,823.5,209.9925,66.93,127.167,33652.76,10.0958,2592.4597
5001.06,2376.5037,780.8,138.4358,1492.5,380.5875,175.37,333.203,11813.82,3.5441,3232.2741
3118.59,1481.954,954.75,169.2772,1279.3,326.2215,305.67,580.773,9616.14,2.8848,2561.1105
5218.15,2479.6649,1007.14,178.5659,1429.99,364.6474,254.64,483.816,12287.63,3.6863,3510.3805
6729.36,3197.7919,1033.69,183.2732,1760.19,448.8485,24.8,47.12,25998.88,7.7997,3884.8333
6004.72,2853.4429,645.54,114.4542,1098.3,280.0665,352.94,670.586,4716.52,1.415,3919.9646
7880.59,3744.8564,1083.49,192.1028,992.65,253.1258,85.09,161.671,40353.22,12.106,4363.862
2851.03,1354.8095,1174.09,208.1662,1120.27,285.6689,209.57,398.183,4713.85,1.4142,2248.2418
8894.28,4226.5619,879.34,155.907,11.51,2.935,449.34,853.746,46790.88,14.0373,5253.1872
8883.16,4221.2776,1535.78,272.2938,1038.47,264.8099,305.48,580.412,45552.4,13.6657,5352.459
8405.49,3994.2888,1593.26,282.485,857.5,218.6625,330.94,628.786,21720.56,6.5162,5130.7385
9162.84,4354.1816,1950.49,345.8219,333.62,85.0731,473.26,899.194,4805.86,1.4418,5685.7124
8482.39,4030.8317,64.44,11.4252,706.19,180.0785,298.12,566.428,27070.97,8.1213,4796.8847
1666.94,792.1299,1980.84,351.2029,1598.62,407.6481,48.41,91.979,11268.5,3.3805,1646.3404
6350.18,3017.6055,606.06,107.4544,486.02,123.9351,405.2,769.88,28494.32,8.5483,4027.4233
6892.69,3275.4063,400.21,70.9572,1428.47,364.2599,271.36,515.584,22941.22,6.8824,4233.0898
9517.09,4522.5212,1296.96,229.951,266.49,67.9549,319.98,607.962,23448.03,7.0344,5435.4235
9089.52,4319.3399,1672.99,296.6211,1692.92,431.6946,174.98,332.462,18642.83,5.5928,5385.7104
3530.0,1677.456,621.71,110.2292,731.66,186.5733,474.08,900.752,17561.54,5.2685,2880.279
7028.04,3339.7246,300.99,53.3655,1180.31,300.979,400.43,760.817,13098.07,3.9294,4458.8155
1928.15,916.2569,86.13,15.2708,1421.19,362.4035,392.35,745.465,28301.38,8.4904,2047.8866
9319.31,4428.5361,1842.83,326.7338,1423.68,363.0384,150.72,286.368,13904.09,4.1712,5408.8475
7609.36,3615.9679,1586.97,281.3698,819.57,208.9904,104.98,199.462,16938.89,5.0817,4310.8718
2563.13,1217.9994,596.86,105.8233,1393.87,355.4368,19.86,37.734,41216.82,12.365,1729.3585
3389.75,1610.8092,1753.22,310.8459,1460.07,372.3178,17.07,32.433,49347.35,14.8042,2341.2101
6930.51,3293.3784,151.56,26.8716,64.54,16.4577,226.21,429.799,30244.91,9.0735,3775.5802
7470.3,3549.8866,84.36,14.957,872.06,222.3753,431.56,819.964,11014.61,3.3044,4610.4873
2071.24,984.2532,1339.29,237.4561,1593.4,406.317,436.52,829.388,42270.56,12.6812,2470.0955
7270.45,3454.9178,1353.89,240.0447,648.05,165.2527,190.83,362.577,40197.17,12.0592,4234.8514
387.97,184.3633,1315.83,233.2967,1680.35,428.4892,341.21,648.299,38985.73,11.6957,1506.1439
1258.1,597.8491,1681.77,298.1778,1919.05,489.3578,11.72,22.268,12123.37,3.637,1411.2897
4783.62,2273.1762,1919.55,340.3362,840.83,214.4117,183.97,349.543,38267.84,11.4804,3188.9475
8135.9,3866.1797,1488.5,263.9111,57.96,14.7798,326.9,621.11,9665.53,2.8997,4768.8803
1025.11,487.1323,619.15,109.7753,507.49,129.41,65.24,123.956,40675.6,12.2027,862.4763
3252.7,1545.683,1080.35,191.5461,1764.34,449.9067,244.95,465.405,32889.89,9.867,2662.4078
9699.57,4609.2357,986.28,174.8674,1934.25,493.2337,267.72,508.668,49368.33,14.8105,5800.8153
6551.32,3113.1873,1826.73,323.8792,442.71,112.891,299.13,568.347,5466.52,1.64,4119.9445
4910.08,2333.27,634.92,112.5713,1227.66,313.0533,321.21,610.299,1160.76,0.3482,3369.5418
6622.38,3146.955,536.64,95.1463,1891.62,482.3631,296.94,564.186,19689.37,5.9068,4294.5572
9165.13,4355.2698,925.35,164.0646,1083.29,276.2389,401.4,762.66,24875.41,7.4626,5565.6959
1042.14,495.2249,163.19,28.9336,1361.46,347.1723,430.24,817.456,38883.17,11.665,1700.4518
7659.61,3639.8467,1784.23,316.344,1891.54,482.3427,435.71,827.849,40490.83,12.1472,5278.5296
6696.08,3181.9772,421.9,74.8029,1809.65,461.4608,221.95,421.705,16112.89,4.8339,4144.7798
7861.92,3735.9844,883.06,156.5665,1947.99,496.7375,422.53,802.807,26082.21,7.8247,5199.9201
6480.67,3079.6144,265.2,47.02,700.31,178.579,383.03,727.757,27768.8,8.3306,4041.301
968.76,460.3548,1438.24,255.0,835.69,213.101,324.55,616.645,35954.26,10.7863,1555.8871
2855.81,1357.0809,600.86,106.5325,1693.14,431.7507,150.81,286.539,8410.44,2.5231,2184.4262
4979.42,2366.2204,1301.17,230.6974,1147.04,292.4952,133.45,253.555,15112.15,4.5336,3147.5016
1489.77,707.9387,1136.89,201.5706,596.53,152.1151,197.23,374.737,20720.32,6.2161,1442.5775
6723.82,3195.1593,50.98,9.0388,412.58,105.2079,478.38,908.922,45084.41,13.5253,4231.8533
7830.32,3720.9681,1840.38,326.2994,1696.47,432.5999,240.48,456.912,33725.76,10.1177,4946.8971
319.36,151.7599,690.21,122.3742,360.26,91.8663,310.37,589.703,40881.39,12.2644,967.9678
8337.92,3962.1796,1624.77,288.0717,1639.87,418.1668,448.11,851.409,40531.69,12.1595,5531.9866
8505.73,4041.9229,1712.05,303.5465,1859.64,474.2082,447.25,849.775,18907.53,5.6723,5675.1249
4091.08,1944.0812,1983.67,351.7047,1234.41,314.7746,46.72,88.768,13254.77,3.9764,2703.3049
3652.8,1735.8106,832.25,147.5579,861.79,219.7565,407.82,774.858,25833.35,7.75,2885.733
6091.76,2894.8044,973.67,172.6317,1691.46,431.3223,402.87,765.453,39303.01,11.7909,4276.0023
8315.76,3951.6492,203.23,36.0327,1658.67,422.9609,224.04,425.676,9436.67,2.831,4839.1498
2530.24,1202.37,646.32,114.5925,285.18,72.7209,257.12,488.528,32228.14,9.6684,1887.8798
6391.93,3037.4451,97.78,17.3364,662.94,169.0497,231.67,440.173,15422.28,4.6267,3668.6309
7212.13,3427.2042,768.77,136.3029,952.25,242.8238,22.53,42.807,3547.14,1.0641,3850.202
2890.62,1373.6226,163.27,28.9478,690.85,176.1668,141.0,267.9,27747.19,8.3242,1854.9614
5424.89,2577.9077,346.13,61.3688,1636.14,417.2157,20.76,39.444,21079.94,6.324,3102.2602
8914.78,4236.3035,963.76,170.8746,98.31,25.0691,58.71,111.549,20649.55,6.1949,4549.9911
8063.24,3831.6516,1963.06,348.0505,1698.12,433.0206,127.65,242.535,13997.92,4.1994,4859.4571
9862.04,4686.4414,925.09,164.0185,683.89,174.392,495.33,941.127,4271.25,1.2814,5967.2603
1858.26,883.0452,1067.75,189.3121,1057.85,269.7517,152.14,289.066,11321.96,3.3966,1634.5716
9415.11,4474.0603,15.92,2.8226,811.73,206.9912,39.17,74.423,29904.92,8.9715,4767.2686
9747.91,4632.2068,525.34,93.1428,924.81,235.8265,443.28,842.232,4324.34,1.2973,5804.7054
1198.94,569.7363,1031.19,182.83,1536.23,391.7387,65.66,124.754,12180.79,3.6542,1272.7132
5711.87,2714.2806,1418.08,251.4256,1715.55,437.4652,296.19,562.761,2601.65,0.7805,3966.7129
6016.06,2858.8317,1249.41,221.5204,1941.32,495.0366,54.11,102.809,40125.04,12.0375,3690.2352
8171.49,3883.092,641.43,113.7255,1723.16,439.4058,214.2,406.98,42311.82,12.6935,4855.8968
8844.57,4202.9397,1965.71,348.5204,1886.7,481.1085,21.32,40.508,36938.11,11.0814,5084.158
2271.71,1079.5166,1740.64,308.6155,1985.67,506.3459,471.61,896.059,14168.93,4.2507,2794.7877
5301.07,2519.0685,1226.16,217.3982,1459.49,372.17,51.61,98.059,42418.06,12.7254,3219.4211
4594.94,2183.5155,1449.05,256.9166,371.31,94.684,333.92,634.448,42945.26,12.8836,3182.4477
5364.36,2549.1439,957.66,169.7931,453.39,115.6145,489.59,930.221,12024.99,3.6075,3768.38
4854.08,2306.6588,1370.47,242.9843,804.43,205.1296,344.89,655.291,32548.31,9.7645,3419.8282
1984.49,943.0296,1810.45,320.9928,500.51,127.63,238.49,453.131,32638.38,9.7915,1854.5749
6600.89,3136.7429,1741.21,308.7165,459.57,117.1903,366.65,696.635,28979.21,8.6938,4267.9785
6486.71,3082.4846,823.29,145.9693,1045.07,266.4928,312.8,594.32,2953.98,0.8862,4090.1529
7701.89,3659.9381,426.92,75.6929,1116.07,284.5978,412.89,784.491,19563.14,5.8689,4810.5887
7278.1,3458.5531,1149.57,203.8188,277.96,70.8798,331.43,629.717,11197.6,3.3593,4366.328
3793.7,1802.7662,829.01,146.9835,1973.87,503.3368,391.39,743.641,49443.73,14.8331,3211.5606
2817.78,1339.0091,835.92,148.2086,437.34,111.5217,428.55,814.245,7717.98,2.3154,2415.2998
5115.95,2431.0994,1079.68,191.4273,407.45,103.8997,426.67,810.673,41540.42,12.4621,3549.5615
4937.96,2346.5186,1284.03,227.6585,1941.32,495.0366,150.45,285.855,33713.25,10.114,3365.1827
6768.35,3216.3199,457.32,81.0828,1520.61,387.7555,91.55,173.945,2001.59,0.6005,3859.7037
9229.17,4385.7016,1854.13,328.7372,656.2,167.331,365.44,694.336,6179.37,1.8538,5577.9596
105.65,50.2049,185.05,32.8094,1036.48,264.3024,134.38,255.322,10913.25,3.274,605.9127
1153.77,548.2715,808.04,143.2655,908.09,231.563,174.73,331.987,4103.17,1.231,1256.318
428.67,203.704,328.78,58.2927,446.75,113.9213,173.99,330.581,48771.81,14.6315,721.1305
8361.37,3973.323,1739.19,308.3584,1210.66,308.7183,187.15,355.585,35362.98,10.6089,4956.5936
9712.2,4615.2374,1951.31,345.9673,696.26,177.5463,172.37,327.503,25004.14,7.5012,5473.7552
6066.14,2882.6297,1725.0,305.8425,429.24,109.4562,418.03,794.257,21818.18,6.5455,4098.7309
677.7,322.043,1329.04,235.6388,1625.55,414.5152,125.34,238.146,19691.7,5.9075,1216.2505
3499.28,1662.8579,671.59,119.0729,952.75,242.9513,162.59,308.921,37378.79,11.2136,2345.0167
4855.72,2307.4381,757.07,134.2285,1305.81,332.9815,287.94,547.086,41890.5,12.5671,3334.3012
7838.78,3724.9883,151.67,26.8911,1960.36,499.8918,328.33,623.827,49668.05,14.9004,4890.4986
1968.2,935.2886,361.84,64.1542,200.78,51.1989,15.73,29.887,27389.02,8.2167,1088.7454
8453.01,4016.8704,1852.44,328.4376,1435.84,366.1392,11.52,21.888,38591.11,11.5773,4744.9125
4688.44,2227.9467,450.57,79.8861,1395.69,355.901,198.73,377.587,25997.45,7.7992,3049.12
9558.57,4542.2325,383.87,68.0602,547.03,139.4926,482.93,917.567,45877.37,13.7632,5681.1155
3158.66,1500.9952,1124.52,199.3774,1733.21,441.9685,247.97,471.143,12656.94,3.7971,2617.2812
5990.91,2846.8804,180.18,31.9459,1918.16,489.1308,147.34,279.946,37311.15,11.1933,3659.0964
5583.07,2653.0749,381.26,67.5974,1479.7,377.3235,98.15,186.485,46923.49,14.077,3298.5578
8544.41,4060.3036,1358.84,240.9223,722.24,184.1712,447.63,850.497,45567.29,13.6702,5349.5643
6805.35,3233.9023,1775.78,314.8458,1149.27,293.0639,234.43,445.417,17666.91,5.3001,4292.5291
4747.52,2256.0215,542.39,96.1657,1747.17,445.5284,250.77,476.463,21575.45,6.4726,3280.6512
2700.78,1283.4107,1236.43,219.219,182.67,46.5808,461.36,876.584,15957.8,4.7873,2430.5818
6377.84,3030.7496,824.91,146.2565,914.75,233.2613,345.25,655.975,38223.33,11.467,4077.7094
3452.08,1640.4284,1492.63,264.6433,51.26,13.0713,312.23,593.237,48031.33,14.4094,2525.7894
8918.23,4237.9429,663.6,117.6563,224.36,57.2118,49.31,93.689,36082.51,10.8248,4517.3248
7433.06,3532.1901,678.24,120.252,1113.24,283.8762,88.72,168.568,23382.52,7.0148,4111.9011
876.1,416.3227,1481.26,262.6274,1144.27,291.7889,210.55,400.045,25210.67,7.5632,1378.3472
6766.16,3215.2792,1256.96,222.859,255.52,65.1576,295.88,562.172,40005.59,12.0017,4077.4695
6129.12,2912.5578,183.95,32.6143,651.89,166.232,237.31,450.889,16921.54,5.0765,3567.3696
3463.86,1646.0263,1047.25,185.6774,661.68,168.7284,328.8,624.72,49029.26,14.7088,2639.8609
6863.75,3261.654,452.58,80.2424,1234.11,314.698,84.36,160.284,31150.08,9.345,3826.2234
5397.93,2565.0963,649.31,115.1227,982.3,250.4865,499.21,948.499,2100.48,0.6301,3879.8346
3563.43,1693.3419,945.3,167.6017,776.16,197.9208,145.52,276.488,21691.02,6.5073,2341.8597
5298.1,2517.6571,333.53,59.1349,1459.64,372.2082,253.14,480.966,24420.59,7.3262,3437.2924
2722.52,1293.7415,912.69,161.8199,787.95,200.9273,306.3,581.97,41569.63,12.4709,2250.9296
2442.78,1160.8091,787.6,139.6415,309.46,78.9123,268.11,509.409,15464.34,4.6393,1893.4112
6804.71,3233.5982,1285.56,227.9298,871.02,222.1101,345.95,657.305,36251.75,10.8755,4351.8186
9465.68,4498.0911,551.7,97.8164,1834.31,467.7491,222.38,422.522,20115.79,6.0347,5492.2133
2049.42,973.8844,664.04,117.7343,298.08,76.0104,20.35,38.665,42337.63,12.7013,1218.9954
4131.28,1963.1843,929.11,164.7312,186.72,47.6136,187.95,357.105,21912.23,6.5737,2539.2078
2254.0,1071.1008,1794.34,318.1365,1955.45,498.6397,340.23,646.437,23651.78,7.0955,2541.4095
4015.09,1907.9708,1313.56,232.8942,1377.96,351.3798,497.54,945.326,6921.61,2.0765,3439.6473
4405.52,2093.5031,139.63,24.7564,1346.53,343.3651,471.59,896.021,6118.61,1.8356,3359.4812
2559.97,1216.4977,1411.9,250.3299,632.16,161.2008,436.75,829.825,34426.74,10.328,2468.1814
3368.61,1600.7635,583.08,103.3801,564.29,143.8939,30.61,58.159,35498.1,10.6494,1916.8459
7921.73,3764.4061,619.66,109.8657,142.75,36.4012,347.8,660.82,21310.02,6.393,4577.886
6783.02,3223.2911,13.25,2.3492,1378.91,351.6221,81.74,155.306,23439.07,7.0317,3739.6001
1842.07,875.3517,867.31,153.7741,748.38,190.8369,375.92,714.248,41898.0,12.5694,1946.7801
2840.88,1349.9862,1003.36,177.8957,101.06,25.7703,439.64,835.316,29381.76,8.8145,2397.7827
125.72,59.7421,195.97,34.7455,139.1,35.4705,35.76,67.944,10056.21,3.0169,200.919
2499.51,1187.7672,44.29,7.8526,1400.46,357.1173,193.69,368.011,46098.37,13.8295,1934.5776
2186.37,1038.963,1078.05,191.1383,631.63,161.0657,341.22,648.318,5040.12,1.512,2040.997
7384.73,3509.2237,1240.91,220.0133,956.76,243.9738,113.97,216.543,43317.71,12.9953,4202.7491
4874.06,2316.1533,1633.13,289.5539,922.88,235.3344,83.66,158.954,12102.65,3.6308,3003.6264
8426.54,4004.2918,1573.15,278.9195,261.94,66.7947,39.4,74.86,18910.64,5.6732,4430.5392
8690.73,4129.8349,675.0,119.6775,339.45,86.5597,419.34,796.746,45046.2,13.5139,5146.332
5521.76,2623.9404,1046.33,185.5143,1378.26,351.4563,158.9,301.91,23617.77,7.0853,3469.9063
6338.51,3012.06,247.61,43.9013,612.7,156.2385,493.58,937.802,1909.31,0.5728,4150.5746
5197.3,2469.757,1304.88,231.3552,826.13,210.6632,168.98,321.062,16161.75,4.8485,3237.6859
6223.75,2957.526,1157.55,205.2336,1732.22,441.7161,120.33,228.627,42551.98,12.7656,3845.8683
9587.31,4555.8897,192.09,34.0576,312.84,79.7742,421.07,800.033,40433.89,12.1302,5481.8847
521.64,247.8833,1667.0,295.5591,1824.77,465.3163,149.12,283.328,11870.02,3.561,1295.6477
5163.87,2453.871,1737.25,308.0144,1298.51,331.12,5.28,10.032,5154.4,1.5463,3104.5837
1450.42,689.2396,147.9,26.2227,648.57,165.3854,175.28,333.032,1851.79,0.5555,1214.4352
2902.08,1379.0684,287.52,50.9773,1069.51,272.7251,471.55,895.945,6435.87,1.9308,2600.6466
9157.39,4351.5917,1077.51,191.0425,965.6,246.228,440.03,836.057,35440.63,10.6322,5635.5514
4248.14,2018.7161,1679.36,297.7505,1047.28,267.0564,178.49,339.131,18870.84,5.6613,2928.3153
7418.63,3525.333,331.63,58.798,263.21,67.1185,294.9,560.31,10949.5,3.2848,4214.8443
5698.48,2707.9177,132.38,23.471,132.82,33.8691,447.34,849.946,20499.95,6.15,3621.3538
8807.23,4185.1957,740.83,131.3492,1069.72,272.7786,473.34,899.346,36378.49,10.9135,5499.583
9061.27,4305.9155,1470.76,260.7657,691.73,176.3912,195.96,372.324,29623.89,8.8872,5124.2836
8678.94,4124.2323,1827.91,324.0884,1736.47,442.7998,294.88,560.272,8316.02,2.4948,5453.8873
4702.8,2234.7706,1498.23,265.6362,533.25,135.9787,431.67,820.173,18887.18,5.6662,3462.2247
6913.18,3285.1431,558.51,99.0238,1170.16,298.3908,200.95,381.805,39269.72,11.7809,4076.1436
2662.42,1265.182,1779.75,315.5497,185.22,47.2311,348.91,662.929,22801.54,6.8405,2297.7323
838.48,398.4457,951.89,168.7701,133.3,33.9915,426.29,809.951,32560.64,9.7682,1420.9265
9581.31,4553.0385,1280.76,227.0787,989.21,252.2486,80.62,153.178,29803.63,8.9411,5194.4849
2551.22,1212.3397,1298.1,230.1531,1967.34,501.6717,124.51,236.569,5079.7,1.5239,2182.2574
3475.09,1651.3628,1369.54,242.8194,595.75,151.9162,191.92,364.648,36965.45,11.0896,2421.836
7699.94,3659.0115,286.33,50.7663,166.97,42.5774,57.86,109.934,7870.04,2.361,3864.6502
2102.56,999.1365,94.6,16.7726,949.49,242.12,303.25,576.175,42286.21,12.6859,1846.89
9711.04,4614.6862,1932.49,342.6305,852.72,217.4436,43.62,82.878,17355.2,5.2066,5262.8449
7995.31,3799.3713,1528.65,271.0296,978.87,249.6119,466.01,885.419,12216.49,3.6649,5209.0967
8908.6,4233.3667,1999.05,354.4316,1662.08,423.8304,454.64,863.816,35439.32,10.6318,5886.0765
6531.39,3103.7165,425.15,75.3791,1054.42,268.8771,271.06,515.014,11018.91,3.3057,3966.2924
9583.38,4554.0222,1370.95,243.0694,1431.76,365.0988,374.79,712.101,5001.23,1.5004,5875.7918
6381.59,3032.5316,151.22,26.8113,254.79,64.9715,476.49,905.331,6884.07,2.0652,4031.7106
8902.1,4230.2779,1124.7,199.4093,235.3,60.0015,175.0,332.5,49910.56,14.9732,4837.1619
9864.31,4687.5201,927.82,164.5025,553.6,141.168,121.51,230.869,47057.68,14.1173,5238.1769
5113.06,2429.7261,581.13,103.0343,1253.59,319.6654,472.37,897.503,29605.91,8.8818,3758.8106
7106.57,3377.0421,1647.27,292.061,1093.76,278.9088,201.23,382.337,39463.86,11.8392,4342.1881
210.21,99.8918,16.21,2.874,1357.49,346.1599,40.37,76.703,35836.42,10.7509,536.3796
9398.44,4466.1387,1153.49,204.5138,171.91,43.837,47.52,90.288,16721.03,5.0163,4809.7938
9546.9,4536.6869,1621.18,287.4352,78.22,19.9461,111.45,211.755,41298.43,12.3895,5068.2127
7698.26,3658.2132,25.87,4.5868,750.47,191.3699,233.81,444.239,27539.42,8.2618,4306.6707
7409.86,3521.1655,1598.12,283.3467,1911.25,487.3688,406.04,771.476,17059.1,5.1177,5068.4747
2131.59,1012.9316,1412.44,250.4256,1835.81,468.1316,439.47,834.993,29050.34,8.7151,2575.1969
5193.1,2467.7611,1920.86,340.5685,154.22,39.3261,221.82,421.458,36403.87,10.9212,3280.0349
2159.58,1026.2324,1069.02,189.5372,1263.4,322.167,58.29,110.751,4269.88,1.281,1649.9686
6519.37,3098.0046,1719.37,304.8443,1383.11,352.693,180.36,342.684,33310.19,9.9931,4108.219
9379.55,4457.1622,1246.45,220.9956,1160.19,295.8485,380.8,723.52,28128.67,8.4386,5705.9649
2687.42,1277.062,1667.74,295.6903,487.92,124.4196,428.65,814.435,12688.68,3.8066,2515.4135
7393.7,3513.4862,351.86,62.3848,531.13,135.4382,326.62,620.578,19989.1,5.9967,4337.8839
9123.02,4335.2591,1100.86,195.1825,102.87,26.2319,140.86,267.634,33798.25,10.1395,4834.447
7807.85,3710.2903,1267.35,224.7012,1529.99,390.1474,121.05,229.995,42169.41,12.6508,4567.7847
2694.53,1280.4407,1203.22,213.3309,79.83,20.3566,417.11,792.509,40542.16,12.1626,2318.7998
890.16,423.004,1475.59,261.6221,230.97,58.8974,330.07,627.133,13324.57,3.9974,1374.6539
6078.79,2888.641,1127.85,199.9678,576.58,147.0279,420.55,799.045,15633.12,4.6899,4039.3716
6064.27,2881.7411,1092.05,193.6205,836.65,213.3458,385.69,732.811,1395.75,0.4187,4021.9371
2374.34,1128.2864,717.49,127.211,347.19,88.5335,358.88,681.872,34824.74,10.4474,2036.3503
9433.85,4482.9655,702.44,124.5426,1966.52,501.4626,264.94,503.386,10758.02,3.2274,5615.5841
4372.62,2077.869,1603.39,284.281,40.07,10.2179,232.32,441.408,37798.58,11.3396,2825.1155
1105.63,525.3954,1638.31,290.4724,1791.51,456.8351,327.87,622.953,31469.73,9.4409,1905.0968
2013.69,956.9055,241.15,42.7559,269.26,68.6613,483.71,919.049,40349.66,12.1049,1999.4766
3298.36,1567.3807,262.63,46.5643,1854.59,472.9204,97.81,185.839,21558.22,6.4675,2279.1719
740.47,351.8713,307.96,54.6013,474.32,120.9516,185.2,351.88,36420.58,10.9262,890.2304
9188.85,4366.5415,775.43,137.4837,193.72,49.3986,5.6,10.64,49785.39,14.9356,4578.9994
3334.04,1584.3358,418.93,74.2763,1447.75,369.1762,341.83,649.477,29833.14,8.9499,2686.2152
4503.29,2139.9634,1415.45,250.9593,1160.27,295.8689,453.7,862.03,19242.44,5.7727,3554.5943
7914.75,3761.0892,1187.83,210.6023,174.73,44.5561,181.41,344.679,23463.03,7.0389,4367.9655
1372.89,652.3973,1758.23,311.7342,1871.49,477.23,21.7,41.23,36530.27,10.9591,1493.5506
338.96,161.0738,1559.88,276.5667,1753.01,447.0176,477.64,907.516,30081.67,9.0245,1801.1986
9114.69,4331.3007,352.33,62.4681,326.94,83.3697,453.75,862.125,41683.28,12.505,5351.7685
3797.03,1804.3487,1663.47,294.9332,1155.43,294.6347,67.14,127.566,47676.96,14.3031,2535.7857
3718.58,1767.0692,1640.95,290.9404,1972.52,502.9926,318.22,604.618,49231.08,14.7693,3180.3895
9522.06,4524.8829,1230.64,218.1925,466.36,118.9218,249.14,473.366,46834.36,14.0503,5349.4135
6136.22,2915.9317,1267.19,224.6728,850.32,216.8316,246.98,469.262,32448.54,9.7346,3836.4327
2779.0,1320.5808,568.44,100.7844,1094.85,279.1867,171.27,325.413,48993.01,14.6979,2040.6628
2067.69,982.5663,1358.48,240.8585,1410.89,359.777,104.53,198.607,14575.85,4.3728,1786.1816
5716.41,2716.438,858.05,152.1323,490.35,125.0393,72.86,138.434,16070.72,4.8212,3136.8648
5191.43,2466.9675,93.88,16.6449,1130.79,288.3514,231.57,439.983,25230.01,7.569,3219.5158
595.17,282.8248,1052.7,186.6437,1505.99,384.0274,484.31,920.189,22151.54,6.6455,1780.3304
4444.54,2112.0454,1048.48,185.8955,246.04,62.7402,398.07,756.333,18150.3,5.4451,3122.4592
5193.9,2468.1413,1374.52,243.7024,565.58,144.2229,143.34,272.346,16202.83,4.8608,3133.2734
6487.14,3082.6889,1889.28,334.9693,728.78,185.8389,386.93,735.167,30056.39,9.0169,4347.681
674.3,320.4274,1788.32,317.0691,414.76,105.7638,379.97,721.943,37384.15,11.2152,1476.4185
5583.41,2653.2364,79.5,14.0954,878.94,224.1297,413.35,785.365,20140.28,6.0421,3682.8686
3184.41,1513.2316,402.76,71.4093,854.61,217.9256,59.33,112.727,12169.4,3.6508,1918.9443
6904.34,3280.9424,1883.03,333.8612,1226.45,312.7448,323.34,614.346,27293.19,8.188,4550.0824
9356.81,4446.3561,1472.71,261.1115,1084.47,276.5399,378.97,720.043,24598.01,7.3794,5711.4299
4116.01,1955.928,856.06,151.7794,1633.73,416.6012,200.05,380.095,23391.7,7.0175,2911.4211
1655.35,786.6223,103.99,18.4374,163.28,41.6364,212.61,403.959,6851.38,2.0554,1252.7105
4582.35,2177.5327,331.72,58.814,1914.79,488.2715,489.65,930.335,23078.37,6.9235,3661.8767
9142.4,4344.4685,886.34,157.1481,1427.52,364.0176,498.07,946.333,23635.46,7.0906,5819.0578
5905.16,2806.132,703.39,124.711,845.73,215.6612,281.49,534.831,39734.18,11.9203,3693.2555
2279.93,1083.4227,1520.22,269.535,1894.73,483.1562,182.03,345.857,24264.6,7.2794,2189.2503
8748.53,4157.3015,1977.93,350.687,26.76,6.8238,290.37,551.703,10395.07,3.1185,5069.6338
9304.82,4421.6505,1065.1,188.8422,379.18,96.6909,373.02,708.738,32358.88,9.7077,5425.6293
7117.53,3382.2503,1207.41,214.0738,816.27,208.1489,189.98,360.962,41007.69,12.3023,4177.7373
4308.09,2047.2044,1214.45,215.322,1096.22,279.5361,132.66,252.054,31705.21,9.5116,2803.6281
7256.4,3448.2413,242.98,43.0804,888.63,226.6007,226.73,430.787,44273.34,13.282,4161.9914
5089.91,2418.7252,584.74,103.6744,1527.58,389.5329,64.9,123.31,10317.66,3.0953,3038.3378
6280.95,2984.7074,1929.07,342.0241,1129.61,288.0505,133.76,254.144,36349.61,10.9049,3879.8309
4835.68,2297.9151,1671.49,296.3552,1824.69,465.296,33.45,63.555,14044.23,4.2133,3127.3346
8640.01,4105.7328,943.6,167.3003,1113.46,283.9323,366.24,695.856,44097.26,13.2292,5266.0506
3061.59,1454.8676,130.18,23.0809,323.98,82.6149,313.85,596.315,3837.06,1.1511,2158.0295
9519.04,4523.4478,880.41,156.0967,1354.45,345.3847,151.6,288.04,15228.62,4.5686,5317.5378
6502.6,3090.0355,1205.96,213.8167,311.67,79.4759,409.35,777.765,8313.72,2.4941,4163.5872
9921.41,4714.654,891.36,158.0381,1854.12,472.8006,8.92,16.948,31892.54,9.5678,5372.0085
9571.79,4548.5146,223.44,39.6159,864.43,220.4296,17.88,33.972,35813.1,10.7439,4853.276
9851.84,4681.5944,115.42,20.464,79.77,20.3413,136.05,258.495,3496.59,1.049,4981.9437
7322.8,3479.7946,1386.03,245.7431,416.55,106.2203,471.07,895.033,23809.61,7.1429,4733.9339
6889.78,3274.0235,68.55,12.1539,486.57,124.0754,401.86,763.534,47753.22,14.326,4188.1128
1047.81,497.9193,1077.45,191.0319,284.6,72.573,236.7,449.73,40963.61,12.2891,1223.5433
161.52,76.7543,1156.27,205.0067,1797.44,458.3472,204.87,389.253,49107.2,14.7322,1144.0934
3160.64,1501.9361,677.76,120.1668,353.99,90.2675,27.8,52.82,34116.67,10.235,1775.4254
9380.5,4457.6136,618.22,109.6104,1688.39,430.5395,116.04,220.476,48570.06,14.571,5232.8105
5039.61,2394.8227,1828.22,324.1434,1627.0,414.885,19.83,37.677,35001.43,10.5004,3182.0285
5805.15,2758.6073,1470.97,260.803,608.61,155.1955,457.55,869.345,46798.01,14.0394,4057.9902
1897.1,901.5019,392.5,69.5903,37.04,9.4452,230.06,437.114,36285.37,10.8856,1428.537
4151.8,1972.9354,82.9,14.6982,148.75,37.9312,431.99,820.781,49916.62,14.975,2861.3208
7781.87,3697.9446,246.18,43.6477,728.53,185.7751,77.32,146.908,13603.59,4.0811,4078.3565
7093.96,3371.0498,829.45,147.0615,26.0,6.63,329.11,625.309,43081.6,12.9245,4162.9748
8931.01,4244.016,428.53,75.9784,287.32,73.2666,292.45,555.655,7762.39,2.3287,4951.2447
1356.55,644.6326,1436.57,254.7039,637.89,162.6619,158.09,300.371,48203.67,14.4611,1376.8305
4366.02,2074.7327,603.02,106.9154,364.95,93.0622,484.74,921.006,2718.64,0.8156,3196.5319
1196.7,568.6718,803.83,142.5191,921.28,234.9264,25.31,48.089,9765.6,2.9297,997.136
3259.68,1548.9999,768.28,136.216,563.74,143.7537,352.64,670.016,46925.78,14.0777,2513.0633
6016.23,2858.9125,1627.78,288.6054,1910.62,487.2081,88.48,168.112,8759.01,2.6277,3805.4657
4609.59,2190.4772,1049.69,186.11,539.97,137.6924,325.3,618.07,26371.24,7.9114,3140.261
5784.58,2748.8324,81.75,14.4943,1146.86,292.4493,348.76,662.644,48807.57,14.6423,3733.0623
5646.29,2683.117,629.63,111.6334,1943.4,495.567,314.58,597.702,28252.27,8.4757,3896.4951
1059.84,503.636,1245.56,220.8378,1740.06,443.7153,413.24,785.156,20606.97,6.1821,1959.5272
9659.22,4590.0613,146.49,25.9727,1594.8,406.674,119.81,227.639,11483.06,3.4449,5253.7919
7234.37,3437.7726,1680.89,298.0218,697.81,177.9415,203.51,386.669,37052.62,11.1158,4311.5207
8004.85,3803.9047,971.2,172.1938,811.43,206.9146,85.66,162.754,44808.47,13.4425,4359.2096
9499.24,4514.0388,1727.16,306.2255,1859.23,474.1037,376.15,714.685,10546.28,3.1639,6012.2169
2221.38,1055.5998,1552.44,275.2476,1796.25,458.0437,240.13,456.247,27914.11,8.3742,2253.5123
3933.2,1869.0566,1496.14,265.2656,1951.35,497.5942,41.86,79.534,21588.32,6.4765,2717.9269
4388.13,2085.2394,542.03,96.1019,77.25,19.6988,231.47,439.793,35429.18,10.6288,2651.4619
5941.87,2823.5766,1974.05,349.9991,333.81,85.1215,445.76,846.944,48341.04,14.5023,4120.1435
6065.75,2882.4444,1790.91,317.5283,1384.57,353.0653,479.26,910.594,11407.61,3.4223,4467.0543
9052.81,4301.8953,340.66,60.399,1625.63,414.5357,394.94,750.386,6501.19,1.9504,5529.1664
3123.95,1484.501,1795.24,318.2961,505.2,128.826,39.08,74.252,28518.87,8.5557,2014.4308
521.99,248.0496,1549.05,274.6466,246.33,62.8142,23.16,44.004,42266.28,12.6799,642.1943
5959.94,2832.1635,1093.48,193.874,1322.15,337.1483,311.46,591.774,33521.72,10.0565,3965.0163
4885.09,2321.3948,586.3,103.951,190.37,48.5444,374.93,712.367,36304.25,10.8913,3197.1485
5868.52,2788.7207,1719.75,304.9117,1494.46,381.0873,14.12,26.828,27501.45,8.2504,3509.7981
2869.49,1363.5816,1451.72,257.39,271.48,69.2274,63.09,119.871,26667.44,8.0002,1818.0702
3047.02,1447.9439,1593.19,282.4726,853.7,217.6935,289.77,550.563,18931.76,5.6795,2504.3525
9552.71,4539.4478,112.88,20.0136,253.14,64.5507,396.59,753.521,5703.35,1.711,5379.2441
5031.8,2391.1114,597.13,105.8711,421.83,107.5666,306.52,582.388,30679.45,9.2038,3196.1409
4560.12,2166.969,1834.28,325.2178,1497.57,381.8803,476.84,905.996,29108.31,8.7325,3788.7956
2280.89,1083.8789,1114.67,197.631,298.5,76.1175,436.9,830.11,38922.02,11.6766,2199.414
1435.25,682.0308,1256.04,222.6959,1458.17,371.8334,196.66,373.654,48200.61,14.4602,1664.6743
2910.28,1382.9651,394.1,69.8739,398.21,101.5435,23.32,44.308,14721.88,4.4166,1603.1071
7625.36,3623.5711,1363.94,241.8266,1800.33,459.0841,335.54,637.526,33222.78,9.9668,4971.9746
6183.57,2938.4325,1712.7,303.6617,1581.63,403.3157,492.31,935.389,43676.96,13.1031,4593.902
9596.21,4560.119,1539.17,272.8948,455.86,116.2443,316.92,602.148,11599.71,3.4799,5554.886
5496.47,2611.9225,276.4,49.0057,1174.07,299.3879,14.45,27.455,33798.12,10.1394,2997.9105
9902.79,4705.8058,566.58,100.4546,705.91,180.007,135.94,258.286,25707.91,7.7124,5252.2658
2310.91,1098.1444,1765.98,313.1083,1922.59,490.2604,472.91,898.529,15418.19,4.6255,2804.6676
6235.16,2962.948,1379.92,244.6598,130.68,33.3234,27.36,51.984,6749.09,2.0247,3294.9399
8674.43,4122.0891,1909.57,338.5668,1904.5,485.6475,263.71,501.049,1449.5,0.4348,5447.7872
4228.9,2009.5733,1254.73,222.4636,527.95,134.6273,468.79,890.701,15716.4,4.7149,3262.0801
5029.1,2389.8283,1363.62,241.7698,1546.73,394.4162,331.64,630.116,26589.97,7.977,3664.1073
2844.36,1351.6399,1164.55,206.4747,1355.82,345.7341,95.54,181.526,30101.21,9.0304,2094.4051
5974.42,2839.0444,1362.88,241.6386,1930.97,492.3974,454.28,863.132,24820.74,7.4462,4443.6586
9289.46,4414.3514,1172.9,207.9552,1794.64,457.6332,140.55,267.045,12337.95,3.7014,5350.6862
1103.21,524.2454,1453.72,257.7446,666.42,169.9371,74.02,140.638,9876.08,2.9628,1095.5279
5362.79,2548.3978,1394.47,247.2395,826.87,210.8519,337.31,640.889,30560.55,9.1682,3656.5464
7746.57,3681.1701,606.64,107.5573,1759.45,448.6598,34.5,65.55,9962.01,2.9886,4305.9258
311.48,148.0153,482.0,85.4586,40.28,10.2714,406.72,772.768,36586.72,10.976,1027.4893
6987.39,3320.4077,1283.37,227.5415,1614.06,411.5853,382.78,727.282,44600.98,13.3803,4700.1968
1040.71,494.5454,317.99,56.3796,1665.96,424.8198,23.56,44.764,27143.51,8.1431,1028.6519
4678.05,2223.0094,558.15,98.96,881.27,224.7238,186.67,354.673,42294.67,12.6884,2914.0546
392.78,186.6491,1340.46,237.6636,1850.29,471.824,174.36,331.284,45065.83,13.5197,1240.9404
6704.07,3185.7741,1692.83,300.1388,729.36,185.9868,9.97,18.943,32551.93,9.7656,3700.6083
5727.23,2721.5797,435.83,77.2727,1522.29,388.1839,177.49,337.231,46484.36,13.9453,3538.2126
166.91,79.3156,1908.28,338.338,774.06,197.3853,43.41,82.479,7274.43,2.1823,699.7002
4153.61,1973.7955,1873.22,332.1219,1117.73,285.0212,35.25,66.975,41371.83,12.4115,2670.3251
3143.99,1494.024,257.93,45.731,599.61,152.9006,276.3,524.97,43688.12,13.1064,2230.732
2683.16,1275.0376,232.85,41.2843,118.18,30.1359,148.27,281.713,19366.02,5.8098,1633.9806
2090.33,993.3248,349.07,61.8901,75.42,19.2321,71.32,135.508,45339.75,13.6019,1223.5569
9182.31,4363.4337,112.28,19.9072,289.27,73.7638,378.28,718.732,17736.95,5.3211,5181.1578
9139.05,4342.8766,786.3,139.411,1845.17,470.5184,101.22,192.318,13910.04,4.173,5149.297
7761.46,3688.2458,1963.78,348.1782,1461.76,372.7488,289.95,550.905,12680.23,3.8041,4963.8819
6244.5,2967.3864,1817.94,322.3208,1883.75,480.3562,319.04,606.176,38929.73,11.6789,4387.9183
3047.96,1448.3906,1741.71,308.8052,1899.38,484.3419,448.32,851.808,45581.64,13.6745,3107.0202
4224.47,2007.4681,524.12,92.9265,838.47,213.8099,386.32,734.008,43318.38,12.9955,3061.208
6605.85,3139.0999,438.08,77.6716,1676.13,427.4132,268.35,509.865,5117.12,1.5351,4155.5848
308.44,146.5707,232.0,41.1336,1232.57,314.3053,280.31,532.589,35913.02,10.7739,1045.3725
3165.01,1504.0128,1631.72,289.304,345.16,88.0158,60.63,115.197,6385.9,1.9158,1998.4454
3957.31,1880.5137,1189.19,210.8434,943.8,240.669,461.72,877.268,22100.57,6.6302,3215.9243
2139.54,1016.7094,587.58,104.1779,1357.79,346.2364,43.69,83.011,40181.62,12.0545,1562.1892
2022.28,960.9875,1579.48,280.0418,1030.78,262.8489,153.38,291.422,46844.99,14.0535,1809.3537
4063.91,1931.17,1137.71,201.716,324.23,82.6787,214.97,408.443,29622.39,8.8867,2632.8944
1069.86,508.3975,1679.73,297.8161,389.62,99.3531,353.45,671.555,33896.6,10.169,1587.2907
216.7,102.9758,762.31,135.1576,444.64,113.3832,105.9,201.21,24407.6,7.3223,560.0489
8200.97,3897.1009,536.91,95.1941,882.25,224.9737,197.57,375.383,26475.89,7.9428,4600.5945
782.18,371.6919,599.61,106.3109,1672.64,426.5232,432.94,822.586,34768.87,10.4307,1737.5427
6608.5,3140.3592,1799.35,319.0248,1543.59,393.6155,370.8,704.52,21770.76,6.5312,4564.0507
504.02,239.5103,795.28,141.0031,1726.8,440.334,169.16,321.404,32773.46,9.832,1152.0834
4489.79,2133.5482,153.52,27.2191,312.56,79.7028,19.18,36.442,22700.58,6.8102,2283.7223
6851.49,3255.828,747.8,132.5849,1284.71,327.6011,435.63,827.697,45659.4,13.6978,4557.4088
2030.34,964.8176,1998.13,354.2684,405.26,103.3413,13.86,26.334,1090.32,0.3271,1449.0884
5696.75,2707.0956,985.18,174.6724,1692.67,431.6309,46.46,88.274,45477.22,13.6432,3415.3161
6709.52,3188.3639,978.46,173.481,1854.32,472.8516,434.27,825.113,12139.24,3.6418,4663.4513
2394.84,1138.028,701.16,124.3157,375.87,95.8469,427.91,813.029,19149.83,5.7449,2176.9645
8289.87,3939.3462,128.72,22.8221,1289.26,328.7613,183.08,347.852,44085.87,13.2258,4652.0074
9711.02,4614.6767,1643.01,291.3057,1931.84,492.6192,235.99,448.381,18083.38,5.425,5852.4076
8663.71,4116.995,1830.2,324.4945,637.82,162.6441,267.35,507.965,25187.9,7.5564,5119.655
4373.78,2078.4203,1469.78,260.592,1175.0,299.625,252.21,479.199,47158.61,14.1476,3131.9839
1504.24,714.8148,816.39,144.7459,99.73,25.4312,106.15,201.685,23423.76,7.0271,1093.704
4067.47,1932.8617,1362.54,241.5783,1609.69,410.471,242.41,460.579,10212.98,3.0639,3048.5539
5706.94,2711.9379,594.14,105.341,135.96,34.6698,263.66,500.954,13195.44,3.9586,3356.8613
5811.17,2761.468,1824.5,323.4839,355.95,90.7673,285.92,543.248,45237.85,13.5714,3732.5386
8479.97,4029.6817,397.58,70.4909,1822.82,464.8191,157.6,299.44,24769.94,7.431,4871.8627
4480.18,2128.9815,1057.61,187.5143,1691.62,431.3631,214.26,407.094,30032.41,9.0097,3163.9626
1611.74,765.8988,447.83,79.4003,1039.05,264.9577,418.58,795.302,4167.38,1.2502,1906.809
1179.9,560.6885,1751.16,310.4807,140.08,35.7204,482.38,916.522,29954.04,8.9862,1832.3978
5429.91,2580.2932,1575.62,279.3574,408.65,104.2057,61.45,116.755,38356.56,11.507,3092.1183
529.12,251.4378,519.19,92.0524,314.51,80.2001,123.94,235.486,13908.6,4.1726,663.3489
7642.07,3631.5117,690.04,122.3441,647.8,165.189,98.74,187.606,1957.27,0.5872,4107.238
6341.06,3013.2717,1210.51,214.6234,1221.43,311.4647,293.85,558.315,12841.75,3.8525,4101.5273
7514.97,3571.1137,591.44,104.8623,104.57,26.6654,401.12,762.128,13580.73,4.0742,4468.8436
554.42,263.4604,1392.91,246.9629,897.13,228.7681,149.83,284.677,13698.5,4.1095,1027.9779
527.63,250.7298,1045.66,185.3955,1762.59,449.4604,179.19,340.461,7884.91,2.3655,1228.4122
929.93,441.9027,969.96,171.9739,1486.96,379.1748,302.48,574.712,43131.75,12.9395,1580.7029
3759.16,1786.3528,1256.61,222.797,276.21,70.4335,158.27,300.713,9773.56,2.9321,2383.2284
3011.88,1431.2454,197.9,35.0877,1857.13,473.5682,368.45,700.055,5067.07,1.5201,2641.4764
3424.25,1627.2036,1347.13,238.8461,1269.79,323.7964,183.67,348.973,23703.6,7.1111,2545.9302
418.99,199.104,327.06,57.9877,189.25,48.2587,195.14,370.766,43161.68,12.9485,689.0649
6362.74,3023.574,812.03,143.9729,76.17,19.4233,297.09,564.471,6574.04,1.9722,3753.4134
4439.47,2109.6361,716.81,127.0904,816.87,208.3019,402.66,765.054,29548.14,8.8644,3218.9468
4929.64,2342.5649,1816.0,321.9768,189.0,48.195,495.6,941.64,36503.18,10.951,3665.3277
5428.29,2579.5234,1608.57,285.1995,1541.32,393.0366,441.52,838.888,23889.59,7.1669,4103.8144
577.8,274.5706,502.18,89.0365,133.24,33.9762,7.14,13.566,13225.32,3.9676,415.1169
6293.64,2990.7377,364.21,64.5744,1987.5,506.8125,110.13,209.247,16957.73,5.0873,3776.4589
512.22,243.4069,91.13,16.1573,1523.06,388.3803,494.03,938.657,8167.92,2.4504,1589.0519
6026.5,2863.7928,942.03,167.0219,1460.68,372.4734,274.94,522.386,18759.14,5.6277,3931.3018
3925.74,1865.5116,1377.9,244.3017,908.79,231.7414,420.56,799.064,39610.15,11.883,3152.5017
4046.52,1922.9063,1365.29,242.0659,1147.56,292.6278,165.61,314.659,45950.47,13.7851,2786.0441
1549.31,736.2321,1423.56,252.3972,698.07,178.0079,70.64,134.216,4842.89,1.4529,1302.3061
7135.42,3390.7516,1174.08,208.1644,1901.86,484.9743,478.16,908.504,18620.09,5.586,4997.9803
8310.61,3949.2019,778.12,137.9607,1670.18,425.8959,392.39,745.541,4709.37,1.4128,5260.0123
5420.88,2576.0022,390.87,69.3013,531.36,135.4968,44.58,84.702,1807.19,0.5422,2866.0445
1501.7,713.6078,1771.98,314.1721,563.34,143.6517,179.87,341.753,30965.73,9.2897,1522.4743
1549.61,736.3747,607.17,107.6512,1730.25,441.2138,292.39,555.541,40383.63,12.1151,1852.8958
7390.7,3512.0606,942.7,167.1407,1167.03,297.5926,18.07,34.333,25031.0,7.5093,4018.6362
8871.54,4215.7558,1650.83,292.6922,11.32,2.8866,421.61,801.059,36079.08,10.8237,5323.2173
3696.36,1756.5103,1110.27,196.8509,1860.89,474.527,369.41,701.879,31362.06,9.4086,3139.1758
8618.51,4095.516,484.24,85.8558,244.87,62.4419,435.2,826.88,4941.81,1.4825,5072.1762
816.65,388.0721,1069.38,189.6011,325.3,82.9515,275.39,523.241,25442.03,7.6326,1191.4983
5249.08,2494.3628,1089.97,193.2517,996.75,254.1713,258.53,491.207,33445.55,10.0337,3443.0265
3480.7,1654.0286,1772.86,314.3281,1826.73,465.8161,354.25,673.075,40826.29,12.2479,3119.4957
3885.39,1846.3373,1932.21,342.5808,915.86,233.5443,124.21,235.999,40964.14,12.2892,2670.7506
1371.87,651.9126,887.48,157.3502,757.41,193.1395,79.79,151.601,26852.13,8.0556,1162.0589
4002.33,1901.9072,264.14,46.832,351.23,89.5637,108.04,205.276,39383.28,11.815,2255.3939
8615.78,4094.2187,101.35,17.9694,1886.56,481.0728,22.34,42.446,32569.68,9.7709,4645.4778
9379.21,4457.0006,446.46,79.1574,1059.52,270.1776,45.42,86.298,48034.17,14.4103,4907.0439
3770.74,1791.8556,233.67,41.4297,1529.48,390.0174,224.55,426.645,30338.59,9.1016,2659.0493
9802.34,4658.072,1530.72,271.3967,771.16,196.6458,165.51,314.469,39722.53,11.9168,5452.5003
5274.01,2506.2096,928.76,164.6691,861.42,219.6621,305.79,581.001,26721.3,8.0164,3479.5582
2534.56,1204.4229,138.07,24.4798,351.86,89.7243,350.16,665.304,14442.47,4.3327,1988.2637
6829.48,3245.3689,800.92,142.0031,281.39,71.7544,301.47,572.793,32161.53,9.6485,4041.5679
9125.9,4336.6277,1329.05,235.6406,715.77,182.5214,360.56,685.064,46705.8,14.0117,5453.8654
2678.92,1273.0228,1380.33,244.7325,1572.45,400.9748,128.64,244.416,5746.24,1.7239,2164.87
4951.61,2353.0051,116.2,20.6023,704.42,179.6271,283.22,538.118,25917.51,7.7753,3099.1278
2263.58,1075.6532,494.66,87.7032,1093.22,278.7711,55.34,105.146,25302.26,7.5907,1554.8642
3984.28,1893.3299,563.18,99.8518,1922.19,490.1585,396.3,752.97,10610.3,3.1831,3239.4933
6638.55,3154.639,255.41,45.2842,756.47,192.8999,302.67,575.073,20179.48,6.0538,3973.9499
1599.5,760.0824,332.97,59.0356,748.92,190.9746,152.75,290.225,33988.09,10.1964,1310.514
369.18,175.4343,1228.95,217.8928,1127.51,287.5151,189.32,359.708,41640.23,12.4921,1053.0423
9581.87,4553.3046,1763.88,312.7359,145.49,37.0999,194.83,370.177,5297.84,1.5894,5274.9068
2744.04,1303.9678,253.45,44.9367,78.49,20.0149,36.01,68.419,8608.93,2.5827,1439.9211
2345.19,1114.4343,1353.17,239.917,944.99,240.9725,76.57,145.483,35932.11,10.7796,1751.5864
1499.21,712.4246,126.6,22.4462,1930.19,492.1985,311.4,591.66,36129.11,10.8387,1829.568
8137.52,3866.9495,933.78,165.5592,1252.88,319.4844,203.42,386.498,34516.82,10.355,4748.8461
8496.95,4037.7506,1804.22,319.8882,1016.15,259.1182,444.33,844.227,9187.79,2.7563,5463.7403
9970.36,4737.9151,1150.93,204.0599,510.21,130.1035,30.33,57.627,28304.02,8.4912,5138.1967
2781.76,1321.8924,922.2,163.5061,1132.69,288.836,390.96,742.824,3374.07,1.0122,2518.0707
734.49,349.0296,1711.03,303.3656,147.31,37.5641,408.33,775.827,41971.05,12.5913,1478.3776
4986.55,2369.6086,1615.59,286.4441,1219.88,311.0694,301.55,572.945,29067.93,8.7204,3548.7875
4842.35,2301.0847,818.67,145.1502,970.78,247.5489,348.71,662.549,21184.61,6.3554,3362.6882
8200.78,3897.0107,1281.83,227.2685,1338.73,341.3761,144.31,274.189,18946.7,5.684,4745.5283
701.18,333.2007,212.08,37.6018,205.23,52.3336,146.82,278.958,13495.41,4.0486,706.1427
3608.11,1714.5739,738.62,130.9573,734.79,187.3714,469.9,892.81,35986.4,10.7959,2936.5085
4151.44,1972.7643,502.31,89.0596,485.62,123.8331,421.08,800.052,23543.88,7.0632,2992.7722
6888.36,3273.3487,532.15,94.3502,169.42,43.2021,263.35,500.365,13605.52,4.0817,3915.3477
6723.56,3195.0357,1526.95,270.7282,1081.84,275.8692,324.95,617.405,7266.36,2.1799,4361.218
7928.06,3767.4141,1987.71,352.421,1855.08,473.0454,369.76,702.544,47523.05,14.2569,5309.6814
793.53,377.0855,1240.13,219.875,303.76,77.4588,85.84,163.096,3121.86,0.9366,838.4519
2217.98,1053.9841,1265.95,224.4529,332.49,84.785,177.32,336.908,27267.54,8.1803,1708.3103
5175.9,2459.5877,1215.55,215.517,366.42,93.4371,158.33,300.827,24078.99,7.2237,3076.5925
5700.29,2708.7778,346.97,61.5178,1964.41,500.9246,65.97,125.343,27238.53,8.1716,3404.7348
8080.48,3839.8441,521.19,92.407,22.48,5.7324,146.24,277.856,47335.15,14.2005,4230.04
9979.35,4742.1871,334.01,59.22,541.78,138.1539,50.07,95.133,8267.7,2.4803,5037.1743
274.74,130.5564,258.22,45.7824,1693.05,431.7278,225.11,427.709,4880.66,1.4642,1037.2398
1363.19,647.7879,1361.2,241.3408,186.34,47.5167,268.13,509.447,3626.15,1.0878,1447.1802
9484.65,4507.1057,359.29,63.7021,1724.7,439.7985,420.84,799.596,18596.39,5.5789,5815.7812
3282.52,1559.8535,1154.2,204.6397,960.59,244.9505,400.51,760.969,31471.44,9.4414,2779.8541
1993.02,947.0831,1981.32,351.288,434.39,110.7694,439.66,835.354,2020.44,0.6061,2245.1006
4777.35,2270.1967,940.87,166.8163,213.52,54.4476,183.14,347.966,1747.61,0.5243,2839.9509
9496.84,4512.8984,1991.65,353.1195,587.41,149.7895,212.28,403.332,46532.44,13.9597,5433.0991
5551.32,2637.9873,108.02,19.1519,695.87,177.4469,354.62,673.778,29450.28,8.8351,3517.1992
2101.98,998.8609,1866.99,331.0173,1703.83,434.4767,26.53,50.407,8971.62,2.6915,1817.4534
164.56,78.1989,1170.08,207.4552,463.06,118.0803,165.7,314.83,35546.27,10.6639,729.2283
5604.25,2663.1396,1038.45,184.1172,1706.98,435.2799,483.2,918.08,9573.98,2.8722,4203.4889
8995.46,4274.6426,156.23,27.6996,1011.0,257.805,234.42,445.398,49258.69,14.7776,5020.3228
5947.83,2826.4088,51.12,9.0636,699.94,178.4847,238.29,452.751,18475.86,5.5428,3472.2509
805.46,382.7546,541.88,96.0753,541.56,138.0978,179.52,341.088,11389.76,3.4169,961.4326
2007.04,953.7454,1949.96,345.7279,341.27,87.0238,225.27,428.013,39302.08,11.7906,1826.3007
7682.99,3650.9568,646.89,114.6936,650.21,165.8036,24.47,46.493,16748.78,5.0246,3982.9716
4027.13,1913.6922,960.94,170.3747,1813.16,462.3558,270.17,513.323,29679.53,8.9039,3068.6496
8076.79,3838.0906,617.92,109.5572,1945.62,496.1331,42.54,80.826,16451.48,4.9354,4529.5423
2881.16,1369.1272,340.58,60.3848,840.99,214.4524,143.75,273.125,14479.78,4.3439,1921.4333
633.63,301.101,1041.54,184.665,620.74,158.2887,185.72,352.868,49407.09,14.8221,1011.7448
269.54,128.0854,22.56,3.9999,67.72,17.2686,242.25,460.275,21675.79,6.5027,616.1316
1913.58,909.3332,488.12,86.5437,1616.2,412.131,422.97,803.643,34372.21,10.3117,2221.9626
1526.03,725.1695,382.62,67.8385,111.88,28.5294,470.89,894.691,34139.64,10.2419,1726.4703
7103.86,3375.7543,198.9,35.265,1283.81,327.3716,240.49,456.931,46468.02,13.9404,4209.2623
1846.54,877.4758,1021.22,181.0623,1728.4,440.742,260.48,494.912,5562.42,1.6687,1995.8608
433.97,206.2225,437.5,77.5688,415.77,106.0213,28.76,54.644,5628.01,1.6884,446.145
7220.3,3431.0866,182.74,32.3998,1769.39,451.1945,277.17,526.623,28007.24,8.4022,4449.7061
3702.69,1759.5183,1786.94,316.8245,1439.9,367.1745,276.99,526.281,28054.26,8.4163,2978.2146
6442.99,3061.7088,578.43,102.5556,488.79,124.6415,271.43,515.717,2453.24,0.736,3805.3589
2138.8,1016.3578,1403.96,248.9221,482.51,123.04,176.63,335.597,16562.41,4.9687,1728.8856
1935.47,919.7353,1750.87,310.4293,1544.9,393.9495,356.02,676.438,36269.21,10.8808,2311.4329
7280.15,3459.5273,1720.95,305.1244,423.31,107.9441,57.36,108.984,40335.3,12.1006,3993.6804
9879.64,4694.8049,1100.02,195.0335,1307.97,333.5324,308.85,586.815,26529.34,7.9588,5818.1446
1188.86,564.9463,591.24,104.8269,710.27,181.1189,363.52,690.688,37444.99,11.2335,1552.8136
9660.99,4590.9024,518.33,91.8999,1780.31,453.979,317.88,603.972,29387.35,8.8162,5749.5695
7568.22,3596.4181,1154.03,204.6095,310.12,79.0806,171.11,325.109,48957.46,14.6872,4219.9044
6264.19,2976.7431,528.11,93.6339,1027.39,261.9845,360.82,685.558,31408.85,9.4227,4027.3422
9896.66,4702.8928,330.28,58.5586,1597.05,407.2477,376.99,716.281,4814.46,1.4443,5886.4244
1461.7,694.5998,957.73,169.8055,888.87,226.6619,206.51,392.369,12322.3,3.6967,1487.1329
5242.86,2491.4071,992.74,176.0128,1547.77,394.6814,152.68,290.092,35106.28,10.5319,3362.7252
4642.36,2206.0495,409.19,72.5494,292.59,74.6105,394.6,749.74,18851.18,5.6554,3108.6048
7773.83,3694.124,1232.81,218.5772,1977.85,504.3517,17.19,32.661,49777.74,14.9333,4464.6472
4705.02,2235.8255,263.63,46.7416,31.79,8.1065,341.1,648.09,20218.74,6.0656,2944.8292
4286.22,2036.8117,1062.68,188.4132,389.74,99.3837,212.1,402.99,19227.1,5.7681,2733.3667
2337.95,1110.9938,874.01,154.962,365.76,93.2688,305.55,580.545,16678.72,5.0036,1944.7732
5182.03,2462.5007,921.87,163.4476,1560.11,397.828,205.47,390.393,16369.05,4.9107,3419.08
2177.99,1034.9808,1182.19,209.6023,463.65,118.2308,222.86,423.434,40565.41,12.1696,1798.4175
6568.3,3121.2562,397.66,70.5051,925.52,236.0076,29.25,55.575,34785.99,10.4358,3493.7797
8067.43,3833.6427,1192.76,211.4763,1274.44,324.9822,93.77,178.163,18160.59,5.4482,4553.7124
1987.31,944.3697,932.0,165.2436,543.32,138.5466,366.72,696.768,30501.46,9.1504,1954.0783
5718.06,2717.2221,954.32,169.2009,731.83,186.6167,91.66,174.154,38204.26,11.4613,3258.655
8248.1,3919.4971,108.81,19.292,318.21,81.1435,416.0,790.4,29615.12,8.8845,4819.2171
6307.1,2997.1339,350.11,62.0745,200.39,51.0994,385.5,732.45,36088.95,10.8267,3853.5845
8572.4,4073.6045,135.52,24.0277,802.33,204.5942,19.25,36.575,19756.56,5.927,4344.7284
293.98,139.6993,1963.56,348.1392,1527.45,389.4998,15.35,29.165,38376.41,11.5129,918.0162
9787.2,4650.8774,988.95,175.3408,684.78,174.6189,160.44,304.836,2461.57,0.7385,5306.4116
8794.5,4179.1464,774.49,137.3171,255.92,65.2596,333.19,633.061,10131.61,3.0395,5017.8236
8695.65,4132.1729,1014.18,179.8141,881.38,224.7519,292.63,555.997,45785.61,13.7357,5106.4716
5316.38,2526.3438,119.17,21.1288,1343.01,342.4676,458.39,870.941,48002.67,14.4008,3775.282
6801.78,3232.2059,1447.33,256.6116,1707.99,435.5375,292.53,555.807,41427.3,12.4282,4492.5902
2789.7,1325.6654,747.03,132.4484,184.63,47.0806,92.5,175.75,18253.89,5.4762,1686.4206
349.03,165.8591,1599.19,283.5364,1207.04,307.7952,50.58,96.102,27741.04,8.3223,861.615
4247.97,2018.6353,612.33,108.5661,1188.85,303.1567,206.28,391.932,17165.5,5.1496,2827.4397
5995.58,2849.0996,212.65,37.7028,1025.32,261.4566,391.75,744.325,22044.01,6.6132,3899.1972
1114.19,529.4631,1888.62,334.8523,1297.8,330.939,177.46,337.174,12991.28,3.8974,1536.3258
6987.87,3320.6358,970.96,172.1512,1235.25,314.9887,181.48,344.812,3175.78,0.9527,4153.5404
3344.43,1589.2731,1130.76,200.4837,1756.35,447.8692,470.23,893.437,37716.74,11.315,3142.378
6361.31,3022.8945,178.28,31.609,1280.17,326.4434,166.51,316.369,47196.56,14.159,3711.4749
2059.24,978.5508,421.62,74.7532,658.84,168.0042,194.04,368.676,45360.39,13.6081,1603.5923
8214.66,3903.6064,1481.31,262.6363,1018.76,259.7838,412.83,784.377,39872.68,11.9618,5222.3653
7905.84,3756.8552,1676.65,297.27,258.18,65.8359,310.91,590.729,46196.46,13.8589,4724.549
1756.0,834.4512,110.75,19.636,1144.41,291.8246,183.71,349.049,2936.53,0.881,1495.8418
3746.02,1780.1087,168.53,29.8804,353.06,90.0303,60.92,115.748,48532.62,14.5598,2030.3272
1043.77,495.9995,1382.23,245.0694,1755.61,447.6805,154.95,294.405,27175.88,8.1528,1491.3072
4517.0,2146.4784,1867.05,331.028,1164.27,296.8888,363.15,689.985,31319.66,9.3959,3473.7761
982.93,467.0883,1216.68,215.7174,313.44,79.9272,169.82,322.658,26731.93,8.0196,1093.4105
5200.02,2471.0495,157.66,27.9531,981.51,250.2851,303.56,576.764,30704.23,9.2113,3335.263
6879.69,3269.2287,1368.62,242.6563,492.48,125.5824,381.35,724.565,33127.71,9.9383,4371.9707
7725.28,3671.0531,824.41,146.1679,721.58,184.0029,426.31,809.989,45136.03,13.5408,4824.7537
5753.75,2734.182,1861.19,329.989,439.31,112.0241,420.32,798.608,5882.38,1.7647,3976.5678
5674.25,2696.4036,1286.27,228.0557,957.89,244.262,199.67,379.373,19435.63,5.8307,3553.925
1414.57,672.2037,76.42,13.5493,1514.61,386.2255,245.4,466.26,7763.76,2.3291,1540.5676
7344.64,3490.1729,1185.6,210.2069,1758.31,448.3691,214.17,406.923,45809.16,13.7427,4569.4146
7026.74,3339.1068,1739.71,308.4506,1747.71,445.6661,373.28,709.232,37521.38,11.2564,4813.7119
7294.35,3466.2751,24.92,4.4183,1903.47,485.3849,401.81,763.439,27219.23,8.1658,4727.6831
3646.99,1733.0496,881.99,156.3768,1573.61,401.2705,488.98,929.062,20419.94,6.126,3225.8849
6973.59,3313.85,1870.88,331.707,1235.64,315.0882,262.0,497.8,49035.36,14.7106,4473.1558
7820.93,3716.5059,1906.07,337.9462,618.81,157.7965,334.37,635.303,41132.05,12.3396,4859.8912
9757.68,4636.8495,1450.39,257.1541,1350.8,344.454,330.17,627.323,27033.31,8.11,5873.8906
2091.44,993.8523,1093.12,193.8102,1775.88,452.8494,6.58,12.502,27338.86,8.2017,1661.2156
3418.96,1624.6898,1291.88,229.0503,310.7,79.2285,52.64,100.016,28433.82,8.5301,2041.5147
3606.68,1713.8943,1024.31,181.6102,1782.99,454.6625,389.54,740.126,30716.86,9.2151,3099.5081
690.97,328.3489,1098.15,194.702,1840.81,469.4065,111.61,212.059,49335.51,14.8007,1219.3171
776.72,369.0973,142.86,25.3291,373.0,95.115,91.37,173.603,24548.67,7.3646,670.509
1256.43,597.0555,358.55,63.5709,1942.24,495.2712,58.9,111.91,45839.1,13.7517,1281.5593
3488.95,1657.949,566.47,100.4351,360.34,91.8867,119.84,227.696,43087.86,12.9264,2090.8932
889.73,422.7997,721.65,127.9485,334.31,85.249,380.83,723.577,41459.62,12.4379,1372.0121
7601.15,3612.0665,1836.07,325.5352,1947.62,496.6431,194.1,368.79,2514.79,0.7544,4803.7892
9126.6,4336.9603,1913.07,339.1873,1051.47,268.1249,387.75,736.725,45937.28,13.7812,5694.7787
3528.35,1676.6719,1045.72,185.4062,1402.19,357.5584,441.45,838.755,32696.06,9.8088,3068.2003
760.99,361.6224,850.3,150.7582,646.83,164.9417,183.08,347.852,9280.44,2.7841,1027.9584
1828.75,869.022,1129.96,200.3419,433.29,110.489,181.07,344.033,44035.18,13.2106,1537.0965
9119.82,4333.7385,1810.83,321.0602,1395.85,355.9417,139.6,265.24,13593.84,4.0782,5280.0586
3917.31,1861.5057,1975.83,350.3147,1789.74,456.3837,395.29,751.051,19382.12,5.8146,3425.0697
2422.48,1151.1625,1311.59,232.5449,429.94,109.6347,105.22,199.918,48483.53,14.5451,1707.8052
4624.41,2197.5196,1760.19,312.0817,81.91,20.887,89.99,170.981,25061.78,7.5185,2708.9878
6662.12,3165.8394,1927.6,341.7635,1223.59,312.0154,207.57,394.383,10797.59,3.2393,4217.2406
6207.15,2949.6377,1383.0,245.2059,1031.09,262.928,306.35,582.065,8367.65,2.5103,4042.3469
3311.35,1573.5535,1733.13,307.2839,1183.15,301.7033,162.39,308.541,10419.99,3.126,2494.2077
3519.18,1672.3143,715.2,126.805,428.27,109.2088,254.42,483.398,1346.84,0.4041,2392.1302
285.92,135.8692,1109.29,196.6771,1000.22,255.0561,383.45,728.555,46469.74,13.9409,1330.0983
7851.44,3731.0043,433.19,76.8046,1887.98,481.4349,356.25,676.875,19468.66,5.8406,4971.9594
2581.84,1226.8904,61.52,10.9075,1008.93,257.2772,73.44,139.536,21021.08,6.3063,1640.9174
3998.17,1899.9304,1671.49,296.3552,950.53,242.3852,133.96,254.524,22839.51,6.8519,2700.0467
8264.7,3927.3854,1830.12,324.4803,91.25,23.2688,442.98,841.662,39619.86,11.886,5128.6825
6833.94,3247.4883,1470.11,260.6505,650.28,165.8214,347.15,659.585,31739.16,9.5217,4343.0669
457.0,217.1664,1738.73,308.2768,534.83,136.3817,246.57,468.483,40957.13,12.2871,1142.595
6952.6,3303.8755,236.73,41.9722,313.31,79.8941,44.42,84.398,8326.77,2.498,3512.6378
9591.02,4557.6527,1168.11,207.1059,1293.67,329.8859,204.2,387.98,38694.43,11.6083,5494.2328
3191.88,1516.7814,584.15,103.5698,291.56,74.3478,448.79,852.701,36620.54,10.9862,2558.3862
2928.7,1391.7182,1912.19,339.0313,829.3,211.4715,52.28,99.332,31308.39,9.3925,2050.9455
5882.84,2795.5256,773.1,137.0706,152.58,38.9079,46.94,89.186,39290.7,11.7872,3072.4773
6391.19,3037.0935,18.23,3.2322,1346.84,343.4442,350.59,666.121,17657.89,5.2974,4055.1883
5243.83,2491.868,262.22,46.4916,425.47,108.4949,112.38,213.522,43417.27,13.0252,2873.4017
5329.0,2532.3408,1560.52,276.6802,1224.34,312.2067,175.7,333.83,42006.69,12.602,3467.6597
2088.43,992.4219,405.67,71.9253,1995.12,508.7556,438.32,832.808,20253.55,6.0761,2411.9869
2475.92,1176.5572,1919.29,340.2901,16.71,4.2611,381.38,724.622,4682.01,1.4046,2247.135
1460.5,694.0296,1689.24,299.5023,507.3,129.3615,275.98,524.362,42986.39,12.8959,1660.1513
7100.92,3374.3572,1086.19,192.5815,1407.79,358.9864,107.33,203.927,4332.19,1.2997,4131.1518
3615.25,1717.9668,982.36,174.1724,755.73,192.7112,227.05,431.395,43005.64,12.9017,2529.1471
8702.77,4135.5563,1367.4,242.44,1870.29,476.9239,128.55,244.245,35676.82,10.703,5109.8682
3313.76,1574.6988,316.11,56.0463,1029.75,262.5863,436.44,829.236,4046.24,1.2139,2723.7813
7617.05,3619.6222,806.61,143.012,941.9,240.1845,276.78,525.882,44997.88,13.4994,4542.2001
2989.95,1420.8242,1477.15,261.8987,588.38,150.0369,370.72,704.368,10671.46,3.2014,2540.3292
7877.41,3743.3452,167.11,29.6286,578.08,147.4104,342.29,650.351,34589.4,10.3768,4581.112
8628.5,4100.2632,1750.57,310.3761,1648.46,420.3573,352.49,669.731,6884.66,2.0654,5502.793
8200.28,3896.7731,1017.51,180.4045,344.1,87.7455,461.82,877.458,44558.71,13.3676,5055.7487
1673.05,795.0334,419.11,74.3082,1661.79,423.7564,161.65,307.135,45989.59,13.7969,1614.0299
7694.32,3656.3409,447.72,79.3808,702.79,179.2114,361.73,687.287,44352.27,13.3057,4615.5258
4390.35,2086.2943,1197.13,212.2511,1086.01,276.9325,487.67,926.573,2786.74,0.836,3502.8869
6209.53,2950.7687,261.21,46.3125,531.95,135.6473,462.27,878.313,39690.5,11.9071,4022.9486
101.8,48.3754,1454.36,257.858,461.76,117.7488,24.19,45.961,34637.97,10.3914,480.3346
9892.55,4700.9398,115.73,20.5189,1340.35,341.7892,323.06,613.814,22462.67,6.7388,5683.8007
7483.08,3555.9596,1470.93,260.7959,1735.8,442.629,40.04,76.076,17855.16,5.3565,4340.817
224.94,106.8915,1472.79,261.1257,928.71,236.8211,72.57,137.883,37329.75,11.1989,753.9202
9587.76,4556.1036,1570.42,278.4355,586.04,149.4402,153.26,291.194,34026.47,10.2079,5285.3812
7203.18,3422.9511,1684.15,298.5998,836.22,213.2361,302.01,573.819,21284.86,6.3855,4514.9915
4286.55,2036.9686,1366.13,242.2148,756.93,193.0171,303.04,575.776,13034.05,3.9102,3051.8867
952.04,452.4094,885.19,156.9442,827.01,210.8876,415.76,789.944,33475.43,10.0426,1620.2278
5201.51,2471.7576,1762.22,312.4416,1932.69,492.836,193.43,367.517,49240.23,14.7721,3659.3243
2059.27,978.5651,1613.02,285.9884,1153.37,294.1093,272.82,518.358,6654.32,1.9963,2079.0171
2139.93,1016.8947,1811.95,321.2587,1088.04,277.4502,176.73,335.787,31577.43,9.4732,1960.8638
7599.89,3611.4677,1766.96,313.282,202.44,51.6222,215.32,409.108,4774.56,1.4324,4386.9123
6928.51,3292.428,1800.42,319.2145,1283.17,327.2084,274.22,521.018,24759.65,7.4279,4467.2968
1130.24,537.09,773.67,137.1717,531.45,135.5198,342.71,651.149,28528.1,8.5584,1469.4889
2075.76,986.4012,733.93,130.1258,144.73,36.9061,69.55,132.145,46029.59,13.8089,1299.387
1881.78,894.2219,1389.49,246.3566,446.9,113.9595,276.8,525.92,34667.71,10.4003,1790.8583
2655.75,1262.0124,113.28,20.0845,10.18,2.5959,384.0,729.6,47208.19,14.1625,2028.4553
9034.18,4293.0423,1960.28,347.5576,545.29,139.0489,467.74,888.706,2514.19,0.7543,5669.1091
3541.47,1682.9065,1214.83,215.3894,1287.27,328.2538,57.94,110.086,12282.6,3.6848,2340.3205
665.73,316.3549,42.79,7.5867,1012.84,258.2742,474.94,902.386,39014.22,11.7043,1496.3061
8614.38,4093.5534,801.98,142.1911,1044.14,266.2557,442.96,841.624,40342.74,12.1028,5355.727
5304.4,2520.6509,151.08,26.7865,1004.27,256.0888,343.8,653.22,24098.27,7.2295,3463.9757
2845.3,1352.0866,898.05,159.2243,1072.26,273.4263,400.5,760.95,28748.43,8.6245,2554.3117
5772.28,2742.9875,1243.79,220.524,272.86,69.5793,116.22,220.818,27339.29,8.2018,3262.1106
4052.81,1925.8953,668.95,118.6048,1138.97,290.4374,435.25,826.975,9143.41,2.743,3164.6555
1939.01,921.4176,395.09,70.0495,373.75,95.3063,499.54,949.126,9966.38,2.9899,2038.8893
4955.32,2354.7681,562.26,99.6887,519.67,132.5159,172.2,327.18,14385.68,4.3157,2918.4684
2852.95,1355.7218,1496.99,265.4163,1715.26,437.3913,171.08,325.052,39702.87,11.9109,2395.4923
9496.16,4512.5752,1488.89,263.9802,1159.39,295.6445,5.87,11.153,46153.72,13.8461,5097.199
5976.59,2840.0756,539.69,95.687,571.34,145.6917,340.04,646.076,36687.7,11.0063,3738.5366
3666.3,1742.2258,1089.18,193.1116,728.63,185.8006,93.87,178.353,32586.68,9.776,2309.267
253.72,120.5677,1091.6,193.5407,867.29,221.159,69.19,131.461,14263.86,4.2792,671.0076
5426.35,2578.6015,664.64,117.8407,981.27,250.2238,168.61,320.359,16962.3,5.0887,3272.1137
1127.71,535.8878,100.43,17.8062,499.21,127.2985,228.89,434.891,14765.74,4.4297,1120.3132
872.32,414.5265,595.02,105.497,1516.13,386.6132,154.34,293.246,43976.71,13.193,1213.0757
3539.47,1681.9561,206.13,36.5468,332.8,84.864,491.17,933.223,29395.52,8.8187,2745.4086
891.03,423.4175,302.39,53.6137,1916.11,488.608,140.8,267.52,26538.63,7.9616,1241.1208
8653.97,4112.3665,93.82,16.6343,960.7,244.9785,135.55,257.545,43179.02,12.9537,4644.478
8096.45,3847.433,1137.57,201.6912,1063.32,271.1466,489.56,930.164,41068.92,12.3207,5262.7555
6362.4,3023.4125,1892.36,335.5154,443.15,113.0032,196.2,372.78,23287.34,6.9862,3851.6973
5530.62,2628.1506,1492.09,264.5476,1038.31,264.769,493.78,938.182,46399.93,13.92,4109.5692
7715.36,3666.3391,46.49,8.2427,161.09,41.078,480.98,913.862,40432.2,12.1297,4641.6515
8497.77,4038.1403,445.83,79.0457,1122.08,286.1304,399.2,758.48,15531.11,4.6593,5166.4557
237.52,112.8695,1612.51,285.898,358.64,91.4532,223.34,424.346,41117.24,12.3352,926.9019
684.76,325.398,1879.47,333.23,1455.62,371.1831,178.88,339.872,37504.18,11.2513,1380.9344
3292.45,1564.5722,1358.06,240.784,260.06,66.3153,91.19,173.261,26535.75,7.9607,2052.8932
6869.99,3264.6192,1956.64,346.9123,46.05,11.7427,308.95,587.005,1882.38,0.5647,4210.8439
6134.17,2914.9576,727.61,129.0053,1412.37,360.1543,328.93,624.967,14867.76,4.4603,4033.5445
717.4,340.9085,1338.31,237.2824,1282.19,326.9585,478.53,909.207,47511.04,14.2533,1828.6097
4832.56,2296.4325,440.98,78.1858,1382.84,352.6242,48.08,91.352,37431.57,11.2295,2829.824
9498.99,4513.92,1502.93,266.4695,650.97,165.9974,167.77,318.763,7839.46,2.3518,5267.5017
8595.29,4084.4818,668.08,118.4506,1625.71,414.5561,143.18,272.042,22074.23,6.6223,4896.1528
6586.65,3129.9761,452.43,80.2158,1724.04,439.6302,309.87,588.753,25594.89,7.6785,4246.2536
3321.81,1578.5241,1996.31,353.9458,1555.23,396.5837,100.99,191.881,40583.83,12.1751,2533.1097
1759.79,836.2522,1726.0,306.0198,1943.72,495.6486,133.98,254.562,25458.88,7.6377,1900.1203
5806.86,2759.4199,1501.01,266.1291,1294.36,330.0618,448.59,852.321,48759.84,14.628,4222.5598
4541.36,2158.0543,1215.16,215.4479,842.12,214.7406,45.48,86.412,31114.97,9.3345,2683.9893
5620.34,2670.7856,1823.34,323.2782,1266.34,322.9167,476.17,904.723,26974.31,8.0923,4229.7958
6346.31,3015.7665,1128.17,200.0245,355.04,90.5352,32.85,62.415,21508.96,6.4527,3375.1939
7229.13,3435.2826,1631.9,289.3359,1773.54,452.2527,401.63,763.097,22297.19,6.6892,4946.6574
8124.58,3860.8004,771.8,136.8401,1512.66,385.7283,130.23,247.437,1614.61,0.4844,4631.2902
3342.56,1588.3845,1459.22,258.7197,351.77,89.7013,364.71,692.949,43324.84,12.9975,2642.752
8108.72,3853.2637,1418.13,251.4344,1900.7,484.6785,268.48,510.112,19665.64,5.8997,5105.3883
6952.69,3303.9183,1426.96,253.0,1137.56,290.0778,407.92,775.048,25168.86,7.5507,4629.5948
8856.18,4208.4567,1162.98,206.1964,772.94,197.0997,286.15,543.685,19244.03,5.7732,5161.211
3877.39,1842.5357,1320.62,234.1459,1135.68,289.5984,103.05,195.795,5574.59,1.6724,2563.7474
283.11,134.5339,576.09,102.1408,372.07,94.8778,245.77,466.963,19872.28,5.9617,804.4772
2174.92,1033.522,203.99,36.1674,349.76,89.1888,279.01,530.119,47482.43,14.2447,1703.2419
4727.04,2246.2894,1500.79,266.0901,1765.1,450.1005,383.13,727.947,21476.3,6.4429,3696.8699
2412.41,1146.3772,177.69,31.5044,344.05,87.7328,398.04,756.276,2740.1,0.822,2022.7124
7819.24,3715.7028,1404.16,248.9576,1202.97,306.7574,445.41,846.279,5055.15,1.5165,5119.2133
6618.11,3144.9259,1781.87,315.9256,18.34,4.6767,303.99,577.581,44619.54,13.3859,4056.4951
9654.3,4587.7234,178.01,31.5612,1086.31,277.0091,376.59,715.521,9582.49,2.8747,5614.6894
6278.26,2983.4292,1907.93,338.276,41.89,10.682,284.99,541.481,40757.51,12.2273,3886.0955
697.35,331.3807,1732.86,307.2361,1858.41,473.8946,317.76,603.744,10089.04,3.0267,1719.2821
5767.14,2740.5449,1165.59,206.6591,1154.02,294.2751,29.33,55.727,19250.48,5.7751,3302.9812
5871.53,2790.1511,1406.22,249.3228,155.85,39.7417,93.03,176.757,16523.32,4.957,3260.9296
9732.67,4624.9648,617.62,109.504,472.01,120.3625,308.45,586.055,16332.33,4.8997,5445.786
8549.02,4062.4943,409.42,72.5902,990.48,252.5724,379.54,721.126,47774.42,14.3323,5123.1152
1179.37,560.4366,1790.1,317.3847,236.57,60.3254,263.26,500.194,11600.05,3.48,1441.8207
1788.67,849.976,1899.35,336.7548,1344.98,342.9699,486.13,923.647,39439.0,11.8317,2465.1794
4304.62,2045.5554,1364.21,241.8744,853.57,217.6604,155.48,295.412,44571.27,13.3714,2813.8736
915.22,434.9125,843.68,149.5845,70.74,18.0387,82.07,155.933,48030.21,14.4091,772.8778
4219.61,2005.1587,1281.73,227.2507,1626.62,414.7881,324.57,616.683,9621.63,2.8865,3266.767
9639.4,4580.6429,377.39,66.9112,1729.28,440.9664,151.51,287.869,34825.69,10.4477,5386.8372
9802.04,4657.9294,102.44,18.1626,1490.69,380.126,57.67,109.573,43159.6,12.9479,5178.7389
3626.8,1723.4554,1137.43,201.6663,418.18,106.6359,315.21,598.899,26718.3,8.0155,2638.6721
7701.96,3659.9714,383.92,68.069,952.19,242.8085,463.81,881.239,47589.07,14.2767,4866.3646
5830.94,2770.8627,305.67,54.1953,712.97,181.8074,451.7,858.23,7784.13,2.3352,3867.4306
9916.73,4712.4301,1064.45,188.727,1747.53,445.6202,473.18,899.042,40001.02,12.0003,6257.8196
8451.63,4016.2146,109.41,19.3984,832.47,212.2799,134.02,254.638,12703.75,3.8111,4506.342
2025.23,962.3893,1294.76,229.5609,467.4,119.187,376.42,715.198,17567.8,5.2703,2031.6055
314.95,149.6642,754.42,133.7587,1538.89,392.417,142.34,270.446,39114.43,11.7343,958.0202
5041.92,2395.9204,165.59,29.3591,836.46,213.2973,50.12,95.228,41515.0,12.4545,2746.2593
9423.16,4477.8856,294.55,52.2237,1772.06,451.8753,350.29,665.551,27714.79,8.3144,5655.85
1592.59,756.7988,1466.67,260.0406,966.55,246.4702,258.85,491.815,34235.84,10.2708,1765.3954
7993.26,3798.3972,1758.09,311.7094,1559.94,397.7847,488.95,929.005,25037.08,7.5111,5444.4074
6209.54,2950.7734,1970.47,349.3643,1775.02,452.6301,413.39,785.441,36807.94,11.0424,4549.2512
4925.03,2340.3743,1682.43,298.2948,223.49,56.99,181.38,344.622,26048.56,7.8146,3048.0957
5509.17,2617.9576,1490.44,264.255,229.25,58.4588,76.5,145.35,32503.77,9.7511,3095.7725
6402.41,3042.4252,1810.73,321.0424,1491.82,380.4141,305.36,580.184,35229.3,10.5688,4334.6345
496.87,236.1126,1997.32,354.1248,1502.06,383.0253,228.63,434.397,35636.48,10.6909,1418.3506
282.33,134.1632,593.99,105.3144,1335.35,340.5143,341.32,648.508,21078.16,6.3234,1234.8233
7552.11,3588.7627,809.96,143.6059,797.75,203.4263,327.72,622.668,18125.21,5.4376,4563.9005
9316.07,4426.9965,1314.81,233.1158,273.57,69.7604,362.15,688.085,33652.11,10.0956,5428.0533
9851.5,4681.4328,413.74,73.3561,638.63,162.8507,102.02,193.838,2598.1,0.7794,5112.257
6275.3,2982.0226,1107.97,196.4431,1230.91,313.8821,444.62,844.778,42732.03,12.8196,4349.9454
8649.21,4110.1046,1716.18,304.2787,484.7,123.5985,16.38,31.122,6053.63,1.8161,4570.9199
8911.63,4234.8066,693.43,122.9451,1169.87,298.3168,419.45,796.955,9933.69,2.9801,5456.0036
6859.39,3259.5821,1200.85,212.9107,1083.87,276.3868,18.82,35.758,9401.04,2.8203,3787.4579
9057.76,4304.2476,1919.8,340.3805,1495.33,381.3091,277.75,527.725,2229.71,0.6689,5554.3311
9945.89,4726.2869,1262.56,223.8519,782.39,199.5094,194.44,369.436,10701.3,3.2104,5522.2946
7513.22,3570.2821,1518.18,269.1733,645.6,164.628,115.87,220.153,1228.81,0.3686,4224.605
3330.62,1582.7106,1241.03,220.0346,233.19,59.4635,387.02,735.338,25477.42,7.6432,2605.1899
2032.51,965.8488,982.83,174.2558,1345.95,343.2173,73.12,138.928,1155.58,0.3467,1622.5966
1640.91,779.7604,1339.85,237.5554,1423.61,363.0205,230.15,437.285,46777.01,14.0331,1831.6544
3146.4,1495.1693,477.05,84.581,1720.76,438.7938,229.03,435.157,13596.47,4.0789,2457.78
9976.8,4740.9754,276.93,49.0997,1676.1,427.4055,324.73,616.987,9037.54,2.7113,5837.1789
3636.95,1728.2786,138.11,24.4869,1877.62,478.7931,319.7,607.43,46843.9,14.0532,2853.0418
6678.69,3173.7135,1643.19,291.3376,1751.28,446.5764,286.51,544.369,1116.08,0.3348,4456.3313
9783.79,4649.257,266.44,47.2398,471.57,120.2503,394.47,749.493,25830.83,7.7492,5573.9893
9464.34,4497.4544,152.2,26.9851,1754.64,447.4332,299.98,569.962,36779.23,11.0338,5552.8685
9995.38,4749.8046,661.23,117.2361,994.57,253.6154,243.78,463.182,38436.0,11.5308,5595.3689
8513.12,4045.4346,363.44,64.4379,212.7,54.2385,478.25,908.675,29141.24,8.7424,5081.5284
4360.0,2071.872,465.69,82.5668,1553.91,396.2471,287.72,546.668,39613.81,11.8841,3109.238
8802.85,4183.1143,1600.2,283.7155,135.37,34.5194,112.44,213.636,33842.44,10.1527,4725.1379
1968.77,935.5595,1694.37,300.4118,972.02,247.8651,87.02,165.338,33270.41,9.9811,1659.1555
5569.96,2646.845,1209.8,214.4975,906.47,231.1499,47.41,90.079,7949.72,2.3849,3184.9563
3866.64,1837.4273,1876.74,332.746,637.13,162.4682,19.59,37.221,17318.97,5.1957,2375.0582
7536.09,3581.15,848.67,150.4692,59.16,15.0858,239.57,455.183,27635.92,8.2908,4210.1788
9624.67,4573.6432,1291.55,228.9918,26.69,6.806,235.62,447.678,9026.38,2.7079,5259.8269
823.46,391.3082,217.27,38.522,439.32,112.0266,370.92,704.748,43111.47,12.9334,1259.5382
1948.24,925.8036,616.35,109.2789,751.19,191.5535,327.32,621.908,16879.52,5.0639,1853.6079
8760.4,4162.9421,907.69,160.9334,468.46,119.4573,214.62,407.778,37371.29,11.2114,4862.3222
1772.2,842.1494,136.24,24.1554,1382.29,352.4839,406.03,771.457,47183.28,14.155,2004.4007
2842.65,1350.8273,1647.19,292.0468,1076.98,274.6299,177.84,337.896,20576.1,6.1728,2261.5728
7063.82,3356.7273,1152.03,204.2549,780.84,199.1142,403.35,766.365,41530.2,12.4591,4538.9205
6880.77,3269.7419,1468.22,260.3154,1316.28,335.6514,57.5,109.25,7411.53,2.2235,3977.1822
850.1,403.9675,87.05,15.434,1292.34,329.5467,387.09,735.471,18847.77,5.6543,1490.0735
1154.56,548.6469,85.17,15.1006,536.85,136.8967,23.01,43.719,5789.48,1.7368,746.1
3119.52,1482.3959,905.25,160.5008,137.4,35.037,419.42,796.898,35354.76,10.6064,2485.4381
6189.15,2941.0841,1927.83,341.8043,1164.97,297.0674,200.05,380.095,45992.41,13.7977,3973.8485
8632.1,4101.9739,568.63,100.8181,499.48,127.3674,337.23,640.737,48237.29,14.4712,4985.3676
8807.98,4185.5521,840.77,149.0685,1364.2,347.871,323.92,615.448,23374.83,7.0124,5304.952
8198.48,3895.9177,11.02,1.9538,312.29,79.634,494.11,938.809,7570.22,2.2711,4918.5856
9656.05,4588.555,446.9,79.2354,940.69,239.876,251.18,477.242,11064.91,3.3195,5388.2279
5832.34,2771.528,367.51,65.1595,120.72,30.7836,184.18,349.942,39936.57,11.981,3229.3941
5055.4,2402.3261,430.67,76.3578,1187.2,302.736,115.75,219.925,2224.03,0.6672,3002.0121
6171.28,2932.5923,62.57,11.0937,1520.95,387.8423,138.09,262.371,12995.47,3.8986,3597.7979
4972.31,2362.8417,1513.4,268.3258,603.71,153.9461,285.16,541.804,39231.15,11.7693,3338.6869
3453.61,1641.1555,80.29,14.2354,1320.49,336.725,289.31,549.689,3976.11,1.1928,2542.9977
9521.72,4524.7213,123.47,21.8912,1286.37,328.0243,497.72,945.668,8092.4,2.4277,5822.7325
1441.95,685.2146,225.18,39.9244,580.97,148.1474,350.04,665.076,49292.59,14.7878,1553.1502
6761.06,3212.8557,1597.05,283.157,32.75,8.3513,420.09,798.171,25657.19,7.6972,4310.2322
3419.32,1624.8609,153.06,27.1375,372.23,94.9186,133.4,253.46,24498.49,7.3495,2007.7265
1416.4,673.0733,108.71,19.2743,882.13,224.9432,37.4,71.06,35053.92,10.5162,998.867
8655.46,4113.0746,1440.42,255.3865,1227.04,312.8952,463.73,881.087,32050.81,9.6152,5572.0585
3223.88,1531.9878,702.45,124.5444,160.95,41.0422,44.51,84.569,45811.93,13.7436,1795.887
8288.14,3938.5241,562.26,99.6887,307.58,78.4329,145.1,275.69,44978.37,13.4935,4405.8292
3931.36,1868.1823,453.34,80.3772,725.13,184.9082,471.22,895.318,25136.96,7.5411,3036.3268
4566.71,2170.1006,707.47,125.4344,1866.22,475.8861,90.96,172.824,21694.42,6.5083,2950.7534
5883.73,2795.9485,621.64,110.2168,1101.29,280.829,423.32,804.308,18433.49,5.53,3996.8323
2443.87,1161.327,1317.44,233.5821,883.4,225.267,260.69,495.311,31691.71,9.5075,2124.9946
8819.31,4190.9361,1143.76,202.7886,1949.24,497.0562,460.52,874.988,39271.11,11.7813,5777.5502
5193.63,2468.013,994.24,176.2788,1878.19,478.9385,421.35,800.565,32977.63,9.8933,3933.6886
8487.83,4033.4168,1756.53,311.4328,1378.23,351.4486,416.8,791.92,47242.73,14.1728,5502.391
9319.12,4428.4458,1761.08,312.2395,821.31,209.434,204.19,387.961,23408.95,7.0227,5345.103
632.12,300.3834,1881.31,333.5563,1023.96,261.1098,310.73,590.387,22451.12,6.7353,1492.1718
1667.04,792.1774,1246.7,221.0399,1529.5,390.0225,297.72,565.668,1158.1,0.3474,1969.2552
5383.8,2558.3818,63.62,11.2798,1106.78,282.2289,264.46,502.474,19087.88,5.7264,3360.0909
3877.46,1842.569,1240.26,219.8981,120.66,30.7683,298.08,566.352,16080.88,4.8243,2664.4117
6513.57,3095.2485,224.35,39.7773,1316.93,335.8172,425.61,808.659,31004.69,9.3014,4288.8034
3823.1,1816.7371,96.74,17.152,1615.17,411.8684,150.63,286.197,26510.38,7.9531,2539.9076
1365.03,648.6623,907.4,160.882,1331.93,339.6422,165.41,314.279,32235.33,9.6706,1473.1361
7070.22,3359.7685,957.87,169.8304,502.03,128.0177,235.15,446.785,45305.3,13.5916,4117.9932
2664.2,1266.0278,1467.69,260.2214,639.55,163.0853,129.44,245.936,1554.96,0.4665,1935.737
4396.19,2089.0695,530.39,94.0381,1998.66,509.6583,267.6,508.44,40713.47,12.214,3213.4199
1614.41,767.1676,715.92,126.9326,188.56,48.0828,173.85,330.315,8172.3,2.4517,1274.9497
4056.74,1927.7628,63.83,11.3171,597.48,152.3574,414.22,787.018,27743.84,8.3232,2886.7785
909.19,432.0471,811.51,143.8807,1888.11,481.4681,276.45,525.255,26973.63,8.0921,1590.743
7882.54,3745.783,131.64,23.3398,1766.36,450.4218,462.18,878.142,16906.86,5.0721,5102.7587
2434.27,1156.7651,1427.9,253.1667,1150.39,293.3495,180.71,343.349,45238.61,13.5716,2060.2019
1584.48,752.9449,330.44,58.587,1053.84,268.7292,406.47,772.293,23695.12,7.1085,1859.6626
558.59,265.442,777.22,137.8011,1277.71,325.8161,189.06,359.214,45229.79,13.5689,1101.8421
386.75,183.7836,1867.55,331.1166,1244.67,317.3909,336.9,640.11,19920.14,5.976,1478.3771
4552.28,2163.2435,1784.81,316.4468,302.75,77.2013,457.93,870.067,10206.87,3.0621,3430.0207
5211.46,2476.4858,620.92,110.0891,1794.38,457.5669,290.63,552.197,24109.94,7.233,3603.5718
1416.63,673.1826,512.26,90.8237,1234.16,314.7108,325.36,618.184,3111.49,0.9334,1697.8345
7696.46,3657.3578,16.89,2.9946,175.72,44.8086,278.17,528.523,45123.06,13.5369,4247.2209
1251.45,594.689,1268.75,224.9494,1350.91,344.4821,388.57,738.283,10990.88,3.2973,1905.7008
1873.26,890.1732,706.54,125.2695,498.06,127.0053,98.61,187.359,23098.83,6.9296,1336.7366
7084.0,3366.3168,221.45,39.2631,477.05,121.6478,231.45,439.755,41084.08,12.3252,3979.3079
7066.84,3358.1624,1777.33,315.1206,309.26,78.8613,154.52,293.588,34017.23,10.2052,4055.9375
3852.71,1830.8078,688.43,122.0586,1436.96,366.4248,466.74,886.806,45574.54,13.6724,3219.7696
8960.74,4258.1436,668.63,118.5481,282.53,72.0451,200.39,380.741,3765.13,1.1295,4830.6073
9926.87,4717.2486,1199.84,212.7316,508.18,129.5859,278.78,529.682,6056.42,1.8169,5591.065
4178.05,1985.4094,1392.63,246.9133,1704.7,434.6985,298.62,567.378,44150.63,13.2452,3247.6444
2131.11,1012.7035,105.99,18.792,1248.73,318.4262,240.02,456.038,40361.69,12.1085,1818.0682
1808.51,859.404,1452.41,257.5123,1882.85,480.1267,407.63,774.497,31818.88,9.5457,2381.0857
8988.9,4271.5253,1626.82,288.4352,1776.98,453.1299,336.28,638.932,29027.34,8.7082,5660.7306
2429.29,1154.3986,741.1,131.397,1811.56,461.9478,430.03,817.057,25509.4,7.6528,2572.4532
5917.04,2811.7774,154.54,27.3999,548.54,139.8777,33.46,63.574,29307.37,8.7922,3051.4212
9601.41,4562.59,887.16,157.2935,512.52,130.6926,151.41,287.679,28136.68,8.441,5146.6961
369.35,175.5151,403.98,71.6257,907.97,231.5324,270.62,514.178,32363.52,9.7091,1002.5603
985.85,468.4759,540.03,95.7473,1945.23,496.0337,107.52,204.288,25807.78,7.7423,1272.2872
328.62,156.1602,911.43,161.5965,1218.29,310.6639,80.15,152.285,3844.53,1.1534,781.859
3868.52,1838.3207,803.26,142.418,1467.59,374.2354,176.0,334.4,25743.35,7.723,2697.0971
6293.5,2990.6712,1180.87,209.3683,376.61,96.0356,480.12,912.228,30663.05,9.1989,4217.502
8268.28,3929.0867,227.61,40.3553,1873.53,477.7502,327.23,621.737,11206.62,3.362,5072.2912
4909.39,2332.9421,1156.41,205.0315,1295.54,330.3627,6.2,11.78,22321.44,6.6964,2886.8127
4668.42,2218.4332,1317.17,233.5342,1910.53,487.1852,284.69,540.911,27977.2,8.3932,3488.4568
5958.83,2831.636,491.49,87.1412,1660.54,423.4377,322.86,613.434,44034.53,13.2104,3968.8593
1462.53,694.9943,1918.5,340.1501,1032.32,263.2416,487.2,925.68,43294.44,12.9883,2237.0543
6673.63,3171.309,1839.46,326.1363,214.91,54.8021,267.89,508.991,42489.13,12.7467,4073.9851
1297.56,616.6005,1655.24,293.4741,1334.54,340.3077,255.89,486.191,1030.27,0.3091,1736.8824
8720.48,4143.9721,1716.8,304.3886,159.36,40.6368,367.5,698.25,10706.1,3.2118,5190.4593
2961.72,1407.4093,1197.62,212.338,175.94,44.8647,80.95,153.805,47097.54,14.1293,1832.5463
7366.41,3500.518,1142.53,202.5706,1159.63,295.7057,442.78,841.282,29331.71,8.7995,4848.8758
2616.35,1243.2895,1972.62,349.7455,466.92,119.0646,141.62,269.078,10087.24,3.0262,1984.2038
4583.09,2177.8844,1511.55,267.9978,1043.79,266.1664,219.18,416.442,34275.72,10.2827,3138.7733
1214.22,576.9973,1994.39,353.6053,1126.69,287.3059,249.13,473.347,17518.68,5.2556,1696.5111
2665.42,1266.6076,957.85,169.8268,30.07,7.6679,492.32,935.408,39033.97,11.7102,2391.2205
643.24,305.6676,1925.41,341.3752,642.52,163.8426,363.87,691.353,9095.83,2.7287,1504.9671
6626.42,3148.8748,130.85,23.1997,307.33,78.3691,9.41,17.879,30866.01,9.2598,3277.5824
6971.31,3312.7665,245.16,43.4669,971.37,247.6994,53.56,101.764,35981.55,10.7945,3716.4913
1920.03,912.3983,53.33,9.4554,964.2,245.871,447.01,849.319,1438.84,0.4317,2017.4754
1640.23,779.4373,1576.21,279.462,166.11,42.3581,423.86,805.334,44249.93,13.275,1919.8664
5823.41,2767.2844,1076.55,190.8723,1514.96,386.3148,351.13,667.147,12564.11,3.7692,4015.3877
416.79,198.0586,124.23,22.026,829.94,211.6347,37.19,70.661,7230.22,2.1691,504.5494
6700.74,3184.1916,158.9,28.173,921.1,234.8805,481.09,914.071,19218.09,5.7654,4367.0815
9092.78,4320.8891,175.27,31.0754,274.74,70.0587,368.38,699.922,2419.49,0.7258,5122.671
3213.79,1527.193,1738.34,308.2077,648.6,165.393,271.52,515.888,28956.54,8.687,2525.3687
1546.75,735.0156,235.95,41.8339,1823.15,464.9033,189.79,360.601,36644.51,10.9934,1613.3472
9049.86,4300.4935,750.52,133.0672,1304.91,332.7521,229.52,436.088,43329.52,12.9989,5215.3997
1509.98,717.5425,1615.07,286.3519,1002.67,255.6808,397.81,755.839,12604.53,3.7814,2019.1956
8050.12,3825.417,1753.12,310.8282,540.9,137.9295,100.46,190.874,16279.38,4.8838,4469.9325
8030.12,3815.913,577.1,102.3198,1778.49,453.5149,32.13,61.047,23709.7,7.1129,4439.9076
9794.2,4654.2038,608.99,107.9739,953.44,243.1272,96.44,183.236,26660.94,7.9983,5196.5392
4727.82,2246.6601,1108.84,196.5973,262.2,66.861,236.76,449.844,24821.51,7.4465,2967.4089
129.07,61.3341,285.25,50.5748,133.1,33.9405,471.31,895.489,22962.07,6.8886,1048.227
4306.56,2046.4773,1890.69,335.2193,1332.79,339.8614,388.88,738.872,5051.74,1.5155,3461.9455
385.98,183.4177,1219.45,216.2085,498.74,127.1787,452.17,859.123,5334.89,1.6005,1387.5284
4833.69,2296.9695,1250.71,221.7509,1279.69,326.321,387.39,736.041,9732.5,2.9197,3584.0021
7820.59,3716.3444,1596.49,283.0577,277.69,70.811,211.4,401.66,42156.97,12.6471,4484.5202
7238.03,3439.5119,756.05,134.0477,1277.81,325.8415,398.11,756.409,34506.8,10.352,4666.1621
5361.21,2547.647,981.38,173.9987,221.73,56.5412,492.48,935.712,40817.04,12.2451,3726.144
1899.97,902.8657,489.59,86.8043,1910.56,487.1928,403.53,766.707,27795.37,8.3386,2251.9084
2460.31,1169.1393,1261.41,223.648,1616.54,412.2177,136.67,259.673,32882.66,9.8648,2074.5428
8731.18,4149.0567,1247.5,221.1818,897.06,228.7503,244.88,465.272,23341.37,7.0024,5071.2632
8213.2,3902.9126,612.47,108.5909,670.8,171.054,361.86,687.534,6160.33,1.8481,4871.9396
7067.02,3358.2479,1151.08,204.0865,56.18,14.3259,396.68,753.692,42250.31,12.6751,4343.0274
2327.56,1106.0565,87.95,15.5935,949.24,242.0562,188.21,357.599,21946.62,6.584,1727.8892
2262.61,1075.1923,1045.31,185.3335,1799.54,458.8827,89.05,169.195,14876.27,4.4629,1893.0664
6057.0,2878.2864,1805.89,320.1843,1060.32,270.3816,477.39,907.041,13187.46,3.9562,4379.8495
7287.13,3462.8442,514.5,91.2209,686.45,175.0448,142.64,271.016,13558.2,4.0675,4004.1934
1552.9,737.9381,590.63,104.7187,78.07,19.9078,69.96,132.924,28428.94,8.5287,1004.0173
6091.33,2894.6,1200.77,212.8965,1743.39,444.5645,359.8,683.62,18563.02,5.5689,4241.2499
5411.79,2571.6826,378.8,67.1612,1341.41,342.0596,352.64,670.016,40772.33,12.2317,3663.1511
4669.52,2218.9559,1303.94,231.1886,1468.52,374.4726,80.64,153.216,9416.47,2.8249,2980.658
3287.4,1562.1725,1537.46,272.5917,1996.47,509.0999,389.32,739.708,47631.19,14.2894,3097.8615
5657.47,2688.4297,562.15,99.6692,133.09,33.938,47.67,90.573,25073.78,7.5221,2920.132
4517.42,2146.678,1332.8,236.3054,1329.24,338.9562,254.31,483.189,40332.59,12.0998,3217.2284
7889.56,3749.1189,596.09,105.6868,764.03,194.8277,448.27,851.713,22753.1,6.8259,4908.1723
5701.4,2709.3053,297.83,52.8053,285.84,72.8892,414.74,788.006,24481.04,7.3443,3630.3501
861.3,409.2898,413.31,73.2799,449.81,114.7015,371.54,705.926,1822.08,0.5466,1303.7438
8610.1,4091.5195,1353.55,239.9844,625.88,159.5994,159.86,303.734,33064.58,9.9194,4804.7567
627.14,298.0169,1100.24,195.0726,1654.55,421.9103,293.72,558.068,20705.77,6.2117,1479.2795
6178.96,2936.2418,837.49,148.487,278.56,71.0328,258.29,490.751,43339.88,13.002,3659.5146
9066.15,4308.2345,262.81,46.5962,1984.09,505.9429,171.42,325.698,19661.32,5.8984,5192.37
5840.63,2775.4674,917.77,162.7206,489.16,124.7358,241.84,459.496,13691.64,4.1075,3526.5273
8881.0,4220.2512,1729.0,306.5517,1852.55,472.4002,224.13,425.847,2175.45,0.6526,5425.7027
1903.76,904.6668,921.7,163.4174,1422.6,362.763,294.08,558.752,28314.61,8.4944,1998.0936
8007.34,3805.088,164.66,29.1942,666.6,169.983,179.22,340.518,26494.56,7.9484,4352.7316
7329.49,3482.9736,1160.31,205.723,1400.07,357.0179,188.04,357.276,36399.82,10.9199,4413.9104
4558.69,2166.2895,165.52,29.3467,756.83,192.9917,387.96,737.124,39014.73,11.7044,3137.4563
9291.89,4415.5061,195.2,34.609,731.19,186.4535,239.54,455.126,13078.8,3.9236,5095.6182
3248.28,1543.5827,1178.86,209.0119,1278.0,325.89,404.6,768.74,7177.92,2.1534,2849.378
8318.79,3953.089,1695.1,300.5412,1692.37,431.5543,396.63,753.597,22486.63,6.746,5445.5275
319.78,151.9595,1567.46,277.9107,348.01,88.7425,103.07,195.833,16734.66,5.0204,719.4661
8591.37,4082.619,134.97,23.9302,401.61,102.4106,175.47,333.393,45591.89,13.6776,4556.0304
6361.72,3023.0893,1005.63,178.2982,504.75,128.7113,148.09,281.371,42470.85,12.7413,3624.2111
7874.95,3742.1762,113.06,20.0455,39.15,9.9832,359.39,682.841,25646.33,7.6939,4462.7398
6411.05,3046.531,1046.86,185.6083,1084.3,276.4965,414.18,786.942,5609.98,1.683,4297.2608
4538.26,2156.5812,599.21,106.2399,280.65,71.5657,268.77,510.663,16656.28,4.9969,2850.0467
1159.46,550.9754,629.16,111.5501,1855.62,473.1831,402.67,765.073,14069.12,4.2207,1905.0023
1884.07,895.3101,1060.81,188.0816,80.45,20.5147,21.0,39.9,6054.21,1.8163,1145.6227
3943.9,1874.1413,221.42,39.2578,613.07,156.3329,254.88,484.272,19894.23,5.9683,2559.9723
9679.62,4599.7554,1931.47,342.4496,458.84,117.0042,6.83,12.977,8337.2,2.5012,5074.6874
4622.57,2196.6453,1393.46,247.0605,78.7,20.0685,143.53,272.707,13156.69,3.947,2740.4283
7991.26,3797.4468,304.79,54.0393,1251.97,319.2524,171.57,325.983,47087.09,14.1261,4510.8476
7291.77,3465.0491,721.44,127.9113,158.68,40.4634,19.94,37.886,38078.03,11.4234,3682.7332
9212.72,4377.8845,1843.86,326.9164,769.3,196.1715,135.79,258.001,26056.67,7.817,5166.7904
4333.79,2059.417,1049.77,186.1242,1082.57,276.0553,184.0,349.6,12323.68,3.6971,2874.8936
3870.24,1839.138,1504.09,266.6752,904.2,230.571,86.88,165.072,18326.89,5.4981,2506.9543
5453.07,2591.2989,106.42,18.8683,1406.57,358.6753,386.52,734.388,43130.66,12.9392,3716.1697
5270.69,2504.6319,182.33,32.3271,602.72,153.6936,17.74,33.706,46156.66,13.847,2738.2056
2464.96,1171.349,1703.31,301.9969,1448.79,369.4414,25.29,48.051,12834.87,3.8505,1894.6888
8731.95,4149.4226,1890.83,335.2442,1997.7,509.4135,411.68,782.192,12195.02,3.6585,5779.9308
7557.77,3591.4523,1918.6,340.1678,1594.41,406.5746,481.57,914.983,34768.58,10.4306,5263.6083
6868.12,3263.7306,128.18,22.7263,84.18,21.4659,204.01,387.619,46708.6,14.0126,3709.5544
5766.05,2740.027,1402.91,248.7359,381.63,97.3157,25.86,49.134,41115.09,12.3345,3147.5471
6011.93,2856.8691,1717.46,304.5057,166.22,42.3861,339.98,645.962,47853.62,14.3561,3864.079
3645.46,1732.3226,445.09,78.9145,231.88,59.1294,144.79,275.101,21610.6,6.4832,2151.9507
2545.39,1209.5693,1607.89,285.0789,1766.31,450.409,283.62,538.878,37720.46,11.3161,2495.2513
405.48,192.6841,15.3,2.7127,1565.41,399.1796,357.09,678.471,45113.97,13.5342,1286.5816
363.86,172.9063,1012.25,179.4719,1558.32,397.3716,125.42,238.298,29751.39,8.9254,996.9732
8301.36,3944.8063,1745.77,309.525,31.7,8.0835,370.67,704.273,2068.42,0.6205,4967.3083
8699.28,4133.8979,929.62,164.8216,1980.25,504.9638,312.97,594.643,4969.24,1.4908,5399.8171
3075.81,1461.6249,455.01,80.6733,554.21,141.3236,357.69,679.611,10553.84,3.1662,2366.399
8980.92,4267.7332,1188.1,210.6501,1662.49,423.935,462.41,878.579,34521.62,10.3565,5791.2538
1443.57,685.9845,1976.78,350.4831,1021.62,260.5131,284.04,539.676,24104.26,7.2313,1843.888
582.45,276.7802,1002.61,177.7628,168.49,42.965,403.54,766.726,33265.51,9.9797,1274.2137
4940.02,2347.4975,1882.69,333.8009,1513.36,385.9068,74.66,141.854,25643.88,7.6932,3216.7524
3610.42,1715.6716,1551.25,275.0366,27.65,7.0507,234.16,444.904,12342.76,3.7028,2446.3657
4084.71,1941.0542,462.21,81.9498,1600.17,408.0434,280.37,532.703,12629.59,3.7889,2967.5393
7527.56,3577.0965,1837.07,325.7125,1492.37,380.5543,280.77,533.463,35589.66,10.6769,4827.5032
7086.22,3367.3717,95.72,16.9712,645.04,164.4852,276.71,525.749,7365.21,2.2096,4076.7867
4681.73,2224.7581,468.15,83.003,726.42,185.2371,26.11,49.609,10442.14,3.1326,2545.7398
1076.59,511.5956,250.79,44.4651,146.53,37.3651,300.78,571.482,4754.84,1.4265,1166.3343
3880.99,1844.2464,1511.02,267.9038,546.57,139.3754,368.3,699.77,39254.02,11.7762,2963.0718
928.69,441.3135,995.73,176.5429,1888.4,481.542,328.66,624.454,22283.43,6.685,1730.5374
7137.82,3391.8921,1544.38,273.8186,922.15,235.1482,173.0,328.7,20564.96,6.1695,4235.7284
8105.56,3851.7621,759.01,134.5725,1787.53,455.8202,221.27,420.413,25061.89,7.5186,4870.0864
9104.34,4326.3824,1835.72,325.4732,1750.58,446.3979,488.51,928.169,25817.24,7.7452,6034.1677
856.13,406.833,897.54,159.1338,436.07,111.1979,130.51,247.969,22169.55,6.6509,931.7846
9847.83,4679.6888,949.18,168.2896,1080.33,275.4841,465.72,884.868,24137.38,7.2412,6015.5717
9155.5,4350.6936,1394.29,247.2076,1978.8,504.594,174.46,331.474,11961.98,3.5886,5437.5578
3580.32,1701.3681,1702.33,301.8231,569.33,145.1792,37.95,72.105,26709.92,8.013,2228.4884
9575.95,4550.4914,1601.19,283.891,453.55,115.6553,338.64,643.416,14579.58,4.3739,5597.8276
3680.09,1748.7788,1811.17,321.1204,1017.15,259.3732,416.11,790.609,22341.48,6.7024,3126.5838
1028.38,488.6862,1892.91,335.6129,887.26,226.2513,247.71,470.649,18205.29,5.4616,1526.661
2667.79,1267.7338,1119.85,198.5494,660.19,168.3485,218.67,415.473,19735.94,5.9208,2056.0255
1196.47,568.5625,1955.9,346.7811,1494.8,381.174,134.38,255.322,33865.72,10.1597,1561.9993
5047.72,2398.6765,266.77,47.2983,768.23,195.8987,113.96,216.524,1311.09,0.3933,2858.7908
4880.82,2319.3657,1375.6,243.8939,1822.9,464.8395,282.32,536.408,10216.61,3.065,3567.5721
4530.74,2153.0076,194.79,34.5363,1665.11,424.603,447.2,849.68,23580.07,7.074,3468.9009
9702.27,4610.5187,434.06,76.9588,1704.48,434.6424,433.68,823.992,38745.22,11.6236,5957.7355
1882.11,894.3787,390.73,69.2764,1496.48,381.6024,464.24,882.056,12013.96,3.6042,2230.9177
519.37,246.8046,444.24,78.7638,1643.99,419.2174,385.39,732.241,46028.09,13.8084,1490.8352
7850.99,3730.7904,1420.59,251.8706,562.57,143.4554,30.87,58.653,39418.68,11.8256,4196.595
2539.98,1206.9985,332.65,58.9788,1189.74,303.3837,417.64,793.516,16341.04,4.9023,2367.7793
940.64,446.9921,719.9,127.6383,50.15,12.7882,264.8,503.12,20077.59,6.0233,1096.5619
2361.27,1122.0755,559.57,99.2118,1460.68,372.4734,189.68,360.392,9452.39,2.8357,1956.9884
353.32,167.8977,1182.08,209.5828,1630.2,415.701,157.55,299.345,24494.78,7.3484,1099.8749
5022.93,2386.8963,791.91,140.4056,1381.35,352.2442,24.29,46.151,37533.84,11.2602,2936.9573
907.38,431.187,663.17,117.58,628.87,160.3619,180.81,343.539,29094.53,8.7284,1061.3963
2032.91,966.0388,1210.61,214.6412,791.59,201.8555,165.16,313.804,13975.9,4.1928,1700.5323
8424.65,4003.3937,1779.08,315.4309,514.54,131.2077,169.86,322.734,40654.6,12.1964,4784.9627
2634.1,1251.7243,187.71,33.281,1579.08,402.6654,385.06,731.614,32253.01,9.6759,2428.9606
5614.74,2668.1244,1377.85,244.2928,148.82,37.9491,168.85,320.815,34832.64,10.4498,3281.6311
1562.19,742.3527,598.73,106.1548,97.63,24.8956,437.73,831.687,36402.62,10.9208,1716.0109
1361.51,646.9896,692.84,122.8405,1214.59,309.7204,173.68,329.992,26726.5,8.0179,1417.5604
8356.57,3971.0421,1467.29,260.1505,508.32,129.6216,164.88,313.272,41228.07,12.3684,4686.4546
2060.07,978.9453,107.38,19.0385,1720.45,438.7148,238.28,452.732,1195.99,0.3588,1889.7894
5073.89,2411.1125,1289.25,228.584,695.79,177.4264,99.43,188.917,40859.9,12.258,3018.2979
8040.8,3820.9882,1358.52,240.8656,837.92,213.6696,220.96,419.824,19135.04,5.7405,4701.0879
7182.81,3413.2713,669.02,118.6172,668.26,170.4063,196.41,373.179,11674.07,3.5022,4078.976
8868.49,4214.3064,834.81,148.0118,556.51,141.9101,319.38,606.822,30256.7,9.077,5120.1273
7793.88,3703.6518,1254.31,222.3892,567.3,144.6615,287.98,547.162,36127.36,10.8382,4628.7027
8015.24,3808.842,1191.91,211.3256,22.63,5.7706,22.21,42.199,26091.26,7.8274,4075.9646
4454.13,2116.6026,773.82,137.1983,1660.51,423.43,126.85,241.015,44453.23,13.336,2931.5819
3682.78,1750.0571,183.76,32.5806,1637.53,417.5702,315.86,600.134,7244.51,2.1734,2802.5153
5000.93,2376.4419,1487.14,263.6699,1556.55,396.9203,5.38,10.222,45722.53,13.7168,3060.9709
6232.22,2961.5509,1512.54,268.1733,1401.8,357.459,286.1,543.59,33534.11,10.0602,4140.8334
8788.42,4176.2572,508.83,90.2156,1753.08,447.0354,367.52,698.288,26670.96,8.0013,5419.7975
3019.65,1434.9377,345.63,61.2802,628.6,160.293,426.82,810.958,13569.6,4.0709,2471.5398
5481.77,2604.9371,1516.96,268.957,331.65,84.5707,456.27,866.913,5497.07,1.6491,3827.0269
5993.1,2847.9211,64.23,11.388,1079.71,275.3261,126.11,239.609,36597.37,10.9792,3385.2234
4369.26,2076.2724,970.05,171.9899,1703.55,434.4053,97.39,185.041,5559.89,1.668,2869.3766
6289.42,2988.7324,1749.09,310.1137,1509.92,385.0296,248.32,471.808,27731.87,8.3196,4164.0033
4314.07,2050.0461,102.59,18.1892,1666.89,425.057,66.19,125.761,5392.71,1.6178,2620.6711
2064.01,980.8176,384.8,68.225,217.01,55.3376,202.75,385.225,10017.12,3.0051,1492.6103
3437.2,1633.3574,680.05,120.5729,368.82,94.0491,255.91,486.229,45258.44,13.5775,2347.7859
9958.33,4732.1984,1541.57,273.3204,1571.7,400.7835,388.45,738.055,2072.23,0.6217,6144.979
4048.01,1923.6144,275.68,48.8781,507.75,129.4762,81.23,154.337,6724.73,2.0174,2258.3231
5539.99,2632.6032,700.6,124.2164,1527.54,389.5227,327.45,622.155,23626.23,7.0879,3775.5852
6827.04,3244.2094,546.28,96.8554,1386.52,353.5626,265.85,505.115,3769.07,1.1307,4200.8731
3940.55,1872.5494,1678.87,297.6637,133.36,34.0068,292.16,555.104,21690.06,6.507,2765.8309
1922.29,913.4722,630.06,111.7096,1410.79,359.7514,406.82,772.958,21741.63,6.5225,2164.4137
6054.23,2876.9701,1949.02,345.5612,90.79,23.1515,59.28,112.632,28057.9,8.4174,3366.7322
9154.3,4350.1234,1098.49,194.7623,288.49,73.565,293.38,557.422,5044.88,1.5135,5177.3862
1183.56,562.4277,1999.02,354.4262,1995.19,508.7735,442.51,840.769,48999.23,14.6998,2281.0962
2684.95,1275.8882,1031.47,182.8796,1093.33,278.7991,397.17,754.623,43214.71,12.9644,2505.1543
5157.02,2450.6159,1258.91,223.2047,547.03,139.4926,401.46,762.774,4659.32,1.3978,3577.485
3494.87,1660.7622,1996.95,354.0592,706.32,180.1116,195.34,371.146,43525.88,13.0578,2579.1368
1783.65,847.5905,412.43,73.1238,816.23,208.1387,468.23,889.637,11116.28,3.3349,2021.8249
7174.98,3409.5505,1811.87,321.2446,1006.83,256.7416,97.45,185.155,29603.15,8.8809,4181.5726
1497.66,711.688,1578.5,279.8681,1631.3,415.9815,362.78,689.282,22127.17,6.6382,2103.4578
4621.13,2195.961,1163.99,206.3754,170.84,43.5642,255.22,484.918,11210.1,3.363,2934.1816
9594.2,4559.1638,1985.64,352.054,295.43,75.3346,396.84,753.996,7078.54,2.1236,5742.672
2233.28,1061.2547,1238.19,219.5311,783.98,199.9149,287.82,546.858,48282.33,14.4847,2042.0434
3113.44,1479.5067,980.23,173.7948,111.6,28.458,254.03,482.657,22841.58,6.8525,2171.269
4204.0,1997.7408,14.04,2.4893,857.96,218.7798,177.29,336.851,9711.46,2.9134,2558.7743
4661.49,2215.14,372.77,66.0921,317.83,81.0466,157.15,298.585,39336.15,11.8008,2672.6645
7210.07,3426.2253,374.76,66.4449,1113.69,283.9909,86.94,165.186,28799.7,8.6399,3950.487
9445.88,4488.6822,1683.8,298.5377,46.25,11.7938,325.22,617.918,8465.38,2.5396,5419.4713
140.94,66.9747,759.32,134.6274,786.33,200.5142,314.52,597.588,44811.42,13.4434,1013.1477
672.18,319.4199,1299.57,230.4138,660.24,168.3612,306.4,582.16,45182.61,13.5548,1313.9097
3817.04,1813.8574,955.19,169.3552,1007.56,256.9278,132.92,252.548,40896.53,12.269,2504.9574
1156.33,549.488,1941.45,344.2191,914.24,233.1312,211.84,402.496,29333.33,8.8,1538.1343
5983.56,2843.3877,252.72,44.8073,101.8,25.959,70.61,134.159,39379.82,11.8139,3060.1269
5043.51,2396.676,1814.08,321.6364,1059.96,270.2898,495.39,941.241,27643.76,8.2931,3938.1363
8885.99,4222.6224,1496.35,265.3029,232.28,59.2314,300.53,571.007,14398.54,4.3196,5122.4833
1458.95,693.293,776.37,137.6504,1369.62,349.2531,294.0,558.6,28680.42,8.6041,1747.4006
6564.25,3119.3316,1754.42,311.0587,564.83,144.0317,198.17,376.523,9110.94,2.7333,3953.6783
1512.17,718.5832,1652.98,293.0734,647.24,165.0462,489.25,929.575,48694.65,14.6084,2120.8862
6164.04,2929.1518,1565.79,277.6146,1844.65,470.3858,490.32,931.608,25477.27,7.6432,4616.4034
2073.85,985.4935,1280.74,227.0752,1831.46,467.0223,400.13,760.247,5833.2,1.75,2441.588
6370.73,3027.3709,1467.59,260.2037,1992.21,508.0136,266.12,505.628,20668.74,6.2006,4307.4168
3483.27,1655.2499,1158.94,205.4801,1683.56,429.3078,270.2,513.38,12208.78,3.6626,2807.0804
8400.98,3992.1457,598.97,106.1974,1309.58,333.9429,221.32,420.508,30300.94,9.0903,4861.8843
1855.66,881.8096,995.9,176.5731,1260.02,321.3051,167.52,318.288,25016.57,7.505,1705.4808
1527.74,725.982,1999.18,354.4546,1443.17,368.0084,91.93,174.667,30860.99,9.2583,1632.3703
4263.61,2026.0675,672.06,119.1562,1024.44,261.2322,24.37,46.303,3995.63,1.1987,2453.9576
5063.45,2406.1514,352.42,62.4841,716.62,182.7381,432.18,821.142,14585.78,4.3757,3476.8913
2691.08,1278.8012,194.33,34.4547,998.79,254.6915,85.91,163.229,36705.71,11.0117,1742.1881
6316.6,3001.6483,1407.81,249.6047,1332.33,339.7441,103.19,196.061,33158.11,9.9474,3797.0055
8640.82,4106.1177,543.9,96.4335,1325.69,338.051,237.74,451.706,46008.46,13.8025,5006.1107
8335.07,3960.8253,550.49,97.6019,1433.21,365.4685,312.19,593.161,5519.25,1.6558,5018.7125
3624.12,1722.1818,1457.24,258.3687,541.21,138.0086,287.9,547.01,40781.25,12.2344,2677.8035
7862.57,3736.2933,1308.09,231.9244,503.33,128.3492,468.17,889.523,35615.59,10.6847,4996.7746
7937.92,3772.0996,1229.7,218.0258,1633.41,416.5196,375.88,714.172,13972.31,4.1917,5125.0087
551.79,262.2106,1335.13,236.7185,1219.81,311.0515,240.49,456.931,46371.56,13.9115,1280.8231
4629.85,2200.1047,777.27,137.81,642.42,163.8171,177.48,337.212,31981.45,9.5944,2848.5382
2149.47,1021.4281,101.54,18.003,1920.14,489.6357,111.42,211.698,37027.55,11.1083,1751.8731
9074.17,4312.0456,559.29,99.1621,548.88,139.9644,97.16,184.604,15936.32,4.7809,4740.557
3479.34,1653.3824,1141.74,202.4305,98.96,25.2348,285.14,541.766,43657.81,13.0973,2435.911
7222.95,3432.3458,932.81,165.3872,1788.34,456.0267,323.03,613.757,27485.77,8.2457,4675.7624
2086.32,991.4193,1576.39,279.4939,174.06,44.3853,498.51,947.169,22857.85,6.8574,2269.3249
4417.56,2099.2245,947.4,167.974,699.93,178.4821,308.99,587.081,12716.86,3.8151,3036.5767
7547.21,3586.4342,1486.85,263.6185,1050.5,267.8775,162.63,308.997,28963.57,8.6891,4435.6163
2273.97,1080.5905,1955.14,346.6463,1590.31,405.529,103.71,197.049,16462.41,4.9387,2034.7535
8432.97,4007.3473,272.74,48.3568,1958.92,499.5246,117.42,223.098,1776.39,0.5329,4778.8596
905.05,430.0798,1420.25,251.8103,1762.74,449.4987,239.13,454.347,33635.95,10.0908,1595.8266
1557.13,739.9482,1567.34,277.8894,101.51,25.8851,227.37,432.003,6685.33,2.0056,1477.7313
9721.32,4619.5713,1451.4,257.3332,727.43,185.4946,492.96,936.624,3839.24,1.1518,6000.1749
8098.19,3848.2599,419.15,74.3153,1613.78,411.5139,37.33,70.927,29077.19,8.7232,4413.7393
984.84,467.996,1498.61,265.7036,1668.92,425.5746,171.79,326.401,36495.81,10.9487,1496.6239
9163.12,4354.3146,752.16,133.358,1154.72,294.4536,106.86,203.034,30071.23,9.0214,4994.1816
3713.07,1764.4509,733.08,129.9751,506.27,129.0988,201.71,383.249,21989.58,6.5969,2413.3707
1009.91,479.9092,410.89,72.8508,933.83,238.1267,442.59,840.921,40182.12,12.0546,1643.8623
2840.63,1349.8674,575.36,102.0113,1354.82,345.4791,394.39,749.341,45539.75,13.6619,2560.3607
7366.54,3500.5798,119.79,21.2388,906.95,231.2723,238.92,453.948,49227.42,14.7682,4221.8071
6494.73,3086.2957,1765.53,313.0285,518.92,132.3246,82.89,157.491,38744.34,11.6233,3700.7631
1338.35,635.9839,80.72,14.3117,665.92,169.8096,10.16,19.304,46807.5,14.0422,853.4514
6420.7,3051.1166,41.77,7.4058,334.28,85.2414,403.83,767.277,30357.78,9.1073,3920.1481
8354.56,3970.0869,1372.5,243.3443,535.54,136.5627,225.95,429.305,20289.53,6.0869,4785.3858
3117.81,1481.5833,1210.13,214.556,236.96,60.4248,154.7,293.93,16671.07,5.0013,2055.4954
9926.21,4716.935,966.52,171.364,1332.15,339.6983,90.61,172.159,9847.8,2.9543,5403.1106
6720.92,3193.7812,1531.2,271.4818,559.65,142.7107,64.03,121.657,17090.11,5.127,3734.7577
8118.33,3857.8304,1470.37,260.6966,1513.83,386.0266,302.77,575.263,35726.52,10.718,5090.5346
5686.77,2702.3531,1865.15,330.6911,708.27,180.6088,206.37,392.103,32388.18,9.7165,3615.4725
3407.52,1619.2535,706.19,125.2075,599.37,152.8393,210.63,400.197,23928.77,7.1786,2304.6759
646.89,307.4021,1787.67,316.9539,242.91,61.9421,405.32,770.108,44255.48,13.2766,1469.6827
1357.02,644.8559,469.59,83.2583,1411.51,359.935,382.3,726.37,3513.94,1.0542,1815.4734
8318.6,3952.9987,1376.12,243.9861,730.65,186.3158,142.97,271.643,18816.56,5.645,4660.5886
4620.72,2195.7661,958.7,169.9775,940.38,239.7969,293.45,557.555,1956.78,0.587,3163.6825
9223.82,4383.1593,1355.43,240.3177,1938.27,494.2588,207.05,393.395,43356.4,13.0069,5524.1377
2225.07,1057.3533,717.92,127.2872,60.38,15.3969,339.3,644.67,29463.25,8.839,1853.5464
5722.2,2719.1894,901.63,159.859,1621.74,413.5437,351.23,667.337,10921.15,3.2763,3963.2054
3404.95,1618.0322,1914.77,339.4887,1678.13,427.9232,61.24,116.356,43258.18,12.9775,2514.7776
1603.67,762.064,254.01,45.036,1280.15,326.4383,429.15,815.385,27639.99,8.292,1957.2153
2665.99,1266.8784,946.44,167.8038,1317.96,336.0798,399.41,758.879,28344.81,8.5034,2538.1444
2667.24,1267.4724,1844.88,327.0972,62.58,15.9579,480.52,912.988,17560.72,5.2682,2528.7837
4913.84,2335.0568,384.88,68.2392,425.44,108.4872,486.61,924.559,19222.77,5.7668,3442.109
4461.14,2119.9337,94.44,16.7442,842.65,214.8758,137.35,260.965,44147.68,13.2443,2625.763
1155.22,548.9605,1708.79,302.9685,31.63,8.0656,273.46,519.574,28351.26,8.5054,1388.074
1250.49,594.2328,1817.94,322.3208,1787.66,455.8533,487.14,925.566,18211.22,5.4634,2303.4363
2547.09,1210.3772,539.34,95.625,298.18,76.0359,371.82,706.458,8537.52,2.5613,2091.0574
770.96,366.3602,575.53,102.0415,823.13,209.8982,491.37,933.603,36895.0,11.0685,1622.9714
9560.73,4543.2589,481.23,85.3221,1305.08,332.7954,340.35,646.665,9689.29,2.9068,5610.9482
2790.09,1325.8508,1038.86,184.1899,270.45,68.9647,358.98,682.062,25783.51,7.7351,2268.8025
6409.78,3045.9275,742.42,131.6311,1146.06,292.2453,79.4,150.86,3870.56,1.1612,3621.8251
3951.54,1877.7718,1279.5,226.8554,388.1,98.9655,26.85,51.015,49066.59,14.72,2269.3277
8089.62,3844.1874,1573.72,279.0206,584.85,149.1368,44.39,84.341,36439.49,10.9318,4367.6176
4251.44,2020.2843,363.55,64.4574,1827.61,466.0405,87.74,166.706,13432.9,4.0299,2721.5181
1354.0,643.4208,152.71,27.0755,1644.52,419.3526,490.31,931.589,17399.93,5.22,2026.6579
8424.85,4003.4887,1171.6,207.7247,269.94,68.8347,404.4,768.36,43100.44,12.9301,5061.3382
1194.77,567.7547,549.17,97.3678,748.65,190.9057,7.03,13.357,31627.49,9.4882,878.8734
7593.44,3608.4027,1106.0,196.0938,10.41,2.6545,350.73,666.387,46970.69,14.0912,4487.6292
8551.51,4063.6776,1297.47,230.0414,553.76,141.2088,417.19,792.661,28061.37,8.4184,5236.0072
212.24,100.8564,1144.83,202.9784,1831.22,466.9611,266.49,506.331,25977.43,7.7932,1284.9201
5535.17,2630.3128,1042.34,184.8069,28.65,7.3057,470.62,894.178,30677.9,9.2034,3725.8068
5088.94,2418.2643,436.8,77.4446,431.32,109.9866,189.06,359.214,1437.66,0.4313,2965.3408
308.89,146.7845,1241.6,220.1357,203.6,51.918,320.51,608.969,19263.57,5.7791,1033.5863
7025.05,3338.3038,341.3,60.5125,512.21,130.6136,114.78,218.082,9382.11,2.8146,3750.3265
3220.03,1530.1583,211.24,37.4529,856.21,218.3336,200.24,380.456,44050.47,13.2151,2179.6159
9724.64,4621.1489,1106.94,196.2605,397.81,101.4416,280.05,532.095,29143.84,8.7432,5459.6892
2905.05,1380.4798,1121.52,198.8455,148.44,37.8522,93.17,177.023,30530.71,9.1592,1803.3597
3234.16,1536.8728,1059.47,187.844,661.04,168.5652,36.29,68.951,34260.12,10.278,1972.511
2892.55,1374.5398,968.02,171.6299,1000.61,255.1556,252.93,480.567,37923.09,11.3769,2293.2692
1968.27,935.3219,1375.19,243.8212,1675.4,427.227,274.25,521.075,40653.15,12.1959,2139.641
8683.81,4126.5465,777.16,137.7905,503.43,128.3747,266.82,506.958,33185.6,9.9557,4909.6254
5003.24,2377.5396,1130.77,200.4855,1689.93,430.9322,270.8,514.52,45057.77,13.5173,3536.9946
5062.28,2405.5955,434.14,76.973,354.92,90.5046,326.22,619.818,40481.79,12.1445,3205.0356
1433.34,681.1232,924.18,163.8571,599.39,152.8444,116.96,222.224,6592.06,1.9776,1222.0263
5546.91,2635.8916,1203.41,213.3646,545.51,139.1051,441.49,838.831,11829.94,3.549,3830.7413
9298.43,4418.6139,1274.96,226.0504,216.32,55.1616,349.25,663.575,12311.39,3.6934,5367.0943
8173.68,3884.1327,492.91,87.3929,383.88,97.8894,171.49,325.831,9617.6,2.8853,4398.1313
9226.71,4384.5326,648.68,115.011,1884.38,480.5169,83.28,158.232,4765.85,1.4298,5139.7223
4748.95,2256.701,1819.09,322.5247,233.51,59.545,325.92,619.248,39707.68,11.9123,3269.931
6458.13,3068.9034,1250.67,221.7438,35.54,9.0627,285.23,541.937,3981.12,1.1943,3842.8412
173.74,82.5612,414.71,73.5281,1945.11,496.003,410.23,779.437,6749.41,2.0248,1433.5541
2776.72,1319.4973,995.34,176.4738,1020.83,260.3117,106.14,201.666,48234.45,14.4703,1972.4191
4111.16,1953.6232,831.49,147.4232,1712.91,436.7921,73.18,139.042,27667.56,8.3003,2685.1808
248.5,118.0872,580.57,102.9351,176.03,44.8877,297.81,565.839,40418.46,12.1255,843.8745
565.93,268.9299,862.01,152.8344,154.38,39.3669,304.33,578.227,14120.69,4.2362,1043.5944
7924.02,3765.4943,314.0,55.6722,413.21,105.3685,55.73,105.887,36256.41,10.8769,4043.2989
6103.42,2900.3452,19.81,3.5123,970.75,247.5412,289.39,549.841,26236.22,7.8709,3709.1106
3877.12,1842.4074,1512.11,268.0971,540.9,137.9295,312.19,593.161,12785.57,3.8357,2845.4307
1213.46,576.6362,255.86,45.364,444.3,113.2965,124.68,236.892,37230.77,11.1692,983.3579
7050.61,3350.4499,1676.42,297.2293,1277.56,325.7778,369.2,701.48,23156.99,6.9471,4681.8841
9946.41,4726.534,753.08,133.5211,729.07,185.9129,29.19,55.461,12216.44,3.6649,5105.0939
9450.76,4491.0012,138.01,24.4692,1214.53,309.7052,108.94,206.986,46858.94,14.0577,5046.2193
8327.21,3957.0902,1238.08,219.5116,248.51,63.37,165.74,314.906,9707.34,2.9122,4557.79
7201.88,3422.3334,126.88,22.4958,1406.07,358.5478,251.24,477.356,34392.37,10.3177,4291.0507
5973.28,2838.5027,1010.78,179.2113,1510.17,385.0934,297.32,564.908,24445.15,7.3335,3975.0489
730.38,347.0766,1141.92,202.4624,944.08,240.7404,439.75,835.525,43301.63,12.9905,1638.7949
6156.67,2925.6496,1883.42,333.9304,380.69,97.076,160.08,304.152,32932.09,9.8796,3670.6876
2196.47,1043.7625,820.78,145.5243,1071.66,273.2733,430.09,817.171,34085.72,10.2257,2289.9568
3794.44,1803.1179,78.85,13.9801,571.99,145.8575,401.14,762.166,22416.57,6.725,2731.8465
6779.44,3221.5899,465.27,82.4924,714.93,182.3071,60.71,115.349,33831.7,10.1495,3611.8879
3500.13,1663.2618,331.17,58.7164,967.28,246.6564,300.21,570.399,12453.1,3.7359,2542.7695
3079.5,1463.3784,258.4,45.8143,914.33,233.1542,251.55,477.945,21689.37,6.5068,2226.7987
7542.26,3584.082,1310.97,232.435,808.99,206.2925,98.64,187.416,23713.12,7.1139,4217.3394
9417.16,4475.0344,1274.14,225.905,844.01,215.2226,303.41,576.479,8516.27,2.5549,5495.1959
8188.62,3891.2322,992.27,175.9295,993.83,253.4267,476.58,905.502,11831.65,3.5495,5229.6399
6250.69,2970.3279,1683.81,298.5395,734.02,187.1751,20.49,38.931,3346.41,1.0039,3495.9774
3074.57,1461.0357,1577.35,279.6642,1688.13,430.4732,135.25,256.975,45755.57,13.7267,2441.8748
8636.7,4104.1598,1817.53,322.2481,1833.22,467.4711,344.85,655.215,31126.1,9.3378,5558.4318
7871.87,3740.7126,1562.18,276.9745,1531.95,390.6473,271.51,515.869,19051.79,5.7155,4929.9189
9907.89,4708.2293,1020.95,181.0144,1631.45,416.0198,125.08,237.652,46531.73,13.9595,5556.875
7062.58,3356.138,250.95,44.4934,1039.86,265.1643,327.4,622.06,28399.14,8.5197,4296.3754
8507.94,4042.9731,1886.72,334.5155,1018.92,259.8246,429.38,815.822,6042.38,1.8127,5454.9479
6649.83,3159.9992,512.22,90.8166,959.6,244.698,189.37,359.803,21000.2,6.3001,3861.6169
2229.86,1059.6295,1765.85,313.0852,1649.7,420.6735,404.32,768.208,25621.18,7.6864,2569.2826
3428.14,1629.0521,587.97,104.2471,1270.13,323.8832,173.85,330.315,42431.2,12.7294,2400.2268
1637.68,778.2255,1560.2,276.6235,895.53,228.3602,357.73,679.687,37667.89,11.3004,1974.1966
4986.63,2369.6466,579.66,102.7737,617.65,157.5008,211.07,401.033,37544.28,11.2633,3042.2174
3139.54,1491.9094,64.54,11.4429,1745.55,445.1153,444.32,844.208,36640.79,10.9922,2803.6678
2311.02,1098.1967,1273.53,225.7969,925.33,235.9592,290.98,552.862,12374.83,3.7124,2116.5272
9381.78,4458.2219,1438.19,254.9911,1402.08,357.5304,9.32,17.708,43826.31,13.1479,5101.5993
3738.03,1776.3119,1328.78,235.5927,216.32,55.1616,162.8,309.32,49355.33,14.8066,2391.1928
4580.18,2176.5015,910.12,161.3643,1341.03,341.9626,25.7,48.83,24681.1,7.4043,2736.0627
1403.37,666.8814,793.07,140.6113,1168.8,298.044,348.23,661.637,49212.56,14.7638,1781.9375
9697.84,4608.4136,561.9,99.6249,1584.31,403.9991,15.92,30.248,4707.5,1.4122,5143.6978
7400.3,3516.6226,17.5,3.1028,1643.86,419.1843,358.9,681.91,21777.05,6.5331,4627.3528
8187.3,3890.605,1150.31,203.95,631.21,160.9586,487.35,925.965,20535.87,6.1608,5187.6394
5193.19,2467.8039,1767.44,313.3671,78.62,20.0481,343.13,651.947,47944.9,14.3835,3467.5496
9217.01,4379.9232,580.4,102.9049,760.55,193.9402,57.15,108.585,40117.5,12.0352,4797.3885
1848.5,878.4072,74.3,13.1734,641.31,163.534,136.46,259.274,16687.81,5.0063,1319.3949
4269.34,2028.7904,1822.77,323.1771,448.25,114.3038,239.51,455.069,31598.48,9.4795,2930.8198
8298.83,3943.604,413.81,73.3685,1445.9,368.7045,10.6,20.14,15981.23,4.7944,4410.6114
2370.87,1126.6374,1552.99,275.3451,1095.7,279.4035,66.25,125.875,5372.84,1.6119,1808.8729
9875.06,4692.6285,565.54,100.2702,245.34,62.5617,166.38,316.122,48526.76,14.558,5186.1404
8236.8,3914.1274,1129.71,200.2976,545.21,139.0286,284.96,541.424,33604.01,10.0812,4804.9588
8291.99,3940.3536,349.69,62.0,1102.38,281.1069,301.88,573.572,14427.22,4.3282,4861.3607
5720.25,2718.2628,1737.79,308.1102,582.84,148.6242,110.4,209.76,5942.97,1.7829,3386.5401
8199.33,3896.3216,1997.42,354.1426,492.36,125.5518,284.22,540.018,24487.28,7.3462,4923.3802
5249.88,2494.743,883.31,156.6109,1817.65,463.5008,89.68,170.392,44425.52,13.3277,3298.5744
5371.68,2552.6223,615.6,109.1459,1438.66,366.8583,14.1,26.79,45634.27,13.6903,3069.1068
5459.95,2594.5682,1836.54,325.6185,1936.55,493.8202,398.08,756.352,36377.47,10.9132,4181.2721
6454.08,3066.9788,1625.82,288.2579,1158.42,295.3971,247.65,470.535,31908.29,9.5725,4130.7413
3542.8,1683.5386,1944.33,344.7297,1275.38,325.2219,313.87,596.353,46981.88,14.0946,2963.9378
9570.65,4547.9729,1013.03,179.6102,908.96,231.7848,453.92,862.448,17690.4,5.3071,5827.123
1012.22,481.0069,184.6,32.7296,740.78,188.8989,302.91,575.529,14776.15,4.4328,1282.5972
5958.71,2831.579,1119.14,198.4235,340.62,86.8581,36.86,70.034,3069.42,0.9208,3187.8154
6722.12,3194.3514,1672.68,296.5662,1503.37,383.3594,148.21,281.599,41507.63,12.4523,4168.3283
5913.44,2810.0667,641.15,113.6759,66.09,16.8529,75.01,142.519,19042.16,5.7126,3088.8271
8734.42,4150.5964,1732.73,307.213,1515.17,386.3684,107.07,203.433,31635.62,9.4907,5057.1015
9136.05,4341.451,1433.96,254.2411,1615.75,412.0163,431.96,820.724,22943.62,6.8831,5835.3155
4392.17,2087.1592,848.07,150.3628,1501.75,382.9463,446.42,848.198,2316.73,0.695,3469.3613
5313.04,2524.7566,1501.35,266.1894,1426.68,363.8034,459.63,873.297,36787.37,11.0362,4039.0826
3749.34,1781.6864,1552.49,275.2565,1587.82,404.8941,237.73,451.687,38956.16,11.6868,2925.2108
9125.53,4336.4519,618.77,109.7079,188.8,48.144,209.53,398.107,46972.9,14.0919,4906.5027
9622.28,4572.5075,478.45,84.8292,1546.84,394.4442,291.71,554.249,20689.64,6.2069,5612.2368
6179.12,2936.3178,1256.03,222.6941,1726.43,440.2397,186.95,355.205,44510.3,13.3531,3967.8097
4645.15,2207.3753,1040.0,184.392,1814.65,462.7358,40.1,76.19,48936.59,14.681,2945.3741
7648.91,3634.762,465.95,82.6129,1280.11,326.428,114.01,216.619,27702.35,8.3107,4268.7326
3735.7,1775.2046,519.19,92.0524,439.74,112.1337,331.4,629.66,5407.83,1.6223,2610.673
8466.97,4023.5041,282.09,50.0146,356.11,90.8081,143.87,273.353,8898.13,2.6694,4440.3492
423.09,201.0524,1146.17,203.2159,747.05,190.4977,400.68,761.292,13192.23,3.9577,1360.0157
3565.84,1694.4872,1569.56,278.283,1353.82,345.2241,348.61,662.359,11409.6,3.4229,2983.7762
1338.97,636.2785,30.16,5.3474,727.04,185.3952,73.36,139.384,44502.19,13.3507,979.7558
6491.69,3084.8511,194.65,34.5114,1304.79,332.7215,447.59,850.421,20740.29,6.2221,4308.7271
4312.26,2049.186,1824.7,323.5193,925.16,235.9158,442.22,840.218,4005.85,1.2018,3450.0409
2966.77,1409.8091,572.69,101.5379,1502.24,383.0712,324.5,616.55,39704.31,11.9113,2522.8795
7320.31,3478.6113,1415.06,250.8901,1339.01,341.4475,376.95,716.205,17082.57,5.1248,4792.2787
6494.16,3086.0248,1323.34,234.6282,687.82,175.3941,25.89,49.191,47484.9,14.2455,3559.4836
4902.55,2329.6918,295.21,52.3407,574.02,146.3751,437.15,830.585,25053.0,7.5159,3366.5085
2958.48,1405.8697,1043.43,185.0001,1657.43,422.6447,483.27,918.213,10896.28,3.2689,2934.9964
6326.72,3006.4573,248.16,43.9988,469.63,119.7557,71.86,136.534,34732.21,10.4197,3317.1655
4128.4,1961.8157,566.1,100.3695,391.9,99.9345,435.11,826.709,46795.73,14.0387,3002.8674
252.97,120.2113,1789.27,317.2376,712.24,181.6212,291.54,553.926,9411.18,2.8234,1175.8195
1755.23,834.0853,1436.0,254.6028,1490.66,380.1183,11.06,21.014,24114.66,7.2344,1497.0548
1983.4,942.5117,1202.52,213.2068,875.94,223.3647,26.36,50.084,17140.88,5.1423,1434.3095
3957.76,1880.7276,1713.07,303.7273,281.26,71.7213,430.19,817.361,17894.39,5.3683,3078.9055
8120.9,3859.0517,868.18,153.9283,359.76,91.7388,34.2,64.98,34598.66,10.3796,4180.0784
7179.9,3411.8885,1417.74,251.3653,545.34,139.0617,471.43,895.717,6744.11,2.0232,4700.0557
6665.89,3167.6309,1680.18,297.8959,500.23,127.5587,407.31,773.889,22383.23,6.715,4373.6895
6179.09,2936.3036,712.43,126.3138,1468.21,374.3936,316.28,600.932,6484.36,1.9453,4039.8883
3792.56,1802.2245,1004.17,178.0393,760.65,193.9657,285.22,541.918,49401.96,14.8206,2730.9681
7368.17,3501.3544,219.73,38.9581,1512.99,385.8125,361.62,687.078,36863.86,11.0592,4624.2622
1593.86,757.4023,641.06,113.6599,1313.74,335.0037,437.44,831.136,48687.17,14.6062,2051.8081
1127.6,535.8355,1634.18,289.7401,646.95,164.9723,189.95,360.905,11199.16,3.3597,1354.8126
9021.85,4287.1831,1637.96,290.4103,453.04,115.5252,140.08,266.152,9849.11,2.9547,4962.2253
2634.13,1251.7386,492.72,87.3593,500.49,127.6249,416.13,790.647,30845.22,9.2536,2266.6234
2528.54,1201.5622,1229.55,217.9992,23.96,6.1098,98.33,186.827,9752.28,2.9257,1615.4239
4993.67,2372.992,1745.77,309.525,107.59,27.4355,115.93,220.267,4333.87,1.3002,2931.5197
4016.09,1908.446,1185.93,210.2654,792.27,202.0289,373.92,710.448,35280.77,10.5842,3041.7725
1346.99,640.0896,1920.61,340.5242,15.32,3.9066,112.05,212.895,45399.5,13.6198,1211.0352
4013.64,1907.2817,1024.77,181.6917,1212.78,309.2589,482.84,917.396,12445.56,3.7337,3319.362
6930.79,3293.5114,1867.3,331.0723,813.71,207.4961,430.03,817.057,34940.54,10.4822,4659.619
3611.66,1716.2608,1394.28,247.2058,136.93,34.9171,181.22,344.318,13165.49,3.9496,2346.6513
9675.99,4598.0304,666.59,118.1864,1941.54,495.0927,442.74,841.206,28236.18,8.4709,6060.9864
8166.14,3880.5497,1078.56,191.2287,1868.17,476.3834,5.15,9.785,29876.12,8.9628,4566.9096
8540.18,4058.2935,850.3,150.7582,1219.28,310.9164,426.58,810.502,26577.13,7.9731,5338.4432
9506.05,4517.275,718.85,127.4521,1110.35,283.1393,476.77,905.863,2162.89,0.6489,5834.3783
1624.47,771.9481,1486.59,263.5724,1687.82,430.3941,285.68,542.792,16641.09,4.9923,2013.6989
8399.17,3991.2856,519.09,92.0347,330.14,84.1857,286.53,544.407,32605.18,9.7816,4721.6946
5799.09,2755.7276,302.36,53.6084,1410.16,359.5908,240.49,456.931,43544.74,13.0634,3638.9212
3753.81,1783.8105,1220.3,216.3592,1479.32,377.2266,433.15,822.985,3939.02,1.1817,3201.563
9388.18,4461.2631,242.75,43.0396,1846.56,470.8728,79.76,151.544,6565.86,1.9698,5128.6893
2717.86,1291.5271,1987.14,352.3199,1468.35,374.4292,80.9,153.71,14665.51,4.3997,2176.3859
1143.09,543.1964,1578.81,279.923,1218.03,310.5976,130.6,248.14,21269.54,6.3809,1388.2379
672.5,319.572,592.3,105.0148,409.43,104.4047,168.06,319.314,25832.47,7.7497,856.0552
9788.11,4651.3099,27.98,4.9609,1355.56,345.6678,451.69,858.211,42729.42,12.8188,5872.9684
1167.86,554.9671,123.29,21.8593,1774.85,452.5867,439.02,834.138,49628.74,14.8886,1878.4397
7031.09,3341.174,575.52,102.0397,735.31,187.504,418.59,795.321,21005.88,6.3018,4432.3405
9822.94,4667.8611,819.87,145.363,1805.89,460.502,278.99,530.081,7062.33,2.1187,5805.9258
777.78,369.6011,1996.68,354.0114,1360.68,346.9734,38.36,72.884,5903.36,1.771,1145.2409
3079.21,1463.2406,328.55,58.2519,1426.47,363.7499,168.84,320.796,33122.26,9.9367,2215.9751
8075.97,3837.7009,1935.2,343.111,870.16,221.8908,465.65,884.735,27341.62,8.2025,5295.6402
7865.89,3737.8709,1835.45,325.4253,860.29,219.374,410.78,780.482,44199.36,13.2598,5076.412
3750.47,1782.2233,1748.41,309.9931,1641.87,418.6769,103.77,197.163,41430.87,12.4293,2720.4856
5088.42,2418.0172,924.57,163.9263,471.47,120.2249,473.72,900.068,45424.09,13.6272,3615.8636
1555.54,739.1926,233.33,41.3694,151.46,38.6223,224.76,427.044,6484.05,1.9452,1248.1735
479.04,227.6398,800.9,141.9996,1536.63,391.8407,258.96,492.024,36975.33,11.0926,1264.5967
6242.58,2966.474,1864.55,330.5847,1446.09,368.7529,90.78,172.482,30975.63,9.2927,3847.5863
5924.28,2815.2179,316.12,56.0481,1039.17,264.9884,199.14,378.366,13094.68,3.9284,3518.5488
4301.2,2043.9302,1967.55,348.8466,1267.55,323.2253,26.78,50.882,3738.05,1.1214,2768.0055
2650.37,1259.4558,1725.46,305.9241,366.95,93.5722,214.48,407.512,26388.99,7.9167,2074.3808
1139.22,541.3573,230.19,40.8127,1056.48,269.4024,247.68,470.592,15821.11,4.7463,1326.9107
7918.82,3763.0233,1486.42,263.5423,1279.02,326.1501,74.96,142.424,8846.8,2.654,4497.7937
1701.59,808.5956,1815.53,321.8935,922.55,235.2502,167.6,318.44,18143.9,5.4432,1689.6225
2803.81,1332.3705,515.57,91.4106,1094.41,279.0746,127.79,242.801,22086.64,6.626,1952.2827
6402.09,3042.2732,1350.01,239.3568,337.87,86.1569,391.2,743.28,47164.21,14.1493,4125.2162
3504.03,1665.1151,857.59,152.0507,1823.53,465.0002,49.75,94.525,25025.31,7.5076,2384.1986
9245.63,4393.5234,623.15,110.4845,1412.62,360.2181,350.49,665.931,10236.71,3.071,5533.228
495.33,235.3808,1280.15,226.9706,1730.85,441.3667,210.16,399.304,25177.46,7.5532,1310.5753
1941.75,922.7196,1829.66,324.3987,422.41,107.7146,190.28,361.532,36827.53,11.0483,1727.4132
9799.9,4656.9125,1611.41,285.703,1336.45,340.7948,116.58,221.502,20870.14,6.261,5511.1733
2078.86,987.8743,1464.03,259.5725,832.23,212.2186,404.62,768.778,46738.82,14.0216,2242.465
9917.33,4712.7152,1798.19,318.8191,1966.69,501.506,468.41,889.979,33891.53,10.1675,6433.1868
3501.04,1663.6942,561.68,99.5859,351.85,89.7218,167.46,318.174,1753.49,0.526,2171.7019
1241.84,590.1224,1975.15,350.1941,1657.74,422.7237,300.42,570.798,12738.43,3.8215,1937.6597
7327.9,3482.2181,1382.43,245.1048,1005.17,256.3184,240.0,456.0,16281.44,4.8844,4444.5257
9057.91,4304.3188,815.8,144.6413,1163.49,296.69,130.11,247.209,9121.19,2.7364,4995.5955
8093.47,3846.0169,1653.82,293.2223,357.13,91.0682,124.6,236.74,49699.28,14.9098,4481.9572
6020.41,2860.8988,174.03,30.8555,648.61,165.3956,102.01,193.819,3682.21,1.1047,3252.0736
8352.02,3968.8799,1210.18,214.5649,263.31,67.1441,134.1,254.79,22372.51,6.7118,4512.0907
2591.8,1231.6234,1185.4,210.1714,1114.3,284.1465,69.98,132.962,24254.53,7.2764,1866.1797
3614.3,1717.5154,174.0,30.8502,1327.47,338.5049,222.2,422.18,39082.96,11.7249,2520.7754
7990.43,3797.0523,274.34,48.6405,129.8,33.099,222.81,423.339,25432.36,7.6297,4309.7605
3778.54,1795.5622,602.51,106.825,631.73,161.0911,179.15,340.385,34760.55,10.4282,2414.2915
2711.04,1288.2862,1667.27,295.607,138.44,35.3022,134.66,255.854,11537.1,3.4611,1878.5105
6966.67,3310.5616,447.48,79.3382,727.75,185.5763,104.16,197.904,40572.77,12.1718,3785.5519
7200.21,3421.5398,793.48,140.684,1088.78,277.6389,63.05,119.795,23785.09,7.1355,3966.7932
8656.99,4113.8016,1606.3,284.797,1675.85,427.3417,114.36,217.284,8926.12,2.6778,5045.9021
7276.95,3458.0066,1247.26,221.1392,770.39,196.4495,68.96,131.024,12731.03,3.8193,4010.4386
2454.74,1166.4924,1301.32,230.724,222.31,56.6891,385.75,732.925,27669.74,8.3009,2195.1314
4364.03,2073.7871,1568.26,278.0525,458.86,117.0093,240.43,456.817,1914.13,0.5742,2926.2401
725.55,344.7814,488.73,86.6518,1945.83,496.1866,75.21,142.899,25901.99,7.7706,1078.2894
9548.56,4537.4757,1702.35,301.8267,318.25,81.1538,402.97,765.643,15340.27,4.6021,5690.7013
6719.94,3193.3155,245.25,43.4828,945.91,241.2071,225.69,428.811,18799.77,5.6399,3912.4563
1113.28,529.0307,184.74,32.7544,1004.56,256.1628,331.16,629.204,7590.0,2.277,1449.4289
1145.0,544.104,465.77,82.581,1812.17,462.1034,71.52,135.888,34695.66,10.4087,1235.0851
8937.27,4246.9907,1188.26,210.6785,228.17,58.1833,312.96,594.624,25631.92,7.6896,5118.1661
1704.66,810.0544,1758.25,311.7377,476.24,121.4412,64.34,122.246,42564.84,12.7695,1378.2488
1832.82,870.9561,880.1,156.0417,980.35,249.9892,455.55,865.545,19206.45,5.7619,2148.2939
1893.71,899.891,1794.61,318.1844,1424.17,363.1634,273.48,519.612,15527.4,4.6582,2105.509
8122.6,3859.8595,1864.85,330.6379,1622.52,413.7426,137.07,260.433,14700.62,4.4102,4869.0832
3896.61,1851.6691,1342.72,238.0643,289.7,73.8735,452.07,858.933,29351.44,8.8054,3031.3453
5584.44,2653.7259,639.85,113.4454,589.41,150.2995,427.63,812.497,13228.17,3.9685,3733.9363
5596.75,2659.5756,706.8,125.3156,1889.61,481.8505,142.53,270.807,6094.91,1.8285,3539.3772
5602.57,2662.3413,32.76,5.8083,1064.4,271.422,426.98,811.262,13093.05,3.9279,3754.7615
4699.17,2233.0456,1444.45,256.101,1091.31,278.284,325.82,619.058,38443.59,11.5331,3398.0217
4822.14,2291.4809,1851.41,328.255,1558.49,397.415,267.3,507.87,6426.79,1.928,3526.9489
6462.93,3071.1843,773.71,137.1788,1929.18,491.9409,468.55,890.245,16767.66,5.0303,4595.5793
2294.84,1090.508,1945.94,345.0152,973.01,248.1175,382.44,726.636,46816.8,14.045,2424.3217
7055.19,3352.6263,391.15,69.3509,680.75,173.5913,477.63,907.497,49857.67,14.9573,4518.0228
3565.28,1694.2211,1365.97,242.1865,81.92,20.8896,56.65,107.635,23455.92,7.0368,2071.969
5676.28,2697.3683,1924.23,341.166,1132.03,288.6676,303.04,575.776,24408.61,7.3226,3910.3005
9396.54,4465.2358,1330.09,235.825,1587.83,404.8966,281.54,534.926,30861.19,9.2584,5650.1418
7297.8,3467.9146,479.46,85.0083,1128.57,287.7853,402.96,765.624,44262.09,13.2786,4619.6108
6401.0,3041.7552,1406.64,249.3973,1614.25,411.6338,23.17,44.023,12297.03,3.6891,3750.4984
7595.82,3609.5337,1753.38,310.8743,821.1,209.3805,474.03,900.657,46477.51,13.9433,5044.3888
1792.69,851.8863,1027.29,182.1385,1743.96,444.7098,391.13,743.147,49981.88,14.9946,2236.8762
5948.79,2826.865,1759.67,311.9895,594.95,151.7123,312.56,593.864,45997.62,13.7993,3898.2301
4086.5,1941.9048,1945.93,345.0134,908.86,231.7593,307.03,583.357,46803.41,14.041,3116.0755
8358.69,3972.0495,1823.95,323.3863,336.15,85.7182,73.78,140.182,20006.86,6.0021,4527.3381
8590.51,4082.2104,755.81,134.0051,902.29,230.0839,173.94,330.486,39424.51,11.8274,4788.6128
2721.39,1293.2045,1889.46,335.0013,1705.0,434.775,240.58,457.102,34457.69,10.3373,2530.4201
4390.81,2086.5129,829.97,147.1537,1745.03,444.9826,364.25,692.075,14999.17,4.4998,3375.224
1349.78,641.4155,975.37,172.9331,375.18,95.6709,326.94,621.186,48883.56,14.6651,1545.8706
9031.42,4291.7308,19.56,3.468,1608.85,410.2568,111.77,212.363,47500.11,14.25,4932.0686
2457.52,1167.8135,1162.24,206.0652,58.18,14.8359,253.87,482.353,49962.4,14.9887,1886.0563
4716.58,2241.3188,1970.24,349.3236,244.37,62.3144,375.26,712.994,42532.4,12.7597,3378.7105
1854.89,881.4437,1990.23,352.8678,1520.11,387.628,212.17,403.123,10225.32,3.0676,2028.1301
6882.37,3270.5022,133.38,23.6483,476.79,121.5815,432.64,822.016,19746.1,5.9238,4243.6718
5677.51,2697.9528,1850.49,328.0919,856.0,218.28,267.39,508.041,13712.2,4.1137,3756.4794
7136.36,3391.1983,608.64,107.9119,1574.19,401.4185,428.58,814.302,28473.64,8.5421,4723.3728
9981.57,4743.2421,357.56,63.3954,1610.37,410.6443,497.62,945.478,1441.99,0.4326,6163.1924
4105.43,1950.9003,122.42,21.7051,1178.4,300.492,428.79,814.701,31715.9,9.5148,3097.3132
4813.77,2287.5035,240.4,42.6229,1813.1,462.3405,156.87,298.053,14294.01,4.2882,3094.8081
9199.56,4371.6309,921.59,163.3979,1746.37,445.3243,174.53,331.607,9720.57,2.9162,5314.8763
9008.04,4280.6206,1170.91,207.6023,1300.49,331.625,54.86,104.234,29018.28,8.7055,4932.7874
5902.97,2805.0913,400.77,71.0565,1107.31,282.364,317.8,603.82,3699.21,1.1098,3763.4416
2951.36,1402.4863,743.91,131.8952,463.34,118.1517,42.58,80.902,31387.47,9.4162,1742.8514
9227.01,4384.6752,1576.82,279.5702,235.08,59.9454,283.72,539.068,21489.71,6.4469,5269.7057
1649.22,783.7093,771.22,136.7373,1836.57,468.3254,77.8,147.82,47809.5,14.3428,1550.9348
4615.31,2193.1953,211.03,37.4156,445.0,113.475,284.12,539.828,46942.72,14.0828,2897.9967
5524.62,2625.2994,1989.82,352.7951,1027.34,261.9717,143.74,273.106,26736.9,8.0211,3521.1933
9865.07,4687.8813,1655.5,293.5202,745.45,190.0898,25.8,49.02,47495.42,14.2486,5234.7599
3530.91,1677.8884,158.31,28.0684,1985.09,506.1979,362.02,687.838,38718.8,11.6156,2911.6083
8420.06,4001.2125,649.32,115.1244,1766.34,450.4167,82.43,156.617,3345.76,1.0037,4724.3743
891.9,423.8309,530.75,94.102,617.56,157.4778,168.34,319.846,30967.84,9.2904,1004.5471
9819.38,4666.1694,654.68,116.0748,865.12,220.6056,394.88,750.272,16293.05,4.8879,5758.0097
2618.64,1244.3777,1469.65,260.5689,1398.46,356.6073,470.09,893.171,48998.43,14.6995,2769.4244
3934.94,1869.8835,1726.41,306.0925,1360.18,346.8459,10.08,19.152,19983.04,5.9949,2547.9688
969.52,460.7159,1390.87,246.6013,1880.85,479.6167,456.71,867.749,36001.74,10.8005,2065.4834
2445.36,1162.0351,1475.75,261.6505,1828.91,466.3721,209.89,398.791,35554.64,10.6664,2299.5151
8755.87,4160.7894,1983.35,351.648,1136.69,289.856,399.82,759.658,12033.81,3.6101,5565.5615
2098.34,997.1312,1605.79,284.7066,536.89,136.9069,497.81,945.839,24779.53,7.4339,2372.0176
892.14,423.9449,409.06,72.5263,1177.21,300.1886,147.6,280.44,36688.45,11.0065,1088.1063
1247.25,592.6932,549.8,97.4795,242.21,61.7636,295.26,560.994,13143.27,3.943,1316.8733
8496.45,4037.513,483.93,85.8008,872.14,222.3957,153.53,291.707,6616.11,1.9848,4639.4013
4005.61,1903.4659,1333.89,236.4987,1299.73,331.4312,333.94,634.486,47613.3,14.284,3120.1658
8028.96,3815.3618,565.42,100.249,1472.61,375.5155,350.55,666.045,43778.18,13.1335,4970.3048
2180.95,1036.3874,973.58,172.6157,805.86,205.4943,198.96,378.024,3807.85,1.1424,1793.6638
1996.44,948.7083,1009.34,178.956,572.21,145.9136,94.62,179.778,13595.13,4.0785,1457.4344
9578.24,4551.5796,45.6,8.0849,814.54,207.7077,73.07,138.833,24108.5,7.2325,4913.4377
2562.42,1217.662,972.13,172.3586,756.97,193.0274,110.4,209.76,8698.53,2.6096,1795.4176
925.76,439.9212,849.6,150.6341,358.98,91.5399,306.93,583.167,26722.57,8.0168,1273.279
7233.65,3437.4305,1731.41,306.979,1296.69,330.656,222.41,422.579,48695.35,14.6086,4512.2531
555.97,264.1969,650.79,115.3851,857.92,218.7696,177.95,338.105,31210.17,9.3631,945.8197
4524.15,2149.8761,1228.41,217.7971,52.54,13.3977,420.71,799.349,18392.2,5.5177,3185.9376
3818.05,1814.3374,965.21,171.1317,805.03,205.2826,79.08,150.252,44665.45,13.3996,2354.4033
7117.52,3382.2455,127.51,22.6075,1962.94,500.5497,39.68,75.392,13930.78,4.1792,3984.9739
1290.76,613.3692,537.25,95.2544,1096.96,279.7248,188.14,357.466,2249.52,0.6749,1346.4893
7295.53,3466.8359,84.08,14.9074,965.6,246.228,319.3,606.67,35848.72,10.7546,4345.3959
8936.61,4246.6771,865.64,153.478,953.1,243.0405,98.22,186.618,19659.59,5.8979,4835.7115
3277.92,1557.6676,1785.38,316.5479,1473.76,375.8088,209.67,398.373,22575.33,6.7726,2655.1699
5478.46,2603.3642,665.23,117.9453,869.65,221.7608,253.84,482.296,25344.38,7.6033,3432.9696
7319.86,3478.3975,475.57,84.3186,269.15,68.6332,35.4,67.26,22679.77,6.8039,3705.4132
8056.22,3828.3157,1236.49,219.2297,1383.55,352.8053,63.31,120.289,3331.98,0.9996,4521.6393
6121.78,2909.0699,532.02,94.3271,1754.51,447.4001,487.52,926.288,33083.69,9.9251,4387.0102
8729.87,4148.4342,1502.28,266.3542,1029.91,262.6271,227.94,433.086,47663.67,14.2991,5124.8006
7206.19,3424.3815,1860.83,329.9252,168.49,42.965,73.22,139.118,20891.95,6.2676,3942.6573
6791.61,3227.3731,1747.99,309.9186,1476.53,376.5152,434.32,825.208,46809.0,14.0427,4753.0576
231.04,109.7902,417.27,73.982,888.83,226.6517,308.87,586.853,44051.94,13.2156,1010.4925
2841.3,1350.1858,1233.02,218.6144,1293.27,329.7839,106.45,202.255,13161.39,3.9484,2104.7875
1037.85,493.1863,991.03,175.7096,1995.6,508.878,336.84,639.996,14695.83,4.4087,1822.1786
5842.04,2776.1374,520.01,92.1978,462.61,117.9656,498.83,947.777,1406.59,0.422,3934.4998
4594.29,2183.2066,822.97,145.9126,1265.81,322.7815,365.31,694.089,1734.98,0.5205,3346.5102
199.96,95.021,907.53,160.9051,117.27,29.9038,493.67,937.973,10603.94,3.1812,1226.9841
4158.07,1975.9149,927.99,164.5326,663.05,169.0777,147.59,280.421,19242.34,5.7727,2595.7189
2027.31,963.3777,249.39,44.2168,1514.93,386.3072,47.15,89.585,22072.2,6.6217,1490.1084
1340.52,637.0151,1223.45,216.9177,1699.4,433.347,190.22,361.418,43014.08,12.9042,1661.602
8683.36,4126.3327,379.88,67.3527,1197.07,305.2528,296.72,563.768,22657.51,6.7973,5069.5035
5150.73,2447.6269,218.18,38.6833,442.32,112.7916,348.31,661.789,34977.23,10.4932,3271.384
783.2,372.1766,703.29,124.6933,76.66,19.5483,150.12,285.228,36614.0,10.9842,812.6304
7666.65,3643.1921,207.2,36.7366,1729.11,440.923,128.34,243.846,8431.2,2.5294,4367.2271
712.74,338.694,1005.18,178.2184,1583.26,403.7313,392.53,745.807,48819.64,14.6459,1681.0966
3282.96,1560.0626,1887.48,334.6502,1919.06,489.3603,95.11,180.709,21034.99,6.3105,2571.0926
8837.57,4199.6133,325.35,57.6846,1881.64,479.8182,426.28,809.932,39802.97,11.9409,5558.989
967.9,459.9461,316.48,56.1119,418.35,106.6793,25.98,49.362,21436.93,6.4311,678.5304
2470.63,1174.0434,140.63,24.9337,1002.32,255.5916,342.91,651.529,27451.67,8.2355,2114.3332
3629.41,1724.6956,463.63,82.2016,1243.2,317.016,52.42,99.598,6783.94,2.0352,2225.5464
5875.76,2792.1612,56.12,9.9501,921.97,235.1024,5.14,9.766,7311.81,2.1935,3049.1732
679.96,323.117,1801.0,319.3173,1522.08,388.1304,310.94,590.786,46866.05,14.0598,1635.4105
2948.94,1401.3363,1435.0,254.4255,612.34,156.1467,177.89,337.991,22845.11,6.8535,2156.753
5959.76,2832.078,1415.16,250.9079,985.35,251.2643,40.71,77.349,14432.37,4.3297,3415.9289
7966.19,3785.5335,1443.36,255.9077,77.7,19.8135,294.49,559.531,13622.42,4.0867,4624.8724
6684.89,3176.6597,369.98,65.5975,103.05,26.2778,38.93,73.967,42299.14,12.6897,3355.1917
9662.58,4591.658,1952.46,346.1712,984.68,251.0934,443.98,843.562,11084.47,3.3253,6035.8099
7135.69,3390.8799,691.94,122.681,1232.12,314.1906,48.0,91.2,15263.69,4.5791,3923.5306
7695.95,3657.1154,1364.92,242.0003,807.42,205.8921,257.25,488.775,8184.1,2.4552,4596.238
6530.24,3103.17,174.76,30.9849,225.27,57.4439,185.58,352.602,11910.28,3.5731,3547.7739
6830.7,3245.9486,1957.97,347.1481,1682.81,429.1166,174.5,331.55,27795.62,8.3387,4362.102
7175.31,3409.7073,1897.55,336.4356,1526.03,389.1377,205.56,390.564,2589.75,0.7769,4526.6215
6318.21,3002.4134,108.36,19.2122,1047.83,267.1966,470.43,893.817,36572.22,10.9717,4193.6109
8988.52,4271.3447,721.0,127.8333,166.17,42.3733,200.26,380.494,1456.2,0.4369,4822.4822
8391.05,3987.427,170.98,30.3148,769.9,196.3245,277.72,527.668,22150.04,6.645,4748.3793
6172.3,2933.077,1833.32,325.0476,1473.3,375.6915,82.58,156.902,36555.04,10.9665,3801.6846
8769.59,4167.3092,1427.77,253.1436,1198.15,305.5283,224.08,425.752,17843.94,5.3532,5157.0863
4614.18,2192.6583,225.39,39.9616,927.54,236.5227,346.78,658.882,6345.8,1.9037,3129.9283
1503.12,714.2826,1605.15,284.5931,1421.89,362.582,25.9,49.21,43331.88,12.9996,1423.6673
1516.28,720.5363,12.52,2.2198,1048.15,267.2783,67.27,127.813,37851.49,11.3554,1129.2028
2228.4,1058.9357,337.33,59.8086,1810.74,461.7387,456.78,867.882,42439.68,12.7319,2461.0969
5390.33,2561.4848,1081.06,191.6719,1304.77,332.7163,240.2,456.38,37674.96,11.3025,3553.5555
822.27,390.7427,1009.0,178.8957,199.6,50.898,374.42,711.398,26920.37,8.0761,1340.0105
2796.3,1328.8018,509.95,90.4141,1142.55,291.3503,204.06,387.714,14377.61,4.3133,2102.5935
103.02,48.9551,1592.54,282.3573,1009.27,257.3639,180.0,342.0,8387.95,2.5164,933.1927
1557.72,740.2285,1195.59,211.9781,631.22,160.9611,119.81,227.639,5292.88,1.5879,1342.3946
7354.67,3494.9392,981.54,174.027,1971.7,502.7835,251.46,477.774,42150.98,12.6453,4662.169
5749.84,2732.324,1106.97,196.2658,1312.22,334.6161,70.97,134.843,22567.04,6.7701,3404.819
4396.01,2088.984,383.51,67.9963,580.45,148.0148,33.99,64.581,1978.26,0.5935,2370.1696
6321.81,3004.1241,125.52,22.2547,543.57,138.6104,175.93,334.267,4071.82,1.2215,3500.4777
5805.46,2758.7546,1476.37,261.7604,130.51,33.28,288.8,548.72,8496.65,2.549,3605.064
3853.15,1831.0169,1951.78,346.0506,1805.84,460.4892,56.85,108.015,28735.32,8.6206,2754.1923
3704.28,1760.2739,1173.61,208.0811,1476.57,376.5254,322.11,612.009,1587.46,0.4762,2957.3656
216.04,102.6622,615.44,109.1175,346.65,88.3957,367.28,697.832,27474.36,8.2423,1006.2497
4882.08,2319.9644,89.68,15.9003,290.8,74.154,300.43,570.817,2144.27,0.6433,2981.479
7197.15,3420.0857,1558.81,276.377,1751.74,446.6937,428.53,814.207,36967.62,11.0903,4968.4537
5836.26,2773.3908,1489.93,264.1646,1244.71,317.401,268.27,509.713,17774.39,5.3323,3870.0017
6270.66,2979.8176,1551.14,275.0171,286.63,73.0906,456.8,867.92,9694.49,2.9083,4198.7536
1305.03,620.1503,1701.32,301.644,576.64,147.0432,206.9,393.11,18177.69,5.4533,1467.4008
3132.73,1488.6733,1818.67,322.4502,40.36,10.2918,74.53,141.607,45496.36,13.6489,1976.6712
9564.86,4545.2215,1414.16,250.7306,55.59,14.1755,438.59,833.321,45573.34,13.672,5657.1206
2011.24,955.7412,939.68,166.6053,452.07,115.2779,45.22,85.918,1897.3,0.5692,1324.1116
5992.54,2847.655,109.36,19.3895,1117.56,284.9778,132.04,250.876,12218.52,3.6656,3406.5639
2351.06,1117.2237,1865.13,330.6875,497.34,126.8217,283.55,538.745,41918.88,12.5757,2126.0536
1525.69,725.0079,718.27,127.3493,1323.56,337.5078,59.64,113.316,6304.27,1.8913,1305.0723
7914.5,3760.9704,320.18,56.7679,148.38,37.8369,263.25,500.175,9655.46,2.8966,4358.6468
1507.95,716.5778,874.42,155.0347,1552.98,396.0099,346.76,658.844,24540.7,7.3622,1933.8286
2507.51,1191.5688,325.96,57.7927,105.36,26.8668,230.24,437.456,25240.6,7.5722,1721.2565
176.98,84.1009,1736.97,307.9648,58.42,14.8971,430.7,818.33,45333.33,13.6,1238.8928
2704.69,1285.2687,280.89,49.8018,133.88,34.1394,453.45,861.555,19040.67,5.7122,2236.4771
2970.33,1411.5008,754.02,133.6877,1891.41,482.3096,433.44,823.536,45995.39,13.7986,2864.8327
2732.06,1298.2749,901.53,159.8413,929.18,236.9409,323.17,614.023,37512.0,11.2536,2320.3337
3421.85,1626.0631,551.35,97.7544,494.99,126.2225,199.59,379.221,25406.44,7.6219,2236.8829
2407.39,1143.9917,48.25,8.5547,1759.33,448.6291,97.31,184.889,23206.69,6.962,1793.0265
4291.62,2039.3778,1396.22,247.5498,677.21,172.6886,440.63,837.197,22638.23,6.7915,3303.6047
9883.78,4696.7723,1244.49,220.6481,1674.88,427.0944,161.96,307.724,32967.58,9.8903,5662.1291
104.51,49.6632,293.08,51.9631,1887.87,481.4068,320.96,609.824,15487.28,4.6462,1197.5033
9885.19,4697.4423,306.96,54.424,1708.49,435.665,35.41,67.279,19191.24,5.7574,5260.5677
6052.7,2876.243,608.04,107.8055,916.11,233.6081,106.21,201.799,21002.11,6.3006,3425.7562
1228.54,583.8022,199.08,35.2969,1292.24,329.5212,267.57,508.383,32127.88,9.6384,1466.6417
577.42,274.39,1273.3,225.7561,1170.82,298.5591,165.6,314.64,44636.32,13.3909,1126.7361
1455.67,691.7344,22.6,4.007,1644.05,419.2328,27.27,51.813,5379.01,1.6137,1168.4009
647.23,307.5637,73.46,13.0245,929.12,236.9256,192.18,365.142,47932.45,14.3797,937.0355
3841.98,1825.7089,1133.42,200.9554,146.14,37.2657,86.59,164.521,6977.85,2.0934,2230.5444
9468.95,4499.645,441.33,78.2478,523.76,133.5588,371.55,705.945,16371.45,4.9114,5422.308
4517.95,2146.9298,1527.01,270.7389,1236.65,315.3458,45.3,86.07,37838.68,11.3516,2830.4361
4883.31,2320.5489,1066.54,189.0975,127.44,32.4972,36.75,69.825,19144.74,5.7434,2617.712
7416.3,3524.2258,1651.63,292.834,1589.01,405.1975,352.65,670.035,28097.58,8.4293,4900.7216
3784.59,1798.4372,1563.09,277.1359,1871.01,477.1076,86.33,164.027,26402.68,7.9208,2724.6285
2987.53,1419.6743,105.0,18.6165,1785.59,455.3254,15.72,29.868,19055.59,5.7167,1929.2009
9383.46,4459.0202,1666.14,295.4066,1377.61,351.2905,272.56,517.864,34854.91,10.4565,5634.0378
4370.91,2077.0564,1901.78,337.1856,19.89,5.072,394.07,748.733,23983.63,7.1951,3175.2421
4673.68,2220.9327,1680.25,297.9083,1368.48,348.9624,247.99,471.181,10309.76,3.0929,3342.0773
5182.23,2462.5957,688.36,122.0462,983.24,250.7262,167.7,318.63,13261.27,3.9784,3157.9765
987.28,469.1555,1006.43,178.44,1885.98,480.9249,107.68,204.592,25505.29,7.6516,1340.764
2371.09,1126.742,1243.0,220.3839,1327.69,338.561,419.94,797.886,24607.76,7.3823,2490.9552
2142.55,1018.1398,1962.41,347.9353,435.28,110.9964,6.71,12.749,49315.99,14.7948,1504.6153
8341.22,3963.7477,1477.29,261.9235,1481.35,377.7442,228.24,433.656,20287.19,6.0862,5043.1576
7344.9,3490.2965,726.41,128.7925,1846.67,470.9009,377.54,717.326,39771.15,11.9313,4819.2472
1110.0,527.472,963.26,170.786,1506.65,384.1958,454.34,863.246,43491.87,13.0476,1958.7474
477.54,226.927,748.53,132.7144,1894.97,483.2174,485.27,922.013,38123.01,11.4369,1776.3087
1345.39,639.3293,551.04,97.6994,1694.43,432.0797,350.86,666.634,16738.42,5.0215,1840.7639
9628.95,4575.677,1367.28,242.4187,1957.09,499.058,175.16,332.804,30496.43,9.1489,5659.1066
2298.32,1092.1617,563.0,99.8199,212.71,54.2411,133.67,253.973,45260.8,13.5782,1513.7739
7685.3,3652.0546,135.85,24.0862,391.41,99.8096,336.05,638.495,4530.89,1.3593,4415.8047
5076.23,2412.2245,152.44,27.0276,1284.48,327.5424,59.22,112.518,26711.18,8.0134,2887.3259
6353.06,3018.9741,1566.94,277.8185,1307.53,333.4201,227.67,432.573,2438.03,0.7314,4063.5171
195.84,93.0632,985.44,174.7185,477.64,121.7982,130.95,248.805,5979.0,1.7937,640.1786
5596.09,2659.262,1093.45,193.8687,832.13,212.1932,376.06,714.514,13560.59,4.0682,3783.9061
4472.92,2125.5316,864.75,153.3202,460.97,117.5474,312.78,594.282,18026.28,5.4079,2996.0891
719.02,341.6783,499.97,88.6447,461.84,117.7692,280.21,532.399,12212.51,3.6638,1084.155
7692.0,3655.2384,1516.38,268.8542,18.02,4.5951,118.17,224.523,12127.08,3.6381,4156.8488
2740.31,1302.1953,1400.51,248.3104,470.77,120.0464,150.23,285.437,2743.55,0.8231,1956.8122
5905.78,2806.4267,1207.85,214.1518,1496.29,381.5539,57.09,108.471,5956.63,1.787,3512.3904
8732.17,4149.5272,1641.41,291.022,1218.16,310.6308,142.66,271.054,11016.87,3.3051,5025.5391
8534.7,4055.6894,889.15,157.6463,113.52,28.9476,179.27,340.613,5100.93,1.5303,4584.4266
3965.17,1884.2488,1175.97,208.4995,1368.65,349.0058,285.61,542.659,44479.18,13.3438,2997.7569
9620.92,4571.8612,821.96,145.7335,756.86,192.9993,152.15,289.085,15805.37,4.7416,5204.4206
3692.7,1754.771,226.68,40.1904,218.61,55.7456,20.35,38.665,11826.58,3.548,1892.92
4474.15,2126.1161,1541.55,273.3168,747.99,190.7374,303.45,576.555,6971.47,2.0914,3168.8167
5803.13,2757.6474,1176.38,208.5722,738.76,188.3838,467.46,888.174,19625.87,5.8878,4048.6652
7371.25,3502.818,1532.8,271.7654,165.32,42.1566,110.89,210.691,11618.36,3.4855,4030.9165
9769.2,4642.3238,333.71,59.1668,748.16,190.7808,86.09,163.571,30267.75,9.0803,5064.9227
4050.99,1925.0304,319.15,56.5853,904.35,230.6093,458.17,870.523,23568.34,7.0705,3089.8185
3668.51,1743.276,209.88,37.2117,1186.16,302.4708,119.66,227.354,41093.52,12.3281,2322.6406
5984.66,2843.9104,1548.27,274.5083,1986.55,506.5702,301.07,572.033,2351.61,0.7055,4197.7274
296.8,141.0394,831.14,147.3611,1691.43,431.3147,86.29,163.951,31976.14,9.5928,893.259
1238.54,588.5542,539.34,95.625,625.0,159.375,139.08,264.252,39324.59,11.7974,1119.6036
9818.09,4665.5564,98.16,17.4038,976.72,249.0636,146.35,278.065,5288.66,1.5866,5211.6754
4590.57,2181.4389,1899.77,336.8292,1844.48,470.3424,195.77,371.963,22635.57,6.7907,3367.3642
2325.43,1105.0443,338.8,60.0692,1266.2,322.881,432.47,821.693,16991.31,5.0974,2314.7849
4478.21,2128.0454,1052.63,186.6313,294.59,75.1204,148.61,282.359,41592.73,12.4778,2684.6339
7531.26,3578.8548,696.23,123.4416,1012.16,258.1008,198.05,376.295,48647.98,14.5944,4351.2866
6223.47,2957.3929,875.36,155.2013,1861.89,474.782,29.27,55.613,11892.92,3.5679,3646.5571
2222.3,1056.037,989.59,175.4543,1883.35,480.2543,32.74,62.206,11709.2,3.5128,1777.4644
9980.06,4742.5245,92.4,16.3825,1987.8,506.889,38.64,73.416,6053.44,1.816,5341.028
1610.43,765.2763,1811.52,321.1825,837.18,213.4809,216.26,410.894,45921.8,13.7765,1724.6102
144.83,68.8232,202.39,35.8837,1720.24,438.6612,164.24,312.056,48756.49,14.6269,870.051
3789.35,1800.6991,382.36,67.7924,1995.62,508.8831,422.26,802.294,26653.37,7.996,3187.6646
6077.68,2888.1135,1475.8,261.6593,1762.92,449.5446,37.44,71.136,24896.68,7.469,3677.9224
4797.46,2279.753,64.12,11.3685,1279.5,326.2725,254.86,484.234,43462.16,13.0386,3114.6666
5507.93,2617.3683,1971.53,349.5523,1979.6,504.798,187.82,356.858,9702.22,2.9107,3831.4873
4364.61,2074.0627,1574.68,279.1908,1277.13,325.6682,243.72,463.068,6390.77,1.9172,3143.9069
1828.61,868.9555,1510.23,267.7638,1831.53,467.0401,109.9,208.81,19183.56,5.7551,1818.3245
6789.25,3226.2516,1168.89,207.2442,477.23,121.6937,367.66,698.554,26181.11,7.8543,4261.5978
7709.05,3663.3406,194.8,34.538,1161.88,296.2794,132.05,250.895,43056.71,12.917,4257.97
8498.31,4038.3969,727.55,128.9946,1581.98,403.4049,143.45,272.555,4516.18,1.3549,4844.7063
7377.03,3505.5647,1228.9,217.884,1933.77,493.1114,138.26,262.694,37082.83,11.1248,4490.3789
7094.97,3371.5297,39.36,6.9785,1207.82,307.9941,215.89,410.191,9742.56,2.9228,4099.6161
1181.44,561.4203,1010.45,179.1528,1375.99,350.8775,436.65,829.635,24176.65,7.253,1928.3386
5090.1,2418.8155,73.55,13.0404,228.27,58.2089,377.06,716.414,7486.95,2.2461,3208.7249
6812.91,3237.4948,1301.6,230.7737,787.53,200.8201,61.53,116.907,40844.19,12.2533,3798.2489
8831.44,4196.7003,1388.93,246.2573,815.16,207.8658,448.52,852.188,24421.45,7.3264,5510.3378
662.99,315.0528,1599.77,283.6392,348.32,88.8216,401.28,762.432,23503.16,7.0509,1456.9965
583.85,277.4455,470.89,83.4888,1669.77,425.7914,171.49,325.831,9993.2,2.998,1115.5547
3496.77,1661.6651,1989.88,352.8057,851.27,217.0738,409.37,777.803,28489.65,8.5469,3017.8945
615.79,292.6234,209.36,37.1195,309.21,78.8486,231.93,440.667,23179.61,6.9539,856.2124
3532.17,1678.4872,507.32,89.9478,1898.59,484.1404,436.48,829.312,46007.41,13.8022,3095.6896
6817.75,3239.7948,1861.49,330.0422,1898.39,484.0895,261.94,497.686,48115.92,14.4348,4566.0473
4087.05,1942.1662,1163.91,206.3612,184.86,47.1393,447.74,850.706,47301.22,14.1904,3060.5631
4773.97,2268.5905,278.25,49.3337,1109.07,282.8128,120.98,229.862,33306.6,9.992,2840.591
8390.19,3987.0183,1134.99,201.2337,1961.31,500.1341,349.26,663.594,24574.69,7.3724,5359.3525
2334.96,1109.573,897.06,159.0487,1493.1,380.7405,467.38,888.022,34281.86,10.2846,2547.6688
9199.94,4371.8115,603.25,106.9562,38.72,9.8736,93.81,178.239,12904.74,3.8714,4670.7517
8264.89,3927.4757,1564.99,277.4727,111.25,28.3688,396.14,752.666,17964.27,5.3893,4991.3725
7544.15,3584.9801,298.14,52.8602,809.48,206.4174,369.67,702.373,45911.69,13.7735,4560.4042
9182.5,4363.524,681.32,120.798,16.96,4.3248,294.34,559.246,27042.77,8.1128,5056.0056
2035.25,967.1508,747.25,132.4874,1699.14,433.2807,115.31,219.089,23347.87,7.0044,1759.0123
7070.47,3359.8873,1766.96,313.282,587.72,149.8686,249.26,473.594,39773.93,11.9322,4308.5641
7657.67,3638.9248,1307.38,231.7985,366.22,93.3861,145.45,276.355,5949.96,1.785,4242.2494
4047.53,1923.3863,186.11,32.9973,160.13,40.8331,51.91,98.629,49278.8,14.7836,2110.6293
8594.83,4084.2632,1670.5,296.1797,1219.21,310.8986,441.22,838.318,49643.93,14.8932,5544.5527
4148.98,1971.5953,1915.86,339.682,226.78,57.8289,153.31,291.289,3132.17,0.9397,2661.3349
7049.31,3349.8321,179.13,31.7597,56.56,14.4228,482.49,916.731,24135.32,7.2406,4319.9862
7188.06,3415.7661,1252.46,222.0612,162.5,41.4375,408.04,775.276,44324.78,13.2974,4467.8382
2262.31,1075.0497,427.06,75.7177,616.11,157.1081,215.97,410.343,44888.59,13.4666,1731.6851
3718.2,1766.8886,1517.38,269.0315,1820.31,464.1791,433.71,824.049,46751.87,14.0256,3338.1738
2721.05,1293.043,1593.63,282.5506,756.17,192.8234,305.92,581.248,9343.23,2.803,2352.468
6281.87,2985.1446,1964.91,348.3785,1501.47,382.8749,202.62,384.978,7417.04,2.2251,4103.6011
4251.52,2020.3223,13.44,2.3829,38.33,9.7742,363.16,690.004,41884.82,12.5654,2735.0488
4132.29,1963.6642,1821.46,322.9449,1820.61,464.2555,444.04,843.676,32664.43,9.7993,3604.3399
3041.75,1445.4396,1694.26,300.3923,1575.87,401.8468,82.73,157.187,20538.23,6.1615,2311.0272
8240.89,3916.0709,193.25,34.2632,914.24,233.1312,227.92,433.048,22690.66,6.8072,4623.3205
5495.96,2611.6802,1636.97,290.2348,788.95,201.1823,56.32,107.008,43289.23,12.9868,3223.0921
230.98,109.7617,1066.74,189.133,1920.88,489.8244,434.26,825.094,25538.91,7.6617,1621.4748
3148.5,1496.1672,1765.73,313.0639,1304.09,332.5429,72.74,138.206,24539.46,7.3618,2287.3418
2463.28,1170.5507,1185.86,210.253,1975.35,503.7142,261.77,497.363,9623.34,2.887,2384.7679
7346.22,3490.9237,1510.61,267.8312,545.73,139.1612,80.51,152.969,14514.06,4.3542,4055.2393
5501.21,2614.175,756.85,134.1895,539.8,137.649,301.97,573.743,11656.61,3.497,3463.2535
1286.86,611.5159,1233.97,218.7829,649.72,165.6786,35.04,66.576,30432.03,9.1296,1071.683
1418.28,673.9667,762.39,135.1717,1097.49,279.86,314.84,598.196,26446.82,7.934,1695.1284
3346.14,1590.0857,1035.86,183.658,802.27,204.5788,366.05,695.495,44806.05,13.4418,2687.2593
6806.71,3234.5486,1595.3,282.8467,1856.79,473.4814,53.15,100.985,26570.13,7.971,4099.8327
1670.25,793.7028,1465.06,259.7551,346.53,88.3651,249.73,474.487,44390.62,13.3172,1629.6272
3301.52,1568.8823,47.04,8.3402,521.52,132.9876,168.8,320.72,24028.93,7.2087,2038.1388
4449.9,2114.5925,1982.3,351.4618,1621.47,413.4749,209.01,397.119,47606.65,14.282,3290.9302
286.14,135.9737,983.93,174.4508,316.82,80.7891,65.65,124.735,41343.86,12.4032,528.3518
7172.07,3408.1677,1683.82,298.5413,933.07,237.9329,187.75,356.725,19754.27,5.9263,4307.2932
4272.32,2030.2065,1864.1,330.5049,1398.86,356.7093,378.44,719.036,43151.88,12.9456,3449.4023
8616.5,4094.5608,510.55,90.5205,436.08,111.2004,456.38,867.122,16890.3,5.0671,5168.4708
225.32,107.0721,336.1,59.5905,803.98,205.0149,236.42,449.198,27372.08,8.2116,829.0871
3058.54,1453.4182,77.09,13.6681,19.86,5.0643,219.06,416.214,33063.34,9.919,1898.2836
4924.32,2340.0369,62.72,11.1203,1943.0,495.465,480.03,912.057,44137.48,13.2412,3771.9204
8475.28,4027.4531,1757.53,311.6101,667.39,170.1844,130.87,248.653,31215.55,9.3647,4767.2653
1724.35,819.4111,541.63,96.031,1774.73,452.5562,236.68,449.692,32296.59,9.689,1827.3793
6221.86,2956.6279,1875.72,332.5652,1913.15,487.8533,170.95,324.805,37586.34,11.2759,4113.1273
2091.85,994.0471,580.41,102.9067,136.12,34.7106,363.04,689.776,24806.5,7.4419,1828.8823
6009.05,2855.5006,1099.13,194.8757,1979.53,504.7801,267.84,508.896,49666.66,14.9,4078.9524
4209.58,2000.3924,469.37,83.2193,430.52,109.7826,252.1,478.99,27785.19,8.3356,2680.7199
735.98,349.7377,1586.37,281.2634,55.11,14.0531,393.12,746.928,42244.21,12.6733,1404.6555
2022.22,960.9589,1143.86,202.8064,346.46,88.3473,443.25,842.175,36070.12,10.821,2105.1086
1254.45,596.1146,1694.0,300.3462,1003.77,255.9614,216.61,411.559,21999.7,6.5999,1570.5811
644.13,306.0906,1667.07,295.5715,401.09,102.2779,174.97,332.443,36825.18,11.0476,1047.4306
9538.05,4532.4814,894.88,158.6622,547.09,139.508,280.98,533.862,44692.41,13.4077,5377.9213
982.44,466.8555,1517.42,269.0386,422.1,107.6355,318.19,604.561,10138.8,3.0416,1451.1322
6750.13,3207.6618,1875.54,332.5332,688.26,175.5063,448.4,851.96,48431.51,14.5295,4582.1908
9437.03,4484.4767,540.76,95.8767,1312.27,334.6288,160.02,304.038,14862.04,4.4586,5223.4788
8869.68,4214.8719,36.64,6.4963,960.65,244.9657,439.85,835.715,10587.87,3.1764,5305.2253
4048.54,1923.8662,1655.56,293.5308,254.19,64.8184,467.01,887.319,23434.66,7.0304,3176.5648
2282.94,1084.8531,788.88,139.8684,552.49,140.885,282.08,535.952,19943.82,5.9831,1907.5416
5278.79,2508.481,129.82,23.0171,414.76,105.7638,276.21,524.799,11424.24,3.4273,3165.4882
8488.11,4033.5499,1687.47,299.1884,13.4,3.417,333.84,634.296,29738.32,8.9215,4979.3728
6840.65,3250.6769,1946.12,345.0471,835.98,213.1749,352.28,669.332,26555.56,7.9667,4486.1976
9209.66,4376.4304,212.01,37.5894,1948.16,496.7808,446.91,849.129,34940.42,10.4821,5770.4117
6401.95,3042.2066,983.86,174.4384,648.61,165.3956,327.1,621.49,42035.1,12.6105,4016.1411
5145.65,2445.2129,630.81,111.8426,1696.91,432.7121,448.11,851.409,28934.18,8.6803,3849.8569
6477.41,3078.0652,1111.97,197.1523,1700.5,433.6275,459.03,872.157,15164.24,4.5493,4585.5513
695.8,330.6442,1949.53,345.6517,1764.15,449.8583,452.41,859.579,13089.13,3.9267,1989.6599
3782.2,1797.3014,146.74,26.017,178.45,45.5048,408.91,776.929,28605.86,8.5818,2654.334
9649.28,4585.3379,853.87,151.3912,1034.39,263.7695,278.95,530.005,23031.12,6.9093,5537.4129
8242.79,3916.9738,419.92,74.4518,1368.24,348.9012,411.6,782.04,48050.52,14.4152,5136.782
7165.09,3404.8508,1916.93,339.8717,1295.93,330.4622,39.67,75.373,49595.2,14.8786,4165.4363
3328.7,1581.7982,648.27,114.9383,461.99,117.8075,17.12,32.528,10907.24,3.2722,1850.3442
2961.92,1407.5044,66.48,11.7869,319.64,81.5082,378.47,719.093,47628.79,14.2886,2234.1811
9895.86,4702.5127,344.89,61.149,193.95,49.4572,493.93,938.467,36654.58,10.9964,5762.5823
7129.89,3388.1237,733.07,129.9733,1521.13,387.8882,406.94,773.186,9997.95,2.9994,4682.1706
6671.47,3170.2825,1497.22,265.4571,595.53,151.8602,324.25,616.075,48178.94,14.4537,4218.1285
7874.37,3741.9006,459.3,81.4339,829.48,211.5174,414.79,788.101,33893.97,10.1682,4833.1211
4673.69,2220.9375,1273.82,225.8483,297.1,75.7605,188.0,357.2,33997.52,10.1993,2889.9456
9712.93,4615.5843,985.66,174.7575,966.51,246.46,183.26,348.194,11727.14,3.5181,5388.5139
9319.81,4428.7737,594.61,105.4244,763.86,194.7843,312.3,593.37,1830.2,0.5491,5322.9015
9187.49,4365.8952,841.93,149.2742,135.63,34.5857,245.68,466.792,16319.93,4.896,5021.4431
8561.64,4068.4913,1987.06,352.3057,1505.05,383.7878,171.02,324.938,40872.86,12.2619,5141.7847
8799.14,4181.3513,1515.75,268.7425,1777.72,453.3186,94.56,179.664,15538.49,4.6615,5087.7379
8216.91,3904.6756,208.73,37.0078,1756.39,447.8795,368.73,700.587,25509.67,7.6529,5097.8028
8051.32,3825.9873,452.16,80.168,389.94,99.4347,292.09,554.971,44811.18,13.4434,4574.0044
1161.34,551.8688,1354.55,240.1617,1525.95,389.1173,354.34,673.246,41212.5,12.3637,1866.7575
8713.92,4140.8548,1187.2,210.4906,169.29,43.1689,322.04,611.876,27769.34,8.3308,5014.7211
2305.9,1095.7637,1326.24,235.1424,629.38,160.4919,48.85,92.815,7455.0,2.2365,1586.4495
8492.97,4035.8593,1602.75,284.1676,1499.94,382.4847,486.66,924.654,9275.18,2.7826,5629.9482
2823.12,1341.5466,407.68,72.2817,529.79,135.0965,446.46,848.274,21139.08,6.3417,2403.5405
8229.88,3910.839,1743.99,309.2094,1155.49,294.6499,466.0,885.4,16201.57,4.8605,5404.9588
8790.72,4177.3501,572.61,101.5238,1771.61,451.7605,299.97,569.943,5853.29,1.756,5302.3334
1661.39,789.4925,1266.04,224.4689,1134.83,289.3816,458.19,870.561,24151.91,7.2456,2181.1496
8810.92,4186.9492,1459.77,258.8172,537.05,136.9477,213.23,405.137,11068.18,3.3205,4991.1716
5801.74,2756.9868,1162.39,206.0917,1035.1,263.9505,77.62,147.478,7647.94,2.2944,3376.8014
3251.57,1545.1461,1081.02,191.6648,1915.59,488.4754,275.75,523.925,31551.58,9.4655,2758.6768
6423.92,3052.6468,1482.12,262.7799,554.98,141.5199,30.28,57.532,12851.13,3.8553,3518.3339
5310.05,2523.3358,1057.07,187.4185,373.44,95.2272,44.42,84.398,4354.87,1.3065,2891.686
3765.46,1789.3466,1992.91,353.3429,1621.77,413.5514,226.04,429.476,29208.81,8.7626,2994.4795
7815.67,3714.0064,1268.73,224.9458,134.41,34.2745,39.48,75.012,5785.92,1.7358,4049.9745
8635.73,4103.6989,299.15,53.0393,1875.77,478.3213,423.27,804.213,7018.77,2.1056,5441.3781
5542.47,2633.7817,765.82,135.7799,1735.21,442.4786,480.01,912.019,26228.27,7.8685,4131.9277
5942.25,2823.7572,1793.73,318.0283,75.13,19.1581,186.54,354.426,4758.86,1.4277,3516.7973
4110.61,1953.3619,737.84,130.819,1656.59,422.4305,268.41,509.979,16802.19,5.0407,3021.6311
6352.21,3018.5702,1896.89,336.3186,90.54,23.0877,421.43,800.717,49321.39,14.7964,4193.4899
358.55,170.383,1178.8,209.0012,859.21,219.0986,344.39,654.341,25042.76,7.5128,1260.3366
6622.06,3146.8029,914.44,162.1302,1695.37,432.3193,451.37,857.603,1451.9,0.4356,4599.291
5775.15,2744.3513,1002.25,177.6989,188.83,48.1517,313.99,596.581,14336.6,4.301,3571.0839
8186.63,3890.2866,571.32,101.295,1864.26,475.3863,25.41,48.279,22102.28,6.6307,4521.8776
122.2,58.0694,115.53,20.4835,518.08,132.1104,189.15,359.385,8511.36,2.5534,572.6017
1386.64,658.9313,122.04,21.6377,933.16,237.9558,37.65,71.535,38404.97,11.5215,1001.5813
4317.06,2051.4669,223.9,39.6975,1752.61,446.9155,7.49,14.231,12068.43,3.6205,2555.9314
5004.72,2378.2429,1835.53,325.4395,849.77,216.6913,325.41,618.279,4061.91,1.2186,3539.8713
8004.69,3803.8287,1947.86,345.3556,295.46,75.3423,43.42,82.498,17615.83,5.2847,4312.3093
6304.8,2996.041,80.17,14.2141,92.79,23.6615,402.05,763.895,13573.66,4.0721,3801.8837
3616.02,1718.3327,1945.98,345.0223,617.43,157.4446,216.85,412.015,38771.07,11.6313,2644.4459
9751.0,4633.6752,1815.37,321.8651,1722.08,439.1304,217.07,412.433,12009.1,3.6027,5810.7064
1754.03,833.5151,761.31,134.9803,173.36,44.2068,276.31,524.989,13103.32,3.931,1541.6222
3713.51,1764.66,1899.5,336.7814,958.08,244.3104,66.31,125.989,4827.62,1.4483,2473.1891
9812.06,4662.6909,1973.13,349.8359,910.87,232.2719,66.41,126.179,47375.17,14.2126,5385.1903
9309.5,4423.8744,1601.21,283.8945,615.84,157.0392,274.44,521.436,46085.24,13.8256,5400.0697
9883.39,4696.5869,396.67,70.3296,856.26,218.3463,330.78,628.482,45927.41,13.7782,5627.523
180.62,85.8306,570.65,101.1762,359.93,91.7822,304.11,577.809,10179.55,3.0539,859.6519
6806.53,3234.4631,1224.42,217.0897,343.69,87.641,367.95,699.105,48044.27,14.4133,4252.7121
9644.12,4582.8858,881.64,156.3148,259.2,66.096,107.28,203.832,42684.72,12.8054,5021.934
8390.43,3987.1323,926.54,164.2755,1380.61,352.0555,172.28,327.332,46746.93,14.0241,4844.8194
1091.84,518.8424,542.24,96.1392,1422.13,362.6432,449.42,853.898,15050.38,4.5151,1836.0379
4340.87,2062.7814,237.29,42.0715,1869.76,476.7888,405.06,769.614,31969.61,9.5909,3360.8466
9168.5,4356.8712,965.02,171.098,624.64,159.2832,306.28,581.932,16998.75,5.0996,5274.284
8979.74,4267.1724,657.12,116.5074,1078.25,274.9538,20.7,39.33,18654.35,5.5963,4703.5599
2026.59,963.0356,1159.54,205.5864,1356.51,345.9101,26.55,50.445,40787.49,12.2362,1577.2133
406.23,193.0405,1333.98,236.5147,1231.79,314.1064,382.6,726.94,18391.17,5.5174,1476.119
963.84,458.0168,292.45,51.8514,1237.36,315.5268,447.12,849.528,22024.62,6.6074,1681.5304
2343.11,1113.4459,1401.22,248.4363,1278.04,325.9002,378.43,719.017,10304.38,3.0913,2409.8907
4150.25,1972.1988,523.51,92.8183,388.81,99.1466,404.2,767.98,41147.25,12.3442,2944.4879
8294.71,3941.6462,1546.87,274.2601,1559.84,397.7592,150.14,285.266,15805.91,4.7418,4903.6733
6617.77,3144.7643,126.7,22.4639,845.92,215.7096,376.3,714.97,35880.8,10.7642,4108.672
1749.75,831.4812,959.44,170.1087,176.16,44.9208,412.34,783.446,37937.57,11.3813,1841.338
1755.39,834.1613,322.44,57.1686,1388.46,354.0573,274.18,520.942,18903.08,5.6709,1772.0001
5689.26,2703.5364,1627.27,288.515,43.26,11.0313,50.15,95.285,7519.93,2.256,3100.6237
2196.1,1043.5867,52.71,9.3455,137.49,35.06,76.5,145.35,27340.58,8.2022,1241.5444
7906.99,3757.4016,902.12,159.9459,1016.65,259.2457,298.94,567.986,42229.86,12.669,4757.2482
612.94,291.2691,111.03,19.6856,355.61,90.6806,496.83,943.977,11801.15,3.5403,1349.1526
7656.25,3638.25,1075.07,190.6099,1265.39,322.6745,499.53,949.107,29370.69,8.8112,5109.4526
2784.09,1322.9996,977.13,173.2451,593.12,151.2456,407.28,773.832,24889.96,7.467,2428.7893
4780.41,2271.6508,1627.88,288.6231,1916.09,488.6029,497.68,945.592,40279.07,12.0837,4006.5525
7171.96,3408.1154,392.61,69.6098,331.76,84.5988,344.87,655.253,40431.51,12.1295,4229.7065
3665.05,1741.6318,514.45,91.212,460.16,117.3408,277.47,527.193,19946.37,5.9839,2483.3615
2279.62,1083.2754,425.23,75.3933,1227.73,313.0711,246.32,468.008,20572.37,6.1717,1945.9195
237.86,113.0311,1431.32,253.773,351.28,89.5764,377.98,718.162,42020.32,12.6061,1187.1486
2351.75,1117.5516,1083.53,192.1099,274.16,69.9108,245.96,467.324,32132.64,9.6398,1856.5361
2335.14,1109.6585,1514.04,268.4393,1346.4,343.332,494.26,939.094,17986.95,5.3961,2665.9199
2722.61,1293.7843,1194.92,211.8593,200.63,51.1606,384.39,730.341,49872.38,14.9617,2302.1069
5130.9,2438.2037,1451.91,257.4236,809.69,206.471,398.54,757.226,43768.38,13.1305,3672.4548
4914.81,2335.5177,1447.24,256.5957,1155.16,294.5658,82.98,157.662,23625.9,7.0878,3051.429
6704.79,3186.1162,1395.88,247.4895,69.08,17.6154,364.09,691.771,1914.7,0.5744,4143.5665
6967.04,3310.7374,1874.45,332.34,1856.44,473.3922,358.44,681.036,12987.04,3.8961,4801.4017
4078.32,1938.0177,1468.67,260.3952,831.21,211.9586,414.7,787.93,42216.3,12.6649,3210.9664
8301.94,3945.0819,461.41,81.808,95.17,24.2684,376.23,714.837,24923.19,7.477,4773.4723
896.45,425.993,182.8,32.4104,552.31,140.839,308.9,586.91,20508.76,6.1526,1192.305
8326.0,3956.5152,396.37,70.2764,1553.0,396.015,139.67,265.373,43990.87,13.1973,4701.3769
2182.15,1036.9577,1433.21,254.1081,538.83,137.4017,328.29,623.751,11232.09,3.3696,2055.5881
4208.53,1999.8935,146.67,26.0046,78.23,19.9487,154.54,293.626,27191.41,8.1574,2347.6302
2636.03,1252.6415,449.37,79.6733,563.97,143.8124,117.19,222.661,48853.11,14.6559,1713.4441
5329.69,2532.6687,1630.82,289.1444,1792.6,457.113,192.01,364.819,34080.53,10.2242,3653.9693
1418.08,673.8716,13.42,2.3794,426.34,108.7167,141.28,268.432,19224.97,5.7675,1059.1672
5221.98,2481.4849,1477.15,261.8987,194.36,49.5618,154.68,293.892,4727.06,1.4181,3088.2555
6979.79,3316.7962,1869.74,331.5049,924.29,235.694,12.96,24.624,1158.02,0.3474,3908.9665
2028.63,964.005,1870.04,331.5581,593.86,151.4343,67.88,128.972,37122.29,11.1367,1587.1061
8979.51,4267.0632,719.11,127.4982,1259.35,321.1343,279.15,530.385,48451.95,14.5356,5260.6163
3943.79,1874.089,786.82,139.5032,318.65,81.2557,120.5,228.95,19022.74,5.7068,2329.5047
8130.51,3863.6184,1010.56,179.1723,1734.69,442.346,394.8,750.12,29850.04,8.955,5244.2117
8313.23,3950.4469,882.0,156.3786,567.44,144.6972,81.2,154.28,40820.41,12.2461,4418.0488
7893.78,3751.1243,677.98,120.2059,1639.65,418.1108,444.14,843.866,25954.81,7.7864,5141.0934
9222.97,4382.7553,607.52,107.7133,1773.66,452.2833,112.24,213.256,6510.2,1.9531,5157.961
7605.26,3614.0196,164.13,29.1002,1694.52,432.1026,359.93,683.867,7874.9,2.3625,4761.4519
725.55,344.7814,811.83,143.9375,218.1,55.6155,329.51,626.069,17535.55,5.2607,1175.6641
717.02,340.7279,1188.89,210.7902,757.65,193.2007,387.78,736.782,41904.91,12.5715,1494.0723
1262.0,599.7024,1382.86,245.1811,1506.62,384.1881,367.49,698.231,38838.62,11.6516,1938.9542
163.41,77.6524,1865.86,330.817,590.35,150.5393,14.65,27.835,27366.79,8.21,595.0537
2815.41,1337.8828,1594.01,282.618,803.27,204.8339,158.2,300.58,12214.78,3.6644,2129.5791
2351.49,1117.428,1355.8,240.3833,486.95,124.1723,118.03,224.257,25826.61,7.748,1713.9886
8094.12,3846.3258,1620.93,287.3909,1503.7,383.4435,351.37,667.603,9739.75,2.9219,5187.6851
2838.07,1348.6509,1388.48,246.1775,568.76,145.0338,315.37,599.203,31605.51,9.4817,2348.5469
448.26,213.0132,1501.83,266.2745,852.47,217.3799,269.87,512.753,1484.99,0.4455,1209.8661
5865.44,2787.2571,1497.49,265.505,443.37,113.0594,337.0,640.3,36272.79,10.8818,3817.0033
528.49,251.1384,1879.43,333.2229,125.01,31.8776,117.25,222.775,17475.28,5.2426,844.2565
8630.34,4101.1376,1899.78,336.831,1488.61,379.5956,211.2,401.28,30697.86,9.2094,5228.0536
9450.92,4491.0772,486.84,86.3167,1751.18,446.5509,403.37,766.403,11865.8,3.5597,5793.9075
9808.12,4660.8186,460.49,81.6449,1673.56,426.7578,28.34,53.846,21389.01,6.4167,5229.484
9306.87,4422.6246,647.1,114.7308,48.81,12.4466,168.73,320.587,9483.68,2.8451,4873.2341
6842.02,3251.3279,1014.63,179.8939,1832.8,467.364,9.54,18.126,14458.44,4.3375,3921.0493
7175.71,3409.8974,184.68,32.7438,777.32,198.2166,411.71,782.249,43801.21,13.1404,4436.2472
2339.02,1111.5023,495.19,87.7972,1383.51,352.7951,242.03,459.857,37948.85,11.3847,2023.3363
8840.35,4200.9343,845.2,149.854,1416.19,361.1285,316.9,602.11,2834.84,0.8505,5314.8773
6660.57,3165.1029,834.68,147.9888,1475.76,376.3188,208.74,396.606,30577.65,9.1733,4095.1898
7855.08,3732.734,430.97,76.411,518.61,132.2456,257.57,489.383,11521.31,3.4564,4434.23
2842.51,1350.7608,1873.43,332.1591,760.2,193.851,480.02,912.038,8524.02,2.5572,2791.3661
4160.63,1977.1314,29.37,5.2073,1805.14,460.3107,387.82,736.858,28919.19,8.6758,3188.1832
3462.98,1645.6081,517.35,91.7262,1382.45,352.5248,322.14,612.066,32422.65,9.7268,2711.6519
3901.77,1854.1211,1039.32,184.2714,1254.99,320.0224,408.46,776.074,47420.22,14.2261,3148.715
8076.95,3838.1666,1641.77,291.0858,1863.68,475.2384,465.74,884.906,2594.34,0.7783,5490.1751
2531.6,1203.0163,1369.79,242.8638,1016.17,259.1234,132.94,252.586,33866.9,10.1601,1967.7496
6829.12,3245.1978,1455.13,257.9945,1230.29,313.724,337.4,641.06,47904.32,14.3713,4472.3476
8291.64,3940.1873,1026.85,182.0605,481.28,122.7264,183.26,348.194,42170.14,12.651,4605.8192
1227.2,583.1654,110.42,19.5775,1769.44,451.2072,131.63,250.097,1486.38,0.4459,1304.493
4260.15,2024.4233,456.4,80.9197,674.38,171.9669,425.3,808.07,5921.62,1.7765,3087.1564
3379.04,1605.7198,1586.67,281.3166,1905.86,485.9943,123.22,234.118,1801.93,0.5406,2607.6893
7858.81,3734.5065,757.79,134.3562,1330.74,339.3387,17.72,33.668,34162.32,10.2487,4252.1181
7592.68,3608.0415,1259.11,223.2402,912.77,232.7563,132.68,252.092,11997.42,3.5992,4319.7292
6431.42,3056.2108,1374.52,243.7024,87.06,22.2003,139.85,265.715,46477.81,13.9433,3601.7718
6528.22,3102.2101,157.63,27.9478,636.54,162.3177,180.35,342.665,43560.98,13.0683,3648.2089
1360.38,646.4526,1250.12,221.6463,84.04,21.4302,231.25,439.375,13337.96,4.0014,1332.9055
4139.18,1966.9383,827.99,146.8026,439.64,112.1082,241.4,458.66,48396.74,14.519,2699.0281
8948.3,4252.2322,1565.7,277.5986,474.31,120.949,435.67,827.773,6314.89,1.8945,5480.4473
805.12,382.593,658.97,116.8354,399.97,101.9924,494.98,940.462,43111.58,12.9335,1554.8163
977.72,464.6125,915.31,162.2845,990.5,252.5775,300.01,570.019,30961.06,9.2883,1458.7818
7546.45,3586.073,873.49,154.8698,732.41,186.7645,227.83,432.877,17016.34,5.1049,4365.6892
6930.46,3293.3546,391.42,69.3988,290.26,74.0163,10.37,19.703,15470.38,4.6411,3461.1138
1212.35,576.1087,684.17,121.3033,1052.02,268.2651,14.92,28.348,44724.3,13.4173,1007.4424
4811.52,2286.4343,981.86,174.0838,1376.53,351.0152,379.41,720.879,13464.38,4.0393,3536.4516
8377.34,3980.912,1948.17,345.4105,51.69,13.1809,416.97,792.243,42727.5,12.8182,5144.5646
8144.95,3870.4802,143.32,25.4106,920.56,234.7428,427.49,812.231,1372.69,0.4118,4943.2764
1626.96,773.1314,535.84,95.0044,1396.11,356.008,134.67,255.873,16693.67,5.0081,1485.0249
8231.74,3911.7228,70.32,12.4677,1051.01,268.0075,390.06,741.114,31122.49,9.3367,4942.6487
6481.76,3080.1324,473.63,83.9746,1007.85,257.0018,86.94,165.186,2195.73,0.6587,3586.9535
4788.43,2275.4619,1854.7,328.8383,340.94,86.9397,378.8,719.72,8598.16,2.5794,3413.5393
8154.39,3874.9661,350.45,62.1348,1124.05,286.6327,474.59,901.721,26967.1,8.0901,5133.5447
8874.15,4216.9961,608.9,107.958,677.59,172.7854,474.39,901.341,45749.97,13.725,5412.8055
5981.63,2842.4706,1532.61,271.7318,588.82,150.1491,135.23,256.937,32603.69,9.7811,3531.0696
5418.5,2574.8712,745.68,132.2091,679.8,173.349,299.02,568.138,49421.55,14.8265,3463.3938
4726.82,2246.1849,193.83,34.3661,145.31,37.0541,358.57,681.283,31523.12,9.4569,3008.345
2245.74,1067.1756,1051.41,186.415,401.98,102.5049,428.8,814.72,9963.3,2.989,2173.8045
1627.56,773.4165,1244.09,220.5772,1011.62,257.9631,78.57,149.283,10065.22,3.0196,1404.2594
3309.5,1572.6744,11.94,2.117,1643.44,419.0772,479.16,910.404,13878.38,4.1635,2908.4361
1885.86,896.1607,649.2,115.1032,1825.91,465.6071,206.32,392.008,3447.25,1.0342,1869.9132
5574.23,2648.8741,1667.91,295.7204,157.55,40.1753,200.56,381.064,15841.1,4.7523,3370.5861
4744.77,2254.7147,1015.16,179.9879,1611.35,410.8942,71.11,135.109,7892.47,2.3677,2983.0735
4366.52,2074.9703,1589.74,281.8609,189.33,48.2792,442.11,840.009,36940.63,11.0822,3256.2016
4513.47,2144.8009,1727.92,306.3602,173.6,44.268,12.81,24.339,31200.28,9.3601,2529.1282
423.18,201.0951,1353.94,240.0536,285.71,72.856,199.22,378.518,1081.78,0.3245,892.8472
7602.84,3612.8696,1145.2,203.044,137.68,35.1084,318.19,604.561,33429.56,10.0289,4465.6119
9037.17,4294.4632,973.32,172.5696,1606.65,409.6958,247.34,469.946,29844.53,8.9534,5355.628
4018.07,1909.3869,902.09,159.9406,1286.39,328.0295,405.43,770.317,42465.78,12.7397,3180.4137
4728.34,2246.9072,943.14,167.2187,544.9,138.9495,343.49,652.631,4832.91,1.4499,3207.1563
7815.32,3713.8401,1269.75,225.1267,277.88,70.8594,197.3,374.87,14814.0,4.4442,4389.1404
5315.26,2525.8116,1712.86,303.6901,377.99,96.3875,168.91,320.929,10940.31,3.2821,3250.1003
3977.25,1889.9892,1526.81,270.7034,116.53,29.7152,254.44,483.436,45006.7,13.502,2687.3458
6383.41,3033.3964,502.95,89.173,348.99,88.9925,62.18,118.142,12492.36,3.7477,3333.4516
2257.23,1072.6357,1103.45,195.6417,1337.63,341.0957,314.39,597.341,38046.99,11.4141,2218.1282
5875.76,2792.1612,1001.25,177.5216,1422.03,362.6177,154.86,294.234,12532.53,3.7598,3630.2943
9279.69,4409.7087,1009.42,178.9702,659.52,168.1776,140.89,267.691,28044.7,8.4134,5032.9609
4335.12,2060.049,917.04,162.5912,643.18,164.0109,212.45,403.655,18610.6,5.5832,2795.8893
2153.61,1023.3955,737.97,130.8421,1337.73,341.1212,302.41,574.579,28309.34,8.4928,2078.4306
2286.05,1086.331,591.29,104.8357,700.84,178.7142,286.58,544.502,5556.91,1.6671,1916.05
9183.17,4363.8424,930.51,164.9794,1051.38,268.1019,306.65,582.635,36718.86,11.0157,5390.5744
8863.86,4212.1063,303.57,53.823,50.41,12.8545,427.5,812.25,36453.84,10.9362,5101.97
3060.38,1454.2926,534.32,94.7349,285.34,72.7617,11.39,21.641,28661.12,8.5983,1652.0285
9189.11,4366.6651,276.1,48.9525,1982.8,505.614,375.32,713.108,24463.53,7.3391,5641.6787
4723.13,2244.4314,1592.11,282.2811,1621.99,413.6075,376.92,716.148,1359.37,0.4078,3656.8758
4317.93,2051.8803,1422.44,252.1986,81.29,20.729,83.21,158.099,14899.71,4.4699,2487.3768
4772.28,2267.7875,761.65,135.0405,299.02,76.2501,495.81,942.039,9725.17,2.9176,3424.0347
7139.77,3392.8187,1315.97,233.3215,873.57,222.7604,52.19,99.161,49178.24,14.7535,3962.8151
6068.84,2883.9128,861.75,152.7883,873.57,222.7604,212.69,404.111,22685.94,6.8058,3670.3783
5167.77,2455.7243,980.65,173.8692,1921.4,489.957,179.49,341.031,39917.97,11.9754,3472.5569
2677.99,1272.5808,1798.72,318.9131,880.27,224.4689,95.98,182.362,27403.53,8.2211,2006.5459
2410.01,1145.2368,278.15,49.316,1969.43,502.2047,66.1,125.59,44847.92,13.4544,1835.8019
9569.34,4547.3504,979.54,173.6724,970.46,247.4673,415.04,788.576,26822.73,8.0468,5765.1129
8823.05,4192.7134,767.23,136.0299,1563.32,398.6466,463.5,880.65,32734.61,9.8204,5617.8603
9636.12,4579.0842,587.33,104.1336,472.01,120.3625,289.71,550.449,45734.21,13.7203,5367.7496
803.77,381.9515,1007.66,178.6581,1036.13,264.2132,154.54,293.626,34415.31,10.3246,1128.7734
796.9,378.6869,1006.14,178.3886,1364.22,347.8761,423.92,805.448,44312.46,13.2937,1723.6933
2605.98,1238.3617,79.01,14.0085,520.93,132.8371,138.97,264.043,41121.69,12.3365,1661.5868
6858.82,3259.3113,453.36,80.3807,410.28,104.6214,26.75,50.825,19412.64,5.8238,3500.9622
828.38,393.6462,150.67,26.7138,1338.87,341.4118,244.0,463.6,37872.1,11.3616,1236.7334
8952.95,4254.4418,951.22,168.6513,1696.61,432.6355,368.64,700.416,9487.77,2.8463,5558.9909
4904.0,2330.3808,527.7,93.5612,305.6,77.928,187.4,356.06,14615.83,4.3847,2862.3147
4741.84,2253.3224,615.87,109.1938,244.15,62.2583,230.96,438.824,34188.49,10.2565,2873.855
6998.75,3325.806,1312.5,232.7063,1459.51,372.175,355.08,674.652,13590.19,4.0771,4609.4164
1277.16,606.9064,954.6,169.2506,1911.87,487.5268,312.35,593.465,7692.73,2.3078,1859.4566
9651.34,4586.3168,883.25,156.6002,1101.6,280.908,372.52,707.788,26597.85,7.9794,5739.5924
6076.19,2887.4055,85.46,15.1521,1394.77,355.6664,276.21,524.799,38834.9,11.6505,3794.6735
3107.42,1476.646,424.72,75.3029,973.88,248.3394,204.49,388.531,32391.43,9.7174,2198.5367
3576.21,1699.415,630.35,111.7611,921.32,234.9366,287.61,546.459,47910.14,14.373,2606.9447
2352.17,1117.7512,1479.64,262.3402,135.99,34.6775,106.08,201.552,12270.54,3.6812,1620.0021
4605.93,2188.7379,130.0,23.049,144.69,36.8959,354.1,672.79,44141.37,13.2424,2934.7152
5533.84,2629.6808,1132.96,200.8738,1202.43,306.6197,128.62,244.378,44963.03,13.4889,3395.0412
8469.56,4024.7349,1686.13,298.9508,924.06,235.6353,202.61,384.959,26248.4,7.8745,4952.1545
6601.42,3136.9948,1348.54,239.0961,1106.87,282.2518,369.42,701.898,17099.79,5.1299,4365.3706
9697.3,4608.157,922.66,163.5876,562.75,143.5012,136.27,258.913,10884.52,3.2654,5177.4242
5543.02,2634.0431,1291.11,228.9138,968.96,247.0848,499.74,949.506,13331.07,3.9993,4063.547
5617.25,2669.3172,11.72,2.078,1211.43,308.9146,314.13,596.847,36800.16,11.04,3588.1968
9185.15,4364.7833,1934.95,343.0666,1228.26,313.2063,385.43,732.317,24450.96,7.3353,5760.7085
3392.96,1612.3346,1452.44,257.5176,184.1,46.9455,315.7,599.83,16389.76,4.9169,2521.5446
9910.32,4709.3841,310.87,55.1173,251.13,64.0382,324.82,617.158,12627.63,3.7883,5449.4859
4327.23,2056.2997,690.85,122.4877,694.38,177.0669,165.72,314.868,35310.65,10.5932,2681.3155
7406.35,3519.4975,304.21,53.9364,765.16,195.1158,9.79,18.601,35643.84,10.6932,3797.8439
8445.68,4013.3871,832.71,147.6395,591.29,150.7789,172.31,327.389,10687.53,3.2063,4642.4008
7251.67,3445.9936,1205.66,213.7635,282.99,72.1625,432.23,821.237,1374.78,0.4124,4553.569
6801.72,3232.1773,1243.61,220.4921,29.99,7.6475,96.92,184.148,14360.33,4.3081,3648.773
9439.47,4485.6361,1517.67,269.0829,129.43,33.0047,252.56,479.864,17953.69,5.3861,5272.9738
5184.56,2463.7029,880.0,156.024,1525.59,389.0254,280.92,533.748,48252.71,14.4758,3556.9761
6908.55,3282.943,633.15,112.2575,1321.98,337.1049,142.41,270.579,4154.87,1.2465,4004.1309
6692.72,3180.3805,1981.86,351.3838,704.11,179.5481,56.73,107.787,18393.78,5.5181,3824.6175
7832.69,3722.0943,26.82,4.7552,1608.99,410.2925,441.89,839.591,23347.28,7.0042,4983.7372
3930.21,1867.6358,197.37,34.9937,1054.55,268.9103,94.32,179.208,1651.81,0.4955,2351.2433
6897.69,3277.7823,728.46,129.156,55.87,14.2469,162.06,307.914,31793.37,9.538,3738.6372
5239.42,2489.7724,349.5,61.9664,930.8,237.354,357.81,679.839,45436.32,13.6309,3482.5627
492.12,233.8554,1542.32,273.4533,1621.95,413.5973,75.13,142.747,13871.02,4.1613,1067.8143
2209.75,1050.0732,148.29,26.2918,1632.05,416.1728,439.69,835.411,33075.37,9.9226,2337.8714
4685.3,2226.4546,766.84,135.9607,1555.73,396.7112,349.15,663.385,47653.99,14.2962,3436.8077
416.22,197.7877,691.73,122.6437,792.31,202.0391,138.57,263.283,33400.7,10.0202,795.7737
7908.8,3758.2618,553.41,98.1196,524.54,133.7577,325.91,619.229,28149.83,8.4449,4617.813
6838.17,3249.4984,1155.81,204.9251,189.24,48.2562,121.1,230.09,25884.75,7.7654,3740.5351
1883.09,894.8444,1623.66,287.8749,732.87,186.8819,423.59,804.821,46824.21,14.0473,2188.4695
2363.75,1123.254,1748.93,310.0853,1296.97,330.7274,343.38,652.422,22561.23,6.7684,2423.2571
7766.31,3690.5505,1247.74,221.2243,1521.28,387.9264,15.39,29.241,47879.51,14.3639,4343.3061
6376.38,3030.0558,963.04,170.747,1188.12,302.9706,487.34,925.946,16324.35,4.8973,4434.6167
2260.52,1074.1991,155.09,27.4975,1755.64,447.6882,347.35,659.965,25112.05,7.5336,2216.8834
2525.27,1200.0083,1876.95,332.7832,1258.59,320.9404,362.62,688.978,3421.96,1.0266,2543.7365
3186.35,1514.1535,958.55,169.9509,134.62,34.3281,12.1,22.99,14295.65,4.2887,1745.7112
841.42,399.8428,1360.43,241.2042,159.62,40.7031,161.08,306.052,24386.89,7.3161,995.1182
8699.96,4134.221,1230.67,218.1978,219.79,56.0465,7.33,13.927,19348.3,5.8045,4428.1968
4202.05,1996.8142,425.66,75.4695,1104.86,281.7393,314.41,597.379,8884.16,2.6652,2954.0672
5353.69,2544.0735,343.5,60.9026,798.92,203.7246,466.64,886.616,9913.42,2.974,3698.2907
1003.06,476.6541,1828.45,324.1842,1296.61,330.6355,80.78,153.482,26063.05,7.8189,1292.7747
5482.17,2605.1272,285.07,50.5429,83.34,21.2517,420.87,799.653,40558.73,12.1676,3488.7424
6693.76,3180.8748,118.43,20.9976,550.51,140.3801,253.79,482.201,3279.96,0.984,3825.4375
9920.85,4714.3879,96.68,17.1414,1188.81,303.1465,450.14,855.266,32002.26,9.6007,5899.5425
2157.1,1025.0539,618.59,109.676,301.63,76.9156,478.63,909.397,47766.98,14.3301,2135.3726
3482.64,1654.9505,972.05,172.3445,50.9,12.9795,165.77,314.963,22220.02,6.666,2161.9035
3728.39,1771.7309,416.39,73.8259,1851.51,472.135,360.48,684.912,31740.06,9.522,3012.1258
5411.29,2571.445,1114.98,197.686,1014.65,258.7357,312.28,593.332,9754.21,2.9263,3624.125
7666.6,3643.1683,1782.74,316.0798,151.43,38.6147,471.26,895.394,27468.95,8.2407,4901.4975
411.59,195.5876,615.55,109.137,1732.65,441.8258,454.11,862.809,39045.23,11.7136,1621.073
3442.26,1635.762,1315.19,233.1832,44.95,11.4623,468.4,889.96,30826.09,9.2478,2779.6153
8367.43,3976.2027,814.93,144.4871,54.38,13.8669,305.37,580.203,44850.62,13.4552,4728.2149
7263.95,3451.829,1394.86,247.3087,678.24,172.9512,252.7,480.13,28722.14,8.6166,4360.8355
4382.25,2082.4452,1577.92,279.7652,978.9,249.6195,298.77,567.663,32367.59,9.7103,3189.2032
1174.92,558.322,1089.53,193.1737,1033.14,263.4507,490.69,932.311,42611.78,12.7835,1960.0409
7194.92,3419.026,817.34,144.9144,1119.78,285.5439,486.56,924.464,11172.61,3.3518,4777.3001
3517.5,1671.516,168.71,29.9123,1288.34,328.5267,492.1,934.99,31053.24,9.316,2974.261
7410.31,3521.3793,1574.07,279.0826,934.53,238.3051,485.13,921.747,45130.67,13.5392,4974.0532
2096.25,996.138,778.37,138.005,178.97,45.6373,89.55,170.145,40931.72,12.2795,1362.2048
7159.69,3402.2847,1355.21,240.2787,478.94,122.1297,238.07,452.333,24751.29,7.4254,4224.4515
362.05,172.0462,369.23,65.4645,561.04,143.0652,174.34,331.246,42392.59,12.7178,724.5397
8975.82,4265.3097,698.85,123.9061,691.75,176.3963,455.31,865.089,26690.62,8.0072,5438.7083
7898.38,3753.3102,1093.76,193.9236,824.77,210.3163,392.93,746.567,5765.14,1.7295,4905.8466
1898.0,901.9296,448.67,79.5492,1454.69,370.946,311.83,592.477,30367.45,9.1102,1954.012
9082.63,4316.0658,659.2,116.8762,1591.98,405.9549,384.9,731.31,12395.58,3.7187,5573.9256
9745.89,4631.2469,1468.95,260.4448,1150.01,293.2525,297.36,564.984,20533.29,6.16,5756.0882
5295.58,2516.4596,1932.46,342.6252,1356.72,345.9636,237.64,451.516,44994.77,13.4984,3670.0628
8257.66,3924.04,1442.73,255.796,556.14,141.8157,158.64,301.416,7339.82,2.2019,4625.2696
9811.67,4662.5056,1102.81,195.5282,831.66,212.0733,428.73,814.587,14375.62,4.3127,5889.0068
9361.19,4448.4375,1935.84,343.2244,1083.19,276.2135,340.47,646.893,25210.47,7.5631,5722.3315
1310.94,622.9587,618.57,109.6725,675.76,172.3188,143.59,272.821,16052.07,4.8156,1182.5866
5572.94,2648.2611,413.41,73.2976,260.48,66.4224,22.59,42.921,35980.8,10.7942,2841.6963
9341.53,4439.0951,1030.85,182.7697,1183.93,301.9022,206.84,392.996,42949.03,12.8847,5329.6477
6524.07,3100.2381,229.95,40.7701,54.5,13.8975,74.13,140.847,8632.99,2.5899,3298.3426
2538.21,1206.1574,28.04,4.9715,153.13,39.0481,143.67,272.973,4115.67,1.2347,1524.3847
9705.47,4612.0393,1338.84,237.3763,1574.74,401.5587,276.37,525.103,23873.42,7.162,5783.2393
8763.61,4164.4675,438.21,77.6946,955.53,243.6601,71.62,136.078,25255.04,7.5765,4629.4767
2393.23,1137.2629,1955.51,346.7119,370.83,94.5617,151.5,287.85,30031.86,9.0096,1875.3961
2101.43,998.5995,875.27,155.1854,443.63,113.1257,83.84,159.296,42475.22,12.7426,1438.9492
1517.52,721.1255,724.78,128.5035,1404.73,358.2062,39.12,74.328,48823.94,14.6472,1296.8104
8224.19,3908.1351,59.57,10.5618,1356.21,345.8336,224.35,426.265,16119.54,4.8359,4695.6314
9781.02,4647.9407,939.32,166.5414,1928.04,491.6502,89.12,169.328,19268.58,5.7806,5481.2409
736.74,350.0988,1437.84,254.929,1719.3,438.4215,129.52,246.088,2118.09,0.6354,1290.1727
534.46,253.9754,178.43,31.6356,1124.05,286.6327,293.13,556.947,35540.71,10.6622,1139.8529
4753.68,2258.9487,905.42,160.531,1131.27,288.4739,374.33,711.227,27485.76,8.2457,3427.4263
9318.81,4428.2985,947.05,167.912,952.87,242.9819,125.63,238.697,32569.65,9.7709,5087.6603
952.45,452.6042,378.43,67.0956,729.95,186.1373,314.78,598.082,20633.97,6.1902,1310.1093
3030.87,1440.2694,1460.03,258.8633,641.85,163.6718,252.96,480.624,20423.27,6.127,2349.5555
4818.51,2289.756,1119.68,198.5193,728.36,185.7318,67.46,128.174,21000.9,6.3003,2808.4814
4989.62,2371.0674,1256.97,222.8608,1498.07,382.0078,234.27,445.113,39483.94,11.8452,3432.8942
6960.79,3307.7674,537.46,95.2917,1947.15,496.5233,220.32,418.608,20740.51,6.2222,4324.4126
1619.77,769.7147,81.61,14.4695,1964.98,501.0699,499.34,948.746,28711.88,8.6136,2242.6137
1466.47,696.8665,1706.35,302.5359,519.43,132.4546,143.74,273.106,37839.32,11.3518,1416.3148
7052.45,3351.3242,167.79,29.7492,1035.56,264.0678,22.51,42.769,24262.24,7.2787,3695.1889
4736.11,2250.5995,1038.59,184.142,1508.27,384.6089,268.37,509.903,41139.64,12.3419,3341.5953
4320.19,2052.9543,1498.33,265.6539,1112.17,283.6034,284.59,540.721,22264.11,6.6792,3149.6118
3420.47,1625.4073,1336.99,237.0483,1937.99,494.1875,194.52,369.588,25779.1,7.7337,2733.9648
5715.27,2715.8963,1739.94,308.4914,251.69,64.1809,393.25,747.175,16365.62,4.9097,3840.6533
2773.38,1317.9102,1621.7,287.5274,182.52,46.5426,338.39,642.941,7405.52,2.2217,2297.1429
8178.06,3886.2141,242.79,43.0467,1540.32,392.7816,129.61,246.259,14796.49,4.4389,4572.7403
2542.79,1208.3338,1774.86,314.6827,523.66,133.5333,181.88,345.572,4688.08,1.4064,2003.5282
8797.29,4180.4722,444.29,78.7726,259.4,66.147,327.42,622.098,44604.2,13.3813,4960.8711
7801.94,3707.4819,496.15,87.9674,775.98,197.8749,34.18,64.942,36421.36,10.9264,4069.1926
4807.34,2284.448,1317.14,233.5289,1824.1,465.1455,381.55,724.945,7755.77,2.3267,3710.3941
9491.75,4510.4796,633.53,112.3249,1319.44,336.4572,313.5,595.65,3727.57,1.1183,5556.03
3057.06,1452.7149,72.03,12.7709,685.66,174.8433,33.33,63.327,12612.78,3.7838,1707.4399
3947.97,1876.0753,606.93,107.6087,833.46,212.5323,278.67,529.473,44052.63,13.2158,2738.9051
9820.26,4666.5876,1460.0,258.858,1265.95,322.8173,40.6,77.14,17760.03,5.328,5330.7309
8296.17,3942.34,1746.37,309.6314,1666.56,424.9728,335.79,638.001,46046.13,13.8138,5328.759
2136.33,1015.184,943.93,167.3588,273.77,69.8113,420.99,799.881,40576.79,12.173,2064.4081
7634.57,3627.9477,1453.26,257.663,1531.85,390.6217,116.0,220.4,30828.29,9.2485,4505.8809
6770.88,3217.5222,1562.85,277.0933,739.56,188.5878,473.91,900.429,39509.07,11.8527,4595.485
2297.04,1091.5534,693.84,123.0178,784.39,200.0195,313.36,595.384,33324.63,9.9974,2019.9721
6022.59,2861.9348,1158.09,205.3294,519.56,132.4878,159.72,303.468,4833.0,1.4499,3504.6699
734.28,348.9299,1295.29,229.6549,1845.09,470.498,216.43,411.217,38973.38,11.692,1471.9918
178.12,84.6426,439.31,77.8897,1413.72,360.4986,408.41,775.979,40357.13,12.1071,1311.117
7879.02,3744.1103,667.62,118.369,629.16,160.4358,246.72,468.768,9455.02,2.8365,4494.5196
4846.86,2303.2279,1268.07,224.8288,561.52,143.1876,451.47,857.793,46468.36,13.9405,3542.9778
3023.78,1436.9003,1801.96,319.4875,1655.96,422.2698,122.09,231.971,37317.87,11.1954,2421.824
7971.97,3788.2801,567.17,100.5592,1752.62,446.9181,396.26,752.894,1498.5,0.4495,5089.1009
4444.1,2111.8363,365.08,64.7287,1645.96,419.7198,314.09,596.771,37035.08,11.1105,3204.1663
1768.79,840.529,172.35,30.5577,1771.12,451.6356,167.34,317.946,39097.65,11.7293,1652.3976
7037.88,3344.4006,1941.03,344.1446,1806.0,460.53,83.37,158.403,31999.39,9.5998,4317.078
5873.66,2791.1632,1052.7,186.6437,1527.42,389.4921,12.85,24.415,8286.82,2.486,3394.2
6968.86,3311.6023,1172.36,207.8594,221.86,56.5743,73.8,140.22,18654.98,5.5965,3721.8525
6044.13,2872.1706,1531.53,271.5403,449.03,114.5026,170.57,324.083,20014.66,6.0044,3588.3009
5228.08,2484.3836,1382.86,245.1811,1672.52,426.4926,261.7,497.23,1903.89,0.5712,3653.8585
8416.35,3999.4495,927.2,164.3926,1259.49,321.17,471.65,896.135,43228.83,12.9686,5394.1157
7786.5,3700.1448,1620.69,287.3483,142.46,36.3273,394.5,749.55,24355.24,7.3066,4780.677
2634.66,1251.9904,106.33,18.8523,31.96,8.1498,137.41,261.079,20696.5,6.2089,1546.2804
5688.26,2703.0612,720.77,127.7925,1457.08,371.5554,129.64,246.316,32099.15,9.6297,3458.3548
1035.27,491.9603,1274.32,225.9369,1062.04,270.8202,296.1,562.59,18182.28,5.4547,1556.7621
8422.96,4002.5906,1629.34,288.882,66.64,16.9932,284.4,540.36,48647.18,14.5942,4863.42
2138.22,1016.0821,1701.48,301.6724,1619.37,412.9393,232.8,442.32,11781.01,3.5343,2176.5481
1719.1,816.9163,1604.7,284.5133,1882.94,480.1497,499.6,949.24,33491.72,10.0475,2540.8668
7040.92,3345.8452,342.44,60.7146,1131.97,288.6524,480.94,913.786,3971.29,1.1914,4610.1896
8581.05,4077.715,744.36,131.975,1368.87,349.0618,194.32,369.208,25148.22,7.5445,4935.5043
5918.29,2812.3714,548.61,97.2686,1306.62,333.1881,260.68,495.292,18990.47,5.6971,3743.8172
7317.67,3477.3568,1283.68,227.5965,1768.97,451.0874,349.4,663.86,47277.62,14.1833,4834.084
838.98,398.6833,1140.44,202.2,245.81,62.6816,115.63,219.697,9782.18,2.9347,886.1966
2024.26,961.9284,1176.6,208.6112,1098.7,280.1685,480.54,913.026,21618.76,6.4856,2370.2197
5026.71,2388.6926,498.35,88.3575,41.33,10.5391,297.12,564.528,44419.8,13.3259,3065.4431
511.32,242.9793,1817.34,322.2144,1242.45,316.8247,302.17,574.123,43992.98,13.1979,1469.3393
3553.16,1688.4616,1585.97,281.1925,275.32,70.2066,84.03,159.657,41666.95,12.5001,2212.0178
9572.41,4548.8092,1776.81,315.0284,203.77,51.9614,63.51,120.669,40534.07,12.1602,5048.6282
632.11,300.3787,682.98,121.0924,571.82,145.8141,355.41,675.279,1993.77,0.5981,1243.1623
9434.84,4483.436,1704.53,302.2132,1258.44,320.9022,246.8,468.92,33796.45,10.1389,5585.6103
1297.41,616.5292,983.0,174.2859,416.68,106.2534,91.29,173.451,6640.47,1.9921,1072.5116
120.01,57.0288,1489.77,264.1362,600.48,153.1224,467.85,888.915,4647.58,1.3943,1364.5967
2046.58,972.5348,874.07,154.9726,1748.01,445.7425,243.52,462.688,21729.64,6.5189,2042.4568
2427.38,1153.491,75.7,13.4216,667.55,170.2252,184.12,349.828,25394.07,7.6182,1694.584
5556.32,2640.3633,815.47,144.5828,264.23,67.3787,312.22,593.218,16445.57,4.9337,3450.4765
3561.73,1692.5341,293.5,52.0376,928.54,236.7777,37.64,71.516,39427.65,11.8283,2064.6937
8951.5,4253.7528,505.19,89.5702,1243.24,317.0262,369.1,701.29,37111.52,11.1335,5372.7727
1036.42,492.5068,1264.81,224.2508,599.12,152.7756,463.69,881.011,37026.08,11.1078,1761.652
9655.85,4588.4599,107.12,18.9924,1686.28,430.0014,204.37,388.303,18557.05,5.5671,5431.3238
6607.01,3139.6512,342.16,60.665,299.54,76.3827,470.75,894.425,30091.49,9.0274,4180.1513
4475.57,2126.7909,180.71,32.0399,510.98,130.2999,365.07,693.633,4039.6,1.2119,2983.9756
7708.12,3662.8986,123.56,21.9072,688.58,175.5879,372.58,707.902,25477.84,7.6434,4575.9391
3011.72,1431.1693,1109.15,196.6523,1000.84,255.2142,129.12,245.328,32652.46,9.7957,2138.1595
206.66,98.2048,1874.28,332.3098,290.9,74.1795,402.14,764.066,19640.53,5.8922,1274.6523
8932.61,4244.7763,810.75,143.746,1897.09,483.7579,247.01,469.319,44395.25,13.3186,5354.9178
1281.51,608.9736,124.1,22.0029,544.57,138.8654,450.06,855.114,1098.32,0.3295,1625.2854
3104.39,1475.2061,858.08,152.1376,1373.6,350.268,267.52,508.288,39394.65,11.8184,2497.7181
2525.49,1200.1128,935.7,165.8996,792.43,202.0696,278.26,528.694,38073.32,11.422,2108.198
7889.47,3749.0761,1219.34,216.189,1265.22,322.6311,450.85,856.615,48913.99,14.6742,5159.1854
1353.4,643.1357,749.74,132.9289,1709.8,435.999,311.83,592.477,14139.75,4.2419,1808.7825
5102.51,2424.7128,1785.47,316.5638,629.77,160.5914,249.5,474.05,17485.7,5.2457,3381.1637
9922.79,4715.3098,211.66,37.5273,580.66,148.0683,355.38,675.222,27497.58,8.2493,5584.3767
3466.97,1647.5041,1648.49,292.2773,302.62,77.1681,198.39,376.941,21644.39,6.4933,2400.3838
3979.87,1891.2342,1370.07,242.9134,944.97,240.9674,17.22,32.718,28790.27,8.6371,2416.4701
4043.94,1921.6803,594.9,105.4758,889.68,226.8684,134.68,255.892,36971.73,11.0915,2521.008
3003.16,1427.1016,1731.82,307.0517,1517.02,386.8401,193.26,367.194,3294.74,0.9884,2489.1758
8349.8,3967.825,388.47,68.8757,1082.71,276.091,205.88,391.172,20213.83,6.0641,4710.0278
2717.65,1291.4273,1710.21,303.2202,1576.08,401.9004,292.54,555.826,35577.73,10.6733,2563.0472
8244.32,3917.7009,1213.01,215.0667,1316.7,335.7585,155.11,294.709,25668.68,7.7006,4770.9357
9802.76,4658.2716,1721.42,305.2078,1754.64,447.4332,329.58,626.202,47057.59,14.1173,6051.2319
8201.88,3897.5334,37.17,6.5902,1561.49,398.18,303.17,576.023,39639.53,11.8919,4890.2185
889.78,422.8235,859.62,152.4106,811.78,207.0039,189.81,360.639,23298.79,6.9896,1149.8666
5766.41,2740.198,432.41,76.6663,1085.52,276.8076,251.93,478.667,14845.18,4.4536,3576.7925
5574.45,2648.9786,1970.41,349.3537,1371.94,349.8447,256.35,487.065,35780.0,10.734,3845.976
9610.9,4567.0997,1913.68,339.2955,24.4,6.222,286.28,543.932,15667.16,4.7001,5461.2493
394.02,187.2383,1541.81,273.3629,1128.98,287.8899,263.34,500.346,2211.68,0.6635,1249.5006
7667.69,3643.6863,471.02,83.5118,317.85,81.0518,272.97,518.643,8503.15,2.5509,4329.4438
6092.72,2895.2605,950.6,168.5414,121.36,30.9468,290.28,551.532,36539.94,10.962,3657.2427
7715.93,3666.6099,550.96,97.6852,1731.51,441.5351,416.38,791.122,18061.83,5.4185,5002.3707
7838.43,3724.8219,745.93,132.2534,1965.29,501.149,317.79,603.801,27954.75,8.3864,4970.4117
4697.97,2232.4753,599.18,106.2346,1799.69,458.921,260.83,495.577,27961.47,8.3884,3301.5963
4306.97,2046.6721,1629.48,288.9068,1862.4,474.912,251.13,477.147,46594.33,13.9783,3301.6162
9312.02,4425.0719,173.01,30.6747,190.78,48.6489,123.01,233.719,37833.12,11.3499,4749.4644
7805.34,3709.0976,1441.5,255.578,1286.23,327.9887,346.75,658.825,17914.42,5.3743,4956.8636
8665.21,4117.7078,568.89,100.8642,93.72,23.8986,126.57,240.483,25250.92,7.5753,4490.5289
1383.9,657.6293,1960.7,347.6321,170.96,43.5948,267.01,507.319,44107.76,13.2323,1569.4075
1104.61,524.9107,894.27,158.5541,1365.21,348.1286,199.08,378.252,5184.06,1.5552,1411.4006
4792.71,2277.4958,810.6,143.7194,1163.51,296.695,324.46,616.474,35555.04,10.6665,3345.0507
718.76,341.5548,1135.13,201.2585,858.29,218.8639,71.53,135.907,18718.61,5.6156,903.1998
9879.03,4694.5151,1649.49,292.4546,151.69,38.681,123.32,234.308,48761.86,14.6286,5274.5873
2311.33,1098.344,356.84,63.2677,1481.55,377.7953,482.39,916.541,11481.82,3.4445,2459.3925
8572.68,4073.7375,578.15,102.506,569.55,145.2352,5.47,10.393,46078.74,13.8236,4345.6953
2003.91,952.258,10.61,1.8812,1610.94,410.7897,323.46,614.574,35460.97,10.6383,1990.1412
5517.3,2621.821,1176.42,208.5793,1815.22,462.8811,445.26,845.994,34046.77,10.214,4149.4894
3982.45,1892.4602,172.84,30.6445,1888.65,481.6058,436.03,828.457,46117.59,13.8353,3247.0028
7735.2,3675.767,1170.12,207.4623,1723.81,439.5716,246.92,469.148,22147.02,6.6441,4798.593
1515.32,720.0801,202.3,35.8678,1871.9,477.3345,182.42,346.598,24676.53,7.403,1587.2834
5281.17,2509.612,461.87,81.8896,1473.28,375.6864,462.64,879.016,17734.32,5.3203,3851.5243
1747.28,830.3075,427.23,75.7479,1732.34,441.7467,106.18,201.742,3780.42,1.1341,1550.6782
538.17,255.7384,845.86,149.971,346.04,88.2402,442.96,841.624,4300.9,1.2903,1336.8639
5193.72,2468.0557,160.44,28.446,1389.54,354.3327,426.34,810.046,26610.4,7.9831,3668.8635
5528.42,2627.1052,100.95,17.8984,430.36,109.7418,486.02,923.438,26150.91,7.8453,3686.0287
9108.24,4328.2356,723.36,128.2517,408.57,104.1853,491.05,932.995,5253.83,1.5761,5495.2437
1355.1,643.9435,191.06,33.8749,657.44,167.6472,491.52,933.888,14818.7,4.4456,1783.7992
652.28,309.9635,1241.45,220.1091,705.72,179.9586,434.78,826.082,26944.56,8.0834,1544.1966
8589.97,4081.9537,252.56,44.7789,1419.08,361.8654,264.8,503.12,32181.21,9.6544,5001.3724
2667.61,1267.6483,773.47,137.1362,253.75,64.7062,42.22,80.218,34207.85,10.2624,1559.9711
8717.48,4142.5465,617.84,109.543,526.79,134.3314,218.47,415.093,27288.53,8.1866,4809.7005
9026.44,4289.3643,627.14,111.1919,1441.04,367.4652,125.89,239.191,29798.01,8.9394,5016.1518
111.66,53.0608,1301.4,230.7382,1238.29,315.764,47.95,91.105,22238.86,6.6717,697.3397
6173.4,2933.5997,430.57,76.3401,365.22,93.1311,243.01,461.719,18639.07,5.5917,3570.3816
6924.05,3290.3086,1870.32,331.6077,710.23,181.1087,43.05,81.795,13541.93,4.0626,3888.8826
933.08,443.3996,1493.55,264.8064,1014.59,258.7205,485.07,921.633,3997.27,1.1992,1889.7587
1489.98,708.0385,1170.33,207.4995,1199.87,305.9668,107.86,204.934,7036.05,2.1108,1428.5496
3708.67,1762.36,1107.28,196.3207,60.26,15.3663,34.79,66.101,22380.15,6.714,2046.862
3458.41,1643.4364,1618.9,287.031,498.66,127.1583,237.33,450.927,16520.04,4.956,2513.5087
1239.56,589.0389,1936.42,343.3273,657.78,167.7339,404.87,769.253,46987.75,14.0963,1883.4494
6625.64,3148.5041,1990.49,352.9139,1818.9,463.8195,316.41,601.179,5718.22,1.7155,4568.132
6097.71,2897.6318,1615.86,286.492,1948.53,496.8752,459.66,873.354,34673.72,10.4021,4564.7551
189.07,89.8461,1492.6,264.638,842.57,214.8554,398.67,757.473,49158.72,14.7476,1341.5601
2237.13,1063.0842,406.15,72.0104,394.12,100.5006,67.01,127.319,7624.23,2.2873,1365.2015
3822.66,1816.528,1727.01,306.1989,666.34,169.9167,109.72,208.468,14791.1,4.4373,2505.5489
3816.41,1813.558,1253.13,222.1799,1830.86,466.8693,126.19,239.761,48915.36,14.6746,2757.0428
6395.75,3039.2604,1476.64,261.8083,480.66,122.5683,307.02,583.338,15085.21,4.5256,4011.5006
9650.02,4585.6895,1060.05,187.9469,696.44,177.5922,65.84,125.096,12671.32,3.8014,5080.126
1460.99,694.2624,1961.01,347.6871,136.35,34.7692,154.73,293.987,49890.11,14.967,1385.6727
8026.25,3814.074,1173.87,208.1272,430.06,109.6653,146.55,278.445,46328.65,13.8986,4424.2101
6525.65,3100.9889,751.33,133.2108,1387.31,353.764,34.01,64.619,30747.18,9.2242,3661.8069
5438.49,2584.3704,1216.97,215.7688,1365.51,348.2051,301.29,572.451,37453.96,11.2362,3732.0315
2868.15,1362.9449,82.01,14.5404,1242.08,316.7304,391.82,744.458,28180.84,8.4543,2447.128
3898.71,1852.667,212.0,37.5876,1130.37,288.2443,116.6,221.54,47342.84,14.2029,2414.2418
2082.31,989.5137,575.93,102.1124,1001.7,255.4335,221.86,421.534,40646.14,12.1938,1780.7874
728.87,346.359,866.83,153.689,1612.9,411.2895,200.53,381.007,34451.74,10.3355,1302.68
1925.14,914.8265,860.82,152.6234,1256.82,320.4891,111.99,212.781,46060.17,13.8181,1614.5381
1669.14,793.1753,511.26,90.6464,878.72,224.0736,114.98,218.462,37527.69,11.2583,1337.6156
1100.59,523.0004,1566.16,277.6802,1153.77,294.2113,485.39,922.241,19782.76,5.9348,2023.0677
7977.03,3790.6847,1888.92,334.9055,66.91,17.062,400.4,760.76,23360.98,7.0083,4910.4205
8431.09,4006.454,1500.61,266.0582,273.2,69.666,140.2,266.38,43020.74,12.9062,4621.4644
3692.63,1754.7378,1648.54,292.2861,379.46,96.7623,441.7,839.23,25326.81,7.598,2990.6142
7042.85,3346.7623,705.73,125.1259,1944.45,495.8348,366.33,696.027,7482.27,2.2447,4665.9947
4405.8,2093.6362,474.75,84.1732,1984.64,506.0832,142.97,271.643,25248.88,7.5747,2963.1103
1279.32,607.9329,1307.23,231.7719,1273.58,324.7629,408.11,775.409,21322.58,6.3968,1946.2735
4277.39,2032.6157,1943.88,344.6499,1540.37,392.7943,68.05,129.295,49823.13,14.9469,2914.3018
2649.56,1259.0709,913.1,161.8926,1410.68,359.7234,147.78,280.782,15715.92,4.7148,2066.1837
6622.83,3147.1688,1534.2,272.0137,1744.01,444.7226,10.96,20.824,22299.36,6.6898,3891.4189
4959.84,2356.916,910.02,161.3465,1163.0,296.565,278.38,528.922,13484.92,4.0455,3347.795
9976.36,4740.7663,10.47,1.8563,257.18,65.5809,293.66,557.954,2166.25,0.6499,5366.8074
3254.94,1546.7475,1312.37,232.6832,706.83,180.2417,275.57,523.583,34272.02,10.2816,2493.537
214.39,101.8781,772.42,136.9501,951.17,242.5483,96.02,182.438,29633.95,8.8902,672.7047
5493.68,2610.5967,1310.36,232.3268,808.27,206.1088,383.16,728.004,48975.29,14.6926,3791.7289
1414.6,672.2179,337.42,59.8246,995.19,253.7735,146.99,279.281,8326.2,2.4979,1267.5949
7937.63,3771.9618,48.56,8.6097,1592.38,406.0569,157.44,299.136,39049.03,11.7147,4497.4791
5291.74,2514.6348,1343.46,238.1955,1583.16,403.7058,468.19,889.561,40450.12,12.135,4058.2321
979.25,465.3396,907.52,160.9033,601.82,153.4641,487.29,925.851,9539.75,2.8619,1708.4199
8931.71,4244.3486,1759.41,311.9434,1075.98,274.3749,152.35,289.465,44129.14,13.2387,5133.3706
3603.63,1712.445,380.92,67.5371,730.15,186.1883,204.71,388.949,48668.6,14.6006,2369.72
3702.67,1759.5088,201.97,35.8093,1106.72,282.2136,288.28,547.732,49154.17,14.7463,2640.01
8808.07,4185.5949,1812.12,321.2889,164.25,41.8837,132.09,250.971,35737.08,10.7211,4810.4596
6819.63,3240.6882,1850.85,328.1557,1581.7,403.3335,182.51,346.769,49026.5,14.7079,4333.6543
7955.33,3780.3728,1882.04,333.6857,958.6,244.443,343.95,653.505,6069.92,1.821,5013.8275
9700.9,4609.8677,435.04,77.1326,194.98,49.7199,330.23,627.437,38813.93,11.6442,5375.8014
5431.22,2580.9157,949.56,168.357,949.44,242.1072,5.35,10.165,31401.54,9.4205,3010.9654
6622.02,3146.7839,375.98,66.6613,42.18,10.7559,80.8,153.52,21425.7,6.4277,3384.1488
3546.5,1685.2968,1091.14,193.4591,465.56,118.7178,366.37,696.103,8780.36,2.6341,2696.2108
4447.29,2113.3522,224.48,39.8003,41.74,10.6437,20.94,39.786,19088.59,5.7266,2209.3088
8594.72,4084.2109,666.63,118.1935,776.69,198.056,343.88,653.372,48854.84,14.6565,5068.4889
5676.24,2697.3492,1834.73,325.2976,968.78,247.0389,302.45,574.655,15932.73,4.7798,3849.1205
9153.92,4349.9428,229.47,40.685,1110.87,283.2718,338.78,643.682,28243.4,8.473,5326.0546
5660.94,2690.0787,1772.67,314.2944,1242.3,316.7865,183.0,347.7,46710.85,14.0133,3682.8729
7274.73,3456.9517,1814.9,321.7818,448.33,114.3242,184.12,349.828,4037.36,1.2112,4244.0969
7789.39,3701.5181,1322.3,234.4438,1035.83,264.1366,8.1,15.39,33994.09,10.1982,4225.6867
4652.2,2210.7254,628.76,111.4791,262.56,66.9528,312.55,593.845,18808.97,5.6427,2988.645
5695.07,2706.2973,457.12,81.0474,1785.08,455.1954,129.65,246.335,10813.86,3.2442,3492.1193
8238.1,3914.7451,802.38,142.262,14.49,3.6949,132.48,251.712,3173.94,0.9522,4313.3662
1894.04,900.0478,1855.59,328.9961,490.07,124.9678,314.69,597.911,22314.55,6.6944,1958.6171
6627.86,3149.5591,1253.48,222.242,1278.01,325.8926,114.19,216.961,41707.23,12.5122,3927.1669
8382.08,3983.1644,1293.04,229.256,727.58,185.5329,355.22,674.918,12938.91,3.8817,5076.753
4719.86,2242.8775,1151.42,204.1468,1666.41,424.9346,350.41,665.779,22724.19,6.8173,3544.5552
2077.29,987.1282,1053.14,186.7217,93.87,23.9369,402.35,764.465,36302.44,10.8907,1973.1425
5504.33,2615.6576,964.16,170.9456,1805.48,460.3974,273.85,520.315,46891.01,14.0673,3781.3829
8151.41,3873.55,1783.85,316.2766,1791.55,456.8453,228.43,434.017,2967.4,0.8902,5081.5791
9802.52,4658.1575,41.41,7.342,189.26,48.2613,409.88,778.772,17301.81,5.1905,5497.7233
3513.57,1669.6485,61.16,10.8437,308.71,78.721,115.72,219.868,22936.01,6.8808,1985.962
5530.43,2628.0603,914.74,162.1834,1704.16,434.5608,237.3,450.87,9642.9,2.8929,3678.5674
9841.42,4676.6428,1631.83,289.3235,138.56,35.3328,190.17,361.323,19417.65,5.8253,5368.4474
2208.61,1049.5315,839.78,148.893,634.83,161.8817,317.31,602.889,33761.02,10.1283,1973.3235
5779.67,2746.4992,1270.8,225.3128,1237.9,315.6645,441.33,838.527,19086.27,5.7259,4131.7294
2784.51,1323.1992,1474.89,261.498,1113.62,283.9731,470.06,893.114,25600.7,7.6802,2769.4645
3748.84,1781.4488,600.51,106.4704,1840.53,469.3351,354.23,673.037,45630.52,13.6892,3043.9805
4321.38,2053.5198,934.94,165.7649,913.71,232.9961,269.76,512.544,7918.4,2.3755,2967.2003
861.94,409.5939,64.62,11.4571,1321.03,336.8626,212.36,403.484,30515.14,9.1545,1170.5521
6094.16,2895.9448,1532.89,271.7814,1716.09,437.6029,45.65,86.735,18472.63,5.5418,3697.6059
5406.33,2569.088,330.13,58.532,1776.77,453.0763,172.77,328.263,13231.28,3.9694,3412.9287
1064.42,505.8124,1127.2,199.8526,1175.73,299.8111,440.37,836.703,12643.09,3.7929,1845.972
2508.43,1192.0059,572.54,101.5113,452.5,115.3875,378.27,718.713,16350.62,4.9052,2132.5229
968.88,460.4118,1435.24,254.4681,1356.89,346.007,354.8,674.12,44802.48,13.4407,1748.4476
1225.52,582.3671,452.8,80.2814,1408.66,359.2083,76.04,144.476,23760.13,7.128,1173.4608
1858.2,883.0166,491.45,87.1341,1138.35,290.2792,303.31,576.289,4829.55,1.4489,1838.1678
5151.58,2448.0308,1602.16,284.063,1286.26,327.9963,73.03,138.757,12981.99,3.8946,3202.7417
272.56,129.5205,705.45,125.0763,997.74,254.4237,421.02,799.938,48029.54,14.4089,1323.3674
2638.44,1253.7867,1546.18,274.1377,885.76,225.8688,33.25,63.175,2931.69,0.8795,1817.8477
7735.58,3675.9476,500.06,88.6606,1287.91,328.4171,130.31,247.589,23479.36,7.0438,4347.6581
6677.52,3173.1575,381.96,67.7215,1287.49,328.31,188.32,357.808,35896.2,10.7689,3937.7659
5880.94,2794.6227,1729.24,306.5943,75.55,19.2652,447.17,849.623,12927.01,3.8781,3973.9833
7614.34,3618.3344,1503.57,266.583,281.78,71.8539,162.89,309.491,36513.13,10.9539,4277.2162
7125.97,3386.2609,162.74,28.8538,1549.71,395.1761,226.83,430.977,13753.84,4.1262,4245.394
834.1,396.3643,1757.58,311.6189,1163.01,296.5675,371.0,704.9,49614.93,14.8845,1724.3352
8919.21,4238.4086,1532.42,271.6981,888.35,226.5293,439.44,834.936,10140.55,3.0422,5574.6142
1094.24,519.9828,1682.91,298.3799,1332.3,339.7365,410.88,780.672,8110.11,2.433,1941.2042
334.91,159.1492,1560.1,276.6057,618.75,157.7812,109.14,207.366,49494.24,14.8483,815.7504
4168.32,1980.7857,1068.55,189.4539,452.06,115.2753,250.08,475.152,45529.01,13.6587,2774.3256
542.93,258.0003,968.61,171.7346,15.49,3.95,257.24,488.756,6408.26,1.9225,924.3634
6209.91,2950.9492,1276.36,226.2986,1628.47,415.2599,452.95,860.605,11705.93,3.5118,4456.6245
5989.54,2846.2294,857.34,152.0064,1487.95,379.4273,94.95,180.405,11357.53,3.4073,3561.4754
1983.64,942.6257,1570.87,278.5153,1717.93,438.0722,217.48,413.212,19765.64,5.9297,2078.3549
5694.27,2705.9171,289.57,51.3408,358.53,91.4251,284.0,539.6,26475.57,7.9427,3396.2257
5770.18,2741.9895,423.74,75.1291,252.65,64.4258,391.46,743.774,2700.48,0.8101,3626.1285
2282.15,1084.4777,1150.16,203.9234,1556.43,396.8897,197.12,374.528,45627.1,13.6881,2073.5069
6127.84,2911.9496,227.04,40.2542,918.85,234.3068,168.04,319.276,9169.7,2.7509,3508.5375
263.74,125.3292,803.28,142.4215,1599.22,407.8011,143.68,272.992,13068.72,3.9206,952.4644
510.03,242.3663,853.61,151.3451,433.1,110.4405,430.19,817.361,1569.74,0.4709,1321.9838
9716.93,4617.4851,214.74,38.0734,1434.15,365.7083,299.61,569.259,45168.34,13.5505,5604.0763
7885.26,3747.0756,122.05,21.6395,374.85,95.5868,430.82,818.558,13307.05,3.9921,4686.852
2486.46,1181.5658,1674.6,296.9066,481.91,122.8871,164.24,312.056,16390.72,4.9172,1918.3327
1405.35,667.8223,1383.17,245.236,1673.84,426.8292,215.04,408.576,27156.04,8.1468,1756.6103
5538.21,2631.7574,1614.53,286.2562,1635.57,417.0704,226.61,430.559,37971.75,11.3915,3777.0345
8349.58,3967.7204,379.17,67.2268,305.11,77.803,195.44,371.336,23352.07,7.0056,4491.0918
6504.9,3091.1285,970.45,172.0608,1846.59,470.8804,359.65,683.335,28831.83,8.6495,4426.0542
8829.14,4195.6073,1659.96,294.3109,1119.95,285.5873,433.47,823.593,46311.3,13.8934,5612.9919
8828.3,4195.2082,904.76,160.4139,55.52,14.1576,197.17,374.623,48601.92,14.5806,4758.9833
5585.69,2654.3199,324.04,57.4523,1275.62,325.2831,207.49,394.231,1425.85,0.4278,3431.7141
3029.37,1439.5566,55.24,9.7941,507.44,129.3972,288.99,549.081,43106.71,12.932,2140.7609
2902.24,1379.1444,138.16,24.4958,1771.84,451.8192,482.77,917.263,2419.72,0.7259,2773.4483
2781.86,1321.9399,1859.56,329.7,1656.37,422.3743,261.52,496.888,35260.42,10.5781,2581.4803
7511.72,3569.5693,1232.67,218.5524,646.88,164.9544,123.93,235.467,31880.53,9.5642,4198.1073
1201.04,570.7342,1998.07,354.2578,1699.07,433.2629,264.52,502.588,35049.06,10.5147,1871.3576
9785.13,4649.8938,1800.91,319.3013,1386.55,353.5702,6.05,11.495,26120.42,7.8361,5342.0964
6360.48,3022.5001,1312.21,232.6548,1947.16,496.5258,447.87,850.953,22388.96,6.7167,4609.3504
5400.78,2566.4507,236.22,41.8818,1947.24,496.5462,272.97,518.643,33028.54,9.9086,3633.4303
9226.42,4384.3948,1010.06,179.0836,1972.32,502.9416,348.81,662.739,11593.21,3.478,5732.637
3458.83,1643.636,171.36,30.3821,506.64,129.1932,214.41,407.379,43491.09,13.0473,2223.6376
3498.8,1662.6298,276.89,49.0926,1307.15,333.3233,28.46,54.074,13723.64,4.1171,2103.2368
8808.28,4185.6947,1054.54,186.9699,1959.91,499.7771,252.29,479.351,46836.91,14.0511,5365.8438
4923.07,2339.4429,1538.12,272.7087,1277.87,325.8568,437.13,830.547,46635.1,13.9905,3782.5459
1184.05,562.6606,1616.98,286.6906,1284.03,327.4276,146.95,279.205,38394.41,11.5183,1467.5021
6757.34,3211.088,550.5,97.6037,187.42,47.7921,439.4,834.86,4453.55,1.3361,4192.6799
3081.05,1464.115,450.33,79.8435,1431.41,365.0096,166.54,316.426,41898.79,12.5696,2237.9637
6835.22,3248.0965,1344.98,238.465,1941.06,494.9703,191.05,362.995,14208.67,4.2626,4348.7894
2798.83,1330.004,1871.99,331.9038,830.34,211.7367,305.56,580.564,26398.1,7.9194,2462.1279
3950.12,1877.097,509.54,90.3414,375.56,95.7678,150.27,285.513,31619.99,9.486,2358.2052
5000.98,2376.4657,1488.35,263.8845,180.04,45.9102,199.63,379.297,44944.48,13.4833,3079.0407
3954.27,1879.0691,1636.66,290.1798,1458.74,371.9787,421.25,800.375,38172.46,11.4517,3353.0543
4927.45,2341.5242,1087.24,192.7677,454.91,116.0021,345.55,656.545,5177.08,1.5531,3308.3921
7462.72,3546.2845,46.61,8.264,1744.88,444.9444,155.35,295.165,18673.36,5.602,4300.2599
2683.54,1275.2182,1054.02,186.8777,305.18,77.8209,485.26,921.994,28862.61,8.6588,2470.5696
1602.54,761.527,753.65,133.6221,28.03,7.1477,92.16,175.104,8021.73,2.4065,1079.8073
2453.12,1165.7226,83.78,14.8542,319.46,81.4623,297.57,565.383,37776.1,11.3328,1838.7549
1740.4,827.0381,15.92,2.8226,151.55,38.6453,429.21,815.499,47464.95,14.2395,1698.2445
3580.81,1701.6009,1712.66,303.6546,185.92,47.4096,391.5,743.85,32336.36,9.7009,2806.216
7555.26,3590.2596,689.62,122.2696,404.72,103.2036,367.33,697.927,10090.47,3.0271,4516.6869
2239.32,1064.1249,590.26,104.6531,1645.19,419.5235,394.93,750.367,25763.09,7.7289,2346.3974
1172.33,557.0912,1364.01,241.839,85.74,21.8637,406.58,772.502,23823.71,7.1471,1600.443
6385.9,3034.5797,433.44,76.8489,1828.99,466.3924,244.97,465.443,34143.22,10.243,4053.507
673.51,320.052,892.41,158.2243,943.23,240.5237,65.81,125.039,17701.84,5.3106,849.1496
6227.19,2959.1607,1378.25,244.3637,154.85,39.4868,358.31,680.789,7427.06,2.2281,3926.0283
1357.37,645.0222,1345.1,238.4862,821.76,209.5488,144.21,273.999,17989.55,5.3969,1372.4531
7920.94,3764.0307,1570.81,278.5046,1842.15,469.7483,446.0,847.4,20605.21,6.1816,5365.8652
5838.81,2774.6025,1701.06,301.5979,664.54,169.4577,330.33,627.627,36907.03,11.0721,3884.3572
2459.59,1168.7972,1561.01,276.7671,1842.21,469.7636,16.04,30.476,24157.92,7.2474,1953.0513
3386.69,1609.3551,1465.12,259.7658,442.93,112.9472,358.99,682.081,24473.0,7.3419,2671.491
9059.59,4305.1172,968.13,171.6494,166.47,42.4498,140.86,267.634,37773.26,11.332,4798.1824
4987.91,2370.2548,1645.35,291.7206,1859.45,474.1598,369.17,701.423,23166.32,6.9499,3844.5081
6273.44,2981.1387,998.03,176.9507,1805.09,460.298,346.52,658.388,6447.95,1.9344,4278.7098
9860.96,4685.9282,1318.02,233.6849,1501.57,382.9004,470.33,893.627,36059.93,10.818,6206.9585
5462.06,2595.5709,601.61,106.6655,47.1,12.0105,348.09,661.371,8163.87,2.4492,3378.0671
6028.21,2864.6054,1253.92,222.32,1906.52,486.1626,223.21,424.099,8291.43,2.4874,3999.6744
3177.82,1510.1001,928.9,164.694,757.29,193.1089,39.71,75.449,2451.39,0.7354,1944.0874
1212.36,576.1135,78.34,13.8897,356.49,90.9049,105.72,200.868,20495.07,6.1485,887.9246
6882.09,3270.3692,172.06,30.5062,526.2,134.181,374.55,711.645,39059.84,11.718,4158.4194
928.85,441.3895,1371.71,243.2042,1274.56,325.0128,397.8,755.82,8310.78,2.4932,1767.9197
8930.33,4243.6928,599.74,106.3339,1455.3,371.1015,30.72,58.368,9334.63,2.8004,4782.2966
5549.99,2637.3552,1222.48,216.7457,1478.47,377.0099,392.52,745.788,32019.53,9.6059,3986.5047
519.82,247.0185,1448.36,256.7942,337.86,86.1543,276.04,524.476,48980.29,14.6941,1129.1371
581.45,276.305,783.86,138.9784,549.8,140.199,156.21,296.799,49360.99,14.8083,867.0897
5721.37,2718.795,984.17,174.4933,289.24,73.7562,359.03,682.157,3661.13,1.0983,3650.2998
5015.37,2383.3038,1850.88,328.161,795.71,202.9061,301.93,573.667,16252.85,4.8759,3492.9138
5234.54,2487.4534,257.46,45.6477,225.47,57.4948,65.14,123.766,23252.36,6.9757,2721.3376
6898.74,3278.2812,53.06,9.4075,510.29,130.124,213.9,406.41,11173.13,3.3519,3827.5746
2692.35,1279.4047,1658.9,294.123,149.59,38.1455,415.25,788.975,14460.04,4.338,2404.9862
5581.3,2652.2338,919.44,163.0167,108.37,27.6344,276.83,525.977,24890.22,7.4671,3376.329
4698.53,2232.7415,1513.26,268.301,895.63,228.3856,367.99,699.181,40012.8,12.0038,3440.6129
5923.01,2814.6144,579.05,102.6656,1370.06,349.3653,417.39,793.041,38793.95,11.6382,4071.3245
8777.75,4171.1868,252.2,44.7151,398.45,101.6047,156.94,298.186,1653.49,0.496,4616.1886
5428.85,2579.7895,152.06,26.9602,654.9,166.9995,173.95,330.505,24300.47,7.2901,3111.5443
4823.8,2292.2698,229.92,40.7648,852.97,217.5074,167.23,317.737,39584.18,11.8753,2880.1543
8364.33,3974.7296,1792.54,317.8173,1272.01,324.3625,322.6,612.94,12614.87,3.7845,5233.6339
5952.31,2828.5377,266.22,47.2008,22.96,5.8548,65.31,124.089,1547.13,0.4641,3006.1464
355.71,169.0334,1342.24,237.9792,1696.18,432.5259,444.69,844.911,2994.79,0.8984,1685.3479
8614.01,4093.3776,32.16,5.702,699.14,178.2807,330.93,628.767,42577.44,12.7732,4918.9005
4251.77,2020.4411,85.96,15.2407,1631.4,416.007,200.48,380.912,16357.84,4.9074,2837.5082
6019.25,2860.3476,658.18,116.6953,185.65,47.3407,214.61,407.759,11392.03,3.4176,3435.5602
1079.98,513.2065,977.11,173.2416,982.92,250.6446,434.78,826.082,40785.5,12.2356,1775.4103
7201.86,3422.3239,1763.81,312.7235,829.73,211.5812,205.59,390.621,40125.5,12.0376,4349.2872
4378.08,2080.4636,1263.65,224.0451,1810.66,461.7183,82.85,157.415,44424.91,13.3275,2936.9695
5851.63,2780.6946,1715.33,304.128,1304.21,332.5736,432.52,821.788,36631.77,10.9895,4250.1737
5775.86,2744.6887,527.52,93.5293,1340.4,341.802,250.95,476.805,29126.0,8.7378,3665.5628
6631.31,3151.1985,583.33,103.4244,867.83,221.2967,29.93,56.867,9415.09,2.8245,3535.6111
6630.04,3150.595,1567.55,277.9266,1638.47,417.8099,499.79,949.601,18288.25,5.4865,4801.419
7471.46,3550.4378,1364.1,241.8549,1326.75,338.3213,182.21,346.199,13343.56,4.0031,4480.8161
9235.8,4388.8522,849.14,150.5525,554.66,141.4383,109.87,208.753,33782.44,10.1347,4899.7307
3429.59,1629.7412,626.54,111.0855,163.23,41.6236,384.93,731.367,31846.61,9.554,2523.3713
2853.9,1356.1733,1465.57,259.8456,224.56,57.2628,276.49,525.331,9284.98,2.7855,2201.3982
3212.65,1526.6513,1263.1,223.9476,1601.25,408.3188,486.97,925.243,42655.76,12.7967,3096.9574
4553.74,2163.9372,982.77,174.2451,1513.5,385.9425,35.56,67.564,47433.55,14.2301,2805.9189
2620.1,1245.0715,1036.35,183.7449,1657.42,422.6421,148.24,281.656,44562.79,13.3688,2146.4833
5313.27,2524.8659,827.95,146.7955,822.01,209.6125,282.47,536.693,26681.07,8.0043,3425.9712
1565.71,744.0254,434.33,77.0067,1841.96,469.6998,41.75,79.325,16457.87,4.9374,1374.9943
6432.51,3056.7288,1519.23,269.3595,1524.34,388.7067,134.42,255.398,34675.85,10.4028,3980.5958
2587.65,1229.6513,1848.52,327.7426,1794.37,457.5643,427.44,812.136,26429.8,7.9289,2835.0231
5189.14,2465.8793,793.61,140.7071,1453.34,370.6017,105.59,200.621,47101.93,14.1306,3191.9397
8062.26,3831.186,1181.44,209.4693,1414.34,360.6567,90.03,171.057,48163.48,14.449,4586.818
6116.86,2906.7319,1664.98,295.201,1068.53,272.4751,319.53,607.107,20516.61,6.155,4087.67
3625.25,1722.7188,398.45,70.6452,479.37,122.2394,176.37,335.103,26385.67,7.9157,2258.6221
9748.19,4632.3399,1419.14,251.6135,805.29,205.349,394.41,749.379,15563.36,4.669,5843.3504
2854.63,1356.5202,1896.84,336.3097,1540.33,392.7842,42.61,80.959,6687.27,2.0062,2168.5793
1488.73,707.4445,1700.08,301.4242,1480.15,377.4383,446.66,848.654,24321.36,7.2964,2242.2574
6544.19,3109.7991,886.99,157.2633,408.73,104.2262,476.48,905.312,29552.1,8.8656,4285.4662
4845.33,2302.5008,1451.52,257.3545,1713.39,436.9145,359.48,683.012,29079.48,8.7238,3688.5056
3859.22,1833.9013,97.22,17.2371,893.88,227.9394,361.42,686.698,21029.45,6.3088,2772.0846
7209.05,3425.7406,186.79,33.1179,1979.18,504.6909,228.48,434.112,40234.84,12.0705,4409.7319
4909.89,2333.1797,28.84,5.1133,1427.69,364.061,161.19,306.261,37877.55,11.3633,3019.9783
7421.79,3526.8346,741.74,131.5105,1852.55,472.4002,162.28,308.332,31233.08,9.3699,4448.4472
8704.74,4136.4924,598.85,106.1761,1768.95,451.0823,271.96,516.724,17691.68,5.3075,5215.7823
3909.51,1857.7992,319.23,56.5995,274.83,70.0816,432.36,821.484,19165.3,5.7496,2811.7139
9843.97,4677.8545,275.29,48.8089,461.1,117.5805,317.79,603.801,5115.0,1.5345,5449.5794
3166.51,1504.7256,1421.61,252.0515,1946.98,496.4799,84.99,161.481,1286.78,0.386,2415.124
7310.23,3473.8213,672.97,119.3176,1374.71,350.5511,125.6,238.64,38288.66,11.4866,4193.8166
6961.71,3308.2046,664.26,117.7733,1604.97,409.2674,383.26,728.194,16064.25,4.8193,4568.2586
6348.63,3016.869,916.54,162.5025,682.87,174.1319,241.71,459.249,7451.72,2.2355,3814.9879
9950.87,4728.6534,545.37,96.6941,1996.83,509.1916,221.74,421.306,46681.09,14.0043,5769.8494
1562.83,742.6568,1464.29,259.6186,1190.51,303.5801,90.75,172.425,19101.87,5.7306,1484.0111
422.6,200.8195,1071.42,189.9628,1275.07,325.1429,46.93,89.167,2738.9,0.8217,805.9139
8885.56,4222.4181,891.59,158.0789,396.13,101.0131,102.81,195.339,24545.36,7.3636,4684.2127
2665.77,1266.7739,1403.32,248.8086,1606.03,409.5376,272.81,518.339,5406.73,1.622,2445.0811
3379.09,1605.7436,1091.09,193.4503,1340.57,341.8453,326.36,620.084,33109.78,9.9329,2771.0561
6336.33,3011.024,1038.68,184.158,118.6,30.243,263.04,499.776,33349.15,10.0047,3735.2057
7981.94,3793.0179,478.18,84.7813,515.2,131.376,19.71,37.449,7907.13,2.3721,4048.9963
7599.49,3611.2776,464.52,82.3594,90.56,23.0928,402.59,764.921,45851.32,13.7554,4495.4062
4859.75,2309.3532,1783.21,316.1631,468.08,119.3604,381.5,724.85,1352.87,0.4059,3470.1326
8399.3,3991.3474,325.47,57.7058,127.77,32.5814,129.86,246.734,31880.52,9.5642,4337.9328
7484.55,3556.6582,106.92,18.9569,534.74,136.3587,49.37,93.803,6755.12,2.0265,3807.8033
6656.1,3162.9787,611.22,108.3693,1751.45,446.6198,110.69,210.311,6870.12,2.061,3930.3398
980.47,465.9193,566.34,100.4121,174.36,44.4618,436.75,829.825,9308.52,2.7926,1443.4108
493.51,234.516,1288.82,228.5078,1040.92,265.4346,68.8,130.72,36863.75,11.0591,870.2375
8633.87,4102.815,1681.58,298.1441,234.48,59.7924,96.09,182.571,46193.24,13.858,4657.1805
3555.76,1689.6972,1708.22,302.8674,1902.5,485.1375,421.78,801.382,34706.86,10.4121,3289.4962
6243.59,2966.954,550.7,97.6391,953.67,243.1858,482.12,916.028,12618.36,3.7855,4227.5924
9479.11,4504.4731,1669.77,296.0502,751.59,191.6555,460.93,875.767,3138.76,0.9416,5868.8874
5222.09,2481.5372,485.28,86.0401,988.73,252.1261,177.56,337.364,19743.95,5.9232,3162.9906
2374.35,1128.2911,108.68,19.269,1312.81,334.7665,117.15,222.585,8903.82,2.6711,1707.5827
9974.99,4740.1152,1756.01,311.3406,314.76,80.2638,206.09,391.571,7934.95,2.3805,5525.6711
619.99,294.6192,1205.95,213.8149,1369.11,349.123,384.81,731.139,40754.57,12.2264,1600.9225
5476.1,2602.2427,1742.57,308.9577,1272.45,324.4748,408.41,775.979,34607.1,10.3821,4022.0363
5889.01,2798.4576,280.29,49.6954,999.91,254.977,257.35,488.965,44484.15,13.3452,3605.4402
1903.29,904.4434,1201.09,212.9533,836.87,213.4018,381.92,725.648,49118.13,14.7354,2071.1819
4974.17,2363.7256,632.35,112.1157,729.52,186.0276,24.58,46.702,21797.83,6.5393,2715.1102
6036.5,2868.5448,1173.44,208.0509,206.93,52.7672,427.54,812.326,24116.92,7.2351,3948.924
5774.86,2744.2135,1845.24,327.1611,1849.13,471.5282,382.78,727.282,38749.57,11.6249,4281.8097
2803.97,1332.4465,555.2,98.437,456.2,116.331,461.28,876.432,42981.69,12.8945,2436.541
5669.04,2693.9278,1107.64,196.3846,67.23,17.1437,76.9,146.11,41666.43,12.4999,3066.066
1385.28,658.2851,764.68,135.5778,960.89,245.0269,253.59,481.821,30540.0,9.162,1529.8728
5729.67,2722.7392,887.76,157.3998,1399.75,356.9363,400.06,760.114,12351.71,3.7055,4000.8948
2472.13,1174.7562,1599.73,283.6321,739.63,188.6056,282.66,537.054,14495.91,4.3488,2188.3967
4178.6,1985.6707,321.25,56.9576,1870.98,477.0999,385.32,732.108,35451.58,10.6355,3262.4717
7293.58,3465.9092,1321.03,234.2186,1286.48,328.0524,335.64,637.716,34021.65,10.2065,4676.1027
4042.27,1920.8867,901.74,159.8785,1695.42,432.3321,190.44,361.836,10387.01,3.1161,2878.0494
1647.6,782.9395,1540.84,273.1909,1801.01,459.2575,60.81,115.539,21125.3,6.3376,1637.2645
2394.87,1138.0422,614.51,108.9526,652.95,166.5023,47.78,90.782,9659.28,2.8978,1507.1769
518.71,246.491,359.21,63.6879,100.22,25.5561,128.42,243.998,21531.07,6.4593,586.1923
3489.37,1658.1486,1810.93,321.0779,1444.96,368.4648,218.92,415.948,48716.57,14.615,2778.2543
7135.56,3390.8181,1374.23,243.651,1622.58,413.7579,76.64,145.616,28326.28,8.4979,4202.3409
4133.11,1964.0539,1060.09,187.954,929.21,236.9486,203.1,385.89,16295.53,4.8887,2779.7352
7647.14,3633.9209,1714.69,304.0145,110.4,28.152,160.67,305.273,47284.69,14.1854,4285.5458
5299.12,2518.1418,1271.27,225.3962,1551.26,395.5713,199.99,379.981,13617.57,4.0853,3523.1756
9722.29,4620.0322,1106.92,196.2569,121.13,30.8881,91.7,174.23,30255.55,9.0767,5030.4839
4609.54,2190.4534,590.12,104.6283,924.94,235.8597,441.59,839.021,39045.45,11.7136,3381.676
9095.77,4322.3099,1707.08,302.6653,1522.65,388.2758,463.39,880.441,36129.46,10.8388,5904.5308
2873.19,1365.3399,1275.04,226.0646,1330.93,339.3872,314.71,597.949,38487.68,11.5463,2540.287
3287.94,1562.4291,639.4,113.3656,1712.74,436.7487,197.3,374.87,9332.37,2.7997,2490.2131
681.39,323.7965,107.52,19.0633,280.93,71.6372,352.48,669.712,22849.8,6.8549,1091.0639
8098.07,3848.2029,357.79,63.4362,1199.98,305.9949,487.77,926.763,42511.06,12.7533,5157.1503
9882.87,4696.3398,1220.44,216.384,1758.66,448.4583,62.96,119.624,38153.99,11.4462,5492.2523
9918.52,4713.2807,747.07,132.4555,1408.74,359.2287,339.07,644.233,24082.92,7.2249,5856.4228
2546.45,1210.073,1511.71,268.0262,458.29,116.864,399.8,759.62,12760.12,3.828,2358.4112
4046.84,1923.0584,940.87,166.8163,683.74,174.3537,5.95,11.305,28883.46,8.665,2284.1984
7020.41,3336.0988,1868.15,331.223,967.08,246.6054,384.37,730.303,5093.81,1.5281,4645.7583
5103.7,2425.2782,1225.77,217.329,319.16,81.3858,433.03,822.757,14080.74,4.2242,3550.9742
7185.18,3414.3975,1772.76,314.3103,585.2,149.226,392.57,745.883,13886.47,4.1659,4627.9827
7830.1,3720.8635,1957.01,346.9779,947.66,241.6533,143.54,272.726,1062.02,0.3186,4582.5393
5132.09,2438.7692,1304.82,231.3446,540.04,137.7102,442.07,839.933,2839.37,0.8518,3648.6088
8220.81,3906.5289,176.72,31.3325,1820.32,464.1816,207.52,394.288,15305.53,4.5917,4800.9227
963.46,457.8362,1454.26,257.8403,300.74,76.6887,284.92,541.348,22547.25,6.7642,1340.4774
9159.81,4352.7417,1528.45,270.9942,1963.48,500.6874,196.18,372.742,20186.22,6.0559,5503.2212
200.12,95.097,944.41,167.4439,1712.52,436.6926,372.69,708.111,45924.6,13.7774,1421.1219
5006.64,2379.1553,1818.26,322.3775,1607.97,410.0324,330.58,628.102,25193.53,7.5581,3747.2253
2733.21,1298.8214,396.3,70.264,957.56,244.1778,456.26,866.894,3308.68,0.9926,2481.1498
8304.15,3946.1321,1881.02,333.5048,1158.2,295.341,9.9,18.81,40896.76,12.269,4606.0569
8184.94,3889.4835,132.23,23.4444,1388.95,354.1823,217.22,412.718,21888.04,6.5664,4686.3946
3866.12,1837.1802,1059.84,187.9096,1160.65,295.9658,78.98,150.062,30101.7,9.0305,2480.1481
1082.18,514.2519,901.0,159.7473,915.12,233.3556,284.38,540.322,39818.57,11.9456,1459.6224
2163.04,1027.8766,1969.28,349.1533,1777.01,453.1376,190.07,361.133,32766.68,9.83,2201.1305
8331.39,3959.0765,504.69,89.4815,1763.22,449.6211,294.26,559.094,18697.85,5.6094,5062.8825
3820.08,1815.302,1633.16,289.5593,873.45,222.7298,260.27,494.513,25012.77,7.5038,2829.6079
4430.7,2105.4686,1498.77,265.7319,484.07,123.4378,238.85,453.815,42884.32,12.8653,2961.3186
3445.87,1637.4774,784.76,139.1379,1863.98,475.3149,261.09,496.071,41001.49,12.3004,2760.3016
4912.03,2334.1967,806.06,142.9144,351.17,89.5483,11.28,21.432,29315.41,8.7946,2596.886
7545.05,3585.4078,1020.64,180.9595,1009.74,257.4837,181.77,345.363,39241.12,11.7723,4380.9863
5939.35,2822.3791,1521.5,269.762,1495.24,381.2862,224.84,427.196,29046.12,8.7138,3909.3371
9787.29,4650.9202,1273.54,225.7986,569.99,145.3475,457.89,869.991,3488.32,1.0465,5893.1038
8118.88,3858.0918,178.87,31.7137,1591.98,405.9549,42.16,80.104,22495.77,6.7487,4382.6131
8121.12,3859.1562,1689.89,299.6175,279.42,71.2521,214.91,408.329,34853.4,10.456,4648.8108
5280.17,2509.1368,1464.18,259.5991,1376.56,351.0228,31.81,60.439,5112.38,1.5337,3181.7314
5902.89,2805.0533,334.52,59.3104,1801.83,459.4667,353.21,671.099,17431.78,5.2295,4000.1589
3730.27,1772.6243,1282.49,227.3855,1914.96,488.3148,28.63,54.397,29955.09,8.9865,2551.7081
7480.79,3554.8714,1543.68,273.6945,1583.97,403.9124,420.33,798.627,48253.8,14.4761,5045.5814
9290.03,4414.6223,492.61,87.3398,1512.21,385.6136,258.61,491.359,12319.74,3.6959,5382.6306
6109.77,2903.3627,1844.61,327.0494,269.31,68.6741,90.27,171.513,49076.3,14.7229,3485.3221
2328.3,1106.4082,720.91,127.8173,401.94,102.4947,162.14,308.066,17882.21,5.3647,1650.1509
7323.39,3480.0749,1847.41,327.5458,99.89,25.4719,47.64,90.516,45521.03,13.6563,3937.2649
1209.57,574.7877,1285.99,228.006,1548.75,394.9313,305.67,580.773,41207.86,12.3624,1790.8604
5932.34,2819.048,1841.69,326.5316,1512.22,385.6161,52.1,98.99,28896.14,8.6688,3638.8545
598.08,284.2076,447.1,79.2708,881.59,224.8055,463.82,881.258,30884.4,9.2653,1478.8072
2783.36,1322.6527,1016.35,180.1989,1965.17,501.1184,290.52,551.988,20921.25,6.2764,2562.2344
2724.33,1294.6016,462.02,81.9161,1203.11,306.793,180.89,343.691,3077.56,0.9233,2027.925
1899.66,902.7184,1944.14,344.696,1114.67,284.2409,409.58,778.202,5113.8,1.5341,2311.3914
4876.01,2317.08,1895.27,336.0314,135.33,34.5092,431.96,820.724,15317.04,4.5951,3512.9397
6561.78,3118.1579,952.18,168.8215,1113.85,284.0317,220.28,418.532,5361.16,1.6083,3991.1514
168.26,79.9572,1788.64,317.1259,19.54,4.9827,419.65,797.335,35096.15,10.5288,1209.9296
7309.34,3473.3984,1885.38,334.2779,145.18,37.0209,171.54,325.926,40749.46,12.2248,4182.848
895.41,425.4988,439.95,78.0031,1272.18,324.4059,95.63,181.697,44439.66,13.3319,1022.9367
1790.41,850.8028,1583.85,280.8166,1152.47,293.8799,367.7,698.63,18811.4,5.6434,2129.7727
8319.25,3953.3076,1037.22,183.8991,553.63,141.1756,176.34,335.046,38235.61,11.4707,4624.899
7992.54,3798.055,149.53,26.5117,175.23,44.6837,42.5,80.75,43091.56,12.9275,3962.9279
6879.37,3269.0766,650.32,115.3017,1108.74,282.7287,151.71,288.249,30716.34,9.2149,3964.5709
4651.31,2210.3025,433.68,76.8915,1660.27,423.3689,95.27,181.013,40843.27,12.253,2903.8289
3751.79,1782.8506,1427.55,253.1046,1334.91,340.4021,319.44,606.936,17844.53,5.3534,2988.6467
1747.65,830.4833,490.44,86.955,1466.51,373.9601,163.29,310.251,27152.5,8.1457,1609.7951
1299.31,617.4321,1838.14,325.9022,426.43,108.7396,474.94,902.386,12234.13,3.6702,1958.1301
3885.35,1846.3183,542.33,96.1551,205.77,52.4714,45.48,86.412,13548.7,4.0646,2085.4214
4508.28,2142.3347,422.4,74.8915,1708.88,435.7644,141.72,269.268,10363.64,3.1091,2925.3677
1772.23,842.1637,534.95,94.8466,1080.53,275.5351,379.97,721.943,47302.7,14.1908,1948.6792
9791.14,4652.7497,1772.72,314.3033,819.12,208.8756,263.94,501.486,13277.0,3.9831,5681.3977
9705.09,4611.8588,1345.68,238.5891,1145.59,292.1255,493.25,937.175,21953.41,6.586,6086.3344
3871.14,1839.5657,827.85,146.7778,1163.21,296.6186,93.28,177.232,2933.98,0.8802,2461.0743
1068.44,507.7227,723.06,128.1985,368.85,94.0568,315.83,600.077,14607.94,4.3824,1334.4374
6867.35,3263.3647,1490.1,264.1947,323.94,82.6047,298.21,566.599,22722.64,6.8168,4183.5799
8206.42,3899.6908,505.9,89.6961,1711.55,436.4452,259.71,493.449,29782.96,8.9349,4928.216
3447.32,1638.1665,1371.27,243.1262,207.61,52.9406,391.77,744.363,23058.97,6.9177,2685.514
9641.16,4581.4792,1689.81,299.6033,1512.34,385.6467,60.03,114.057,36482.22,10.9447,5391.7309
3108.94,1477.3683,513.19,90.9886,564.84,144.0342,453.77,862.163,27811.04,8.3433,2582.8974
8544.86,4060.5175,730.8,129.5708,1133.96,289.1598,21.97,41.743,20494.93,6.1485,4527.1396
3709.57,1762.7877,1298.97,230.3074,1259.99,321.2975,177.66,337.554,3475.51,1.0427,2652.9893
346.16,164.4952,810.1,143.6307,53.46,13.6323,388.34,737.846,32242.09,9.6726,1069.2768
7467.38,3548.499,21.39,3.7924,1657.6,422.688,128.61,244.359,6961.04,2.0883,4221.4267
7227.07,3434.3037,599.5,106.2914,1254.44,319.8822,180.47,342.893,10858.39,3.2575,4206.6278
378.02,179.6351,566.76,100.4865,823.55,210.0052,5.82,11.058,25488.65,7.6466,508.8314
3608.07,1714.5549,362.13,64.2056,979.19,249.6935,234.8,446.12,8933.0,2.6799,2477.2539
4989.04,2370.7918,1339.08,237.4189,1244.11,317.248,217.35,412.965,28281.12,8.4843,3346.908
6598.83,3135.764,1905.55,337.854,17.05,4.3478,393.24,747.156,46336.56,13.901,4239.0228
1734.44,824.2059,231.77,41.0928,888.04,226.4502,87.66,166.554,34372.34,10.3117,1268.6146
245.34,116.5856,507.89,90.0489,1052.66,268.4283,294.13,558.847,27050.51,8.1152,1042.025
3806.57,1808.8821,1324.17,234.7753,703.52,179.3976,174.38,331.322,31945.1,9.5835,2563.9605
4573.69,2173.4175,1208.36,214.2422,1504.06,383.5353,330.14,627.266,17849.89,5.355,3403.816
6719.92,3193.306,1661.2,294.5308,565.54,144.2127,58.65,111.435,5858.66,1.7576,3745.2421
328.05,155.8894,1302.77,230.9811,1261.51,321.685,243.9,463.41,48780.41,14.6341,1186.5996
6907.03,3282.2207,1236.7,219.2669,1082.2,275.961,151.17,287.223,8531.75,2.5595,4067.2311
7644.0,3632.4288,1648.65,292.3056,923.28,235.4364,486.85,925.015,43312.47,12.9937,5098.1795
9622.07,4572.4077,810.49,143.6999,1044.77,266.4164,140.81,267.539,47828.91,14.3487,5264.4117
9094.09,4321.5116,1757.84,311.665,359.46,91.6623,317.93,604.067,20096.71,6.029,5334.9349
2841.75,1350.3996,1664.37,295.0928,1922.33,490.1941,107.82,204.858,13466.22,4.0399,2344.5844
8782.81,4173.5913,870.94,154.4177,1997.87,509.4568,396.97,754.243,31757.1,9.5271,5601.2359
5461.4,2595.2573,182.27,32.3165,1417.01,361.3376,482.52,916.788,7837.16,2.3511,3908.0505
2515.57,1195.3989,1663.46,294.9315,1244.74,317.4087,131.66,250.154,34933.47,10.48,2068.3731
5436.66,2583.5008,1371.02,243.0818,1768.2,450.891,473.37,899.403,23190.43,6.9571,4183.8337
331.91,157.7236,693.3,122.9221,158.08,40.3104,11.02,20.938,3918.8,1.1756,343.0697
6795.88,3229.4022,769.95,136.5121,1175.67,299.7959,63.92,121.448,32524.62,9.7574,3796.9156
8925.47,4241.3833,752.74,133.4608,1525.1,388.9005,377.98,718.162,8772.98,2.6319,5484.5385
7343.22,3489.4981,1936.32,343.3095,1704.61,434.6755,127.58,242.402,30749.01,9.2247,4519.1098
5255.87,2497.5894,1150.65,204.0102,942.07,240.2279,258.11,490.409,30540.77,9.1622,3441.3987
9875.17,4692.6808,1989.59,352.7543,1663.9,424.2945,13.44,25.536,13642.17,4.0927,5499.3583
6898.78,3278.3003,13.38,2.3723,1358.54,346.4277,112.02,212.838,40785.62,12.2357,3852.174
5697.0,2707.2144,1065.82,188.9699,1033.75,263.6062,41.39,78.641,37583.6,11.2751,3249.7066
5869.29,2789.0866,1578.39,279.8485,978.12,249.4206,238.01,452.219,43479.18,13.0438,3783.6185
464.05,220.5166,933.8,165.5627,447.09,114.0079,428.26,813.694,34806.88,10.4421,1324.2233
7700.64,3659.3441,1003.5,177.9206,395.69,100.9009,233.32,443.308,4381.9,1.3146,4382.7882
3397.47,1614.4777,1160.74,205.7992,1237.1,315.4605,461.05,875.995,32198.29,9.6595,3021.3919
8253.7,3922.1582,180.23,31.9548,915.4,233.427,217.74,413.706,24558.16,7.3674,4608.6134
4869.23,2313.8581,296.92,52.6439,1579.04,402.6552,318.67,605.473,22314.77,6.6944,3381.3246
1824.47,866.9881,294.06,52.1368,1767.52,450.7176,428.74,814.606,37510.6,11.2532,2195.7017
7471.46,3550.4378,384.02,68.0867,330.36,84.2418,112.01,212.819,4336.95,1.3011,3916.8864
3172.71,1507.6718,1074.31,190.4752,1216.29,310.154,494.58,939.702,24377.53,7.3133,2955.3163
9837.11,4674.5947,1032.08,182.9878,846.47,215.8499,112.85,214.415,34774.75,10.4324,5298.2798
6858.04,3258.9406,1049.74,186.1189,739.99,188.6975,424.83,807.177,45544.43,13.6633,4454.5973
7576.7,3600.4478,1163.74,206.3311,753.27,192.0839,296.74,563.806,36089.5,10.8268,4573.4956
4871.82,2315.0889,944.3,167.4244,1098.07,280.0078,399.42,758.898,43987.02,13.1961,3534.6152
319.76,151.95,1308.71,232.0343,185.91,47.407,34.99,66.481,9376.47,2.8129,500.6852
1020.29,484.8418,1081.29,191.7127,1609.0,410.295,455.38,865.222,18077.07,5.4231,1957.4946
4915.45,2335.8218,602.12,106.7559,988.36,252.0318,220.31,418.589,44938.97,13.4817,3126.6802
1796.56,853.7253,1736.67,307.9116,1467.68,374.2584,497.58,945.402,34970.06,10.491,2491.7883
6216.69,2954.1711,1711.05,303.3692,241.53,61.5902,134.51,255.569,3473.0,1.0419,3575.7414
3897.54,1852.111,481.3,85.3345,147.76,37.6788,141.65,269.135,21148.25,6.3445,2250.6038
7939.89,3773.0357,231.58,41.0591,168.05,42.8528,383.63,728.897,31495.11,9.4485,4595.2931
6122.31,2909.3217,1084.89,192.351,119.22,30.4011,329.22,625.518,25216.21,7.5649,3765.1567
3082.2,1464.6614,958.07,169.8658,413.52,105.4476,92.85,176.415,14664.78,4.3994,1920.7892
1153.6,548.1907,1619.23,287.0895,1276.54,325.5177,11.96,22.724,25577.02,7.6731,1191.195
345.61,164.2339,752.38,133.397,1443.98,368.2149,181.26,344.394,46336.49,13.9009,1024.1407
3342.77,1588.4843,981.58,174.0341,1167.41,297.6896,29.14,55.366,39196.95,11.7591,2127.3331
9527.98,4527.6961,1801.73,319.4467,1929.77,492.0913,286.16,543.704,29581.23,8.8744,5891.8125
107.03,50.8607,610.68,108.2736,499.29,127.319,36.82,69.958,12787.65,3.8363,360.2476
563.9,267.9653,108.48,19.2335,659.33,168.1292,432.17,821.123,20439.31,6.1318,1282.5828
3223.0,1531.5696,989.93,175.5146,1337.08,340.9554,483.55,918.745,31856.15,9.5568,2976.3414
6883.73,3271.1485,702.22,124.5036,1488.05,379.4527,264.04,501.676,17533.81,5.2601,4282.0409
7886.99,3747.8976,1690.08,299.6512,958.64,244.4532,226.15,429.685,38046.61,11.414,4733.101
5945.25,2825.1828,1947.46,345.2847,664.32,169.4016,101.13,192.147,38769.21,11.6308,3543.6469
751.51,357.1176,1120.94,198.7427,1839.56,469.0878,120.63,229.197,10508.99,3.1527,1257.2978
838.02,398.2271,475.66,84.3345,1502.08,383.0304,7.89,14.991,25953.4,7.786,888.369
9894.62,4701.9234,1429.51,253.4521,13.37,3.4093,60.85,115.615,10405.92,3.1218,5077.5216
8908.4,4233.2717,1256.9,222.8484,1007.79,256.9864,461.43,876.717,39649.55,11.8949,5601.7184
5674.83,2696.6792,92.99,16.4871,1128.78,287.8389,128.05,243.295,8577.93,2.5734,3246.8736
2235.92,1062.5092,888.08,157.4566,1523.01,388.3675,260.52,494.988,26353.08,7.9059,2111.2272
6169.14,2931.5753,602.99,106.9101,1730.15,441.1883,338.21,642.599,32295.24,9.6886,4131.9613
158.15,75.1529,1455.36,258.0353,1631.47,416.0249,456.33,867.027,21613.75,6.4841,1622.7242
4066.61,1932.4531,252.13,44.7026,1482.95,378.1523,461.85,877.515,28158.64,8.4476,3241.2706
2383.19,1132.4919,931.45,165.1461,1202.62,306.6681,51.73,98.287,13366.96,4.0101,1706.6032
5943.35,2824.2799,307.53,54.5251,1446.36,368.8218,151.18,287.242,21887.97,6.5664,3541.4352
7826.17,3718.996,723.09,128.2039,1735.34,442.5117,439.34,834.746,47627.85,14.2884,5138.746
4480.14,2128.9625,1842.3,326.6398,1487.24,379.2462,407.17,773.623,7765.35,2.3296,3610.8011
6423.33,3052.3664,1315.75,233.2825,757.87,193.2569,31.26,59.394,37677.04,11.3031,3549.6029
4864.57,2311.6437,602.49,106.8215,1597.22,407.2911,435.75,827.925,47504.95,14.2515,3667.9328
7905.31,3756.6033,1165.12,206.5758,304.77,77.7163,293.35,557.365,13730.93,4.1193,4602.3797
8741.03,4153.7375,1195.41,211.9462,908.81,231.7465,468.71,890.549,28782.6,8.6348,5496.614
7564.27,3594.5411,234.8,41.63,470.08,119.8704,351.17,667.223,11210.31,3.3631,4426.6276
4918.27,2337.1619,907.46,160.8927,682.74,174.0987,393.68,747.992,33930.29,10.1791,3430.3244
646.93,307.4211,1451.05,257.2712,47.17,12.0284,240.8,457.52,41860.47,12.5581,1046.7988
2090.23,993.2773,1306.47,231.6371,615.49,156.95,415.8,790.02,17438.45,5.2315,2177.1159
3029.27,1439.5091,853.52,151.3291,421.01,107.3576,295.99,562.381,44147.14,13.2441,2273.8209
6865.02,3262.2575,722.64,128.1241,1487.97,379.4323,194.46,369.474,2045.14,0.6135,4139.9014
9879.62,4694.7954,1137.24,201.6327,105.51,26.9051,356.25,676.875,26635.23,7.9906,5608.1988
6367.49,3025.8312,283.08,50.1901,148.55,37.8803,191.5,363.85,39800.51,11.9402,3489.6918
4269.81,2029.0137,366.96,65.062,969.84,247.3092,211.72,402.268,39553.83,11.8661,2755.519
1507.01,716.1312,1737.84,308.119,1375.55,350.7652,117.93,224.067,27422.16,8.2266,1607.309
2001.75,951.2316,431.89,76.5741,488.1,124.4655,106.5,202.35,23923.09,7.1769,1361.7981
8509.14,4043.5433,1899.26,336.7388,1291.63,329.3657,403.96,767.524,17845.92,5.3538,5482.5256
5670.59,2694.6644,413.43,73.3011,1923.0,490.365,261.03,495.957,15688.67,4.7066,3758.9941
5521.42,2623.7788,881.5,156.29,1286.58,328.0779,147.6,280.44,16745.41,5.0236,3393.6103
2153.4,1023.2957,989.57,175.4508,1408.17,359.0834,218.91,415.929,44004.85,13.2015,1986.9604
3722.29,1768.8322,697.69,123.7004,1579.17,402.6884,483.7,919.03,46101.04,13.8303,3228.0813
7910.67,3759.1504,958.89,170.0112,1951.61,497.6606,355.66,675.754,14521.14,4.3563,5106.9325
6657.99,3163.8768,580.84,102.9829,664.96,169.5648,323.29,614.251,23034.52,6.9104,4057.5859
4052.48,1925.7385,104.86,18.5917,1905.94,486.0147,375.72,713.868,30531.66,9.1595,3153.3724
389.23,184.9621,1417.41,251.3068,533.63,136.0756,276.08,524.552,44800.12,13.44,1110.3365
8223.74,3907.9212,1529.53,271.1857,1340.64,341.8632,160.99,305.881,11305.98,3.3918,4830.2429
1868.69,888.0015,1970.37,349.3466,301.13,76.7882,357.97,680.143,25692.14,7.7076,2001.9869
1455.02,691.4255,774.7,137.3543,301.62,76.9131,480.61,913.159,45303.22,13.591,1832.4429
7885.54,3747.2086,1186.45,210.3576,1838.09,468.7129,456.64,867.616,25253.55,7.5761,5301.4712
3002.03,1426.5647,614.73,108.9916,1031.27,262.9739,107.41,204.079,20557.86,6.1674,2008.7766
3966.86,1885.0519,263.26,46.676,469.67,119.7659,335.03,636.557,49811.58,14.9435,2702.9943
7074.58,3361.8404,154.97,27.4762,1835.65,468.0908,438.18,832.542,27280.79,8.1842,4698.1336
3539.38,1681.9134,111.94,19.847,1069.83,272.8066,79.4,150.86,39180.0,11.754,2137.181
599.4,284.8349,1228.01,217.7262,1039.63,265.1057,328.86,624.834,1924.45,0.5773,1393.0781
1292.34,614.12,910.64,161.4565,1388.64,354.1032,234.93,446.367,27754.41,8.3263,1584.373
8717.67,4142.6368,609.66,108.0927,1210.07,308.5678,193.44,367.536,9785.09,2.9355,4929.7688
6866.39,3262.9085,576.8,102.2666,218.15,55.6283,117.75,223.725,30620.54,9.1862,3653.7146
1068.06,507.5421,993.48,176.144,1492.74,380.6487,21.35,40.565,21281.66,6.3845,1111.2843
1295.02,615.3935,178.08,31.5736,1782.37,454.5043,449.49,854.031,27646.95,8.2941,1963.7965
5005.68,2378.6991,1284.62,227.7631,1783.02,454.6701,148.31,281.789,16702.11,5.0106,3347.9319
1914.97,909.9937,1325.55,235.02,509.78,129.9939,147.04,279.376,26415.29,7.9246,1562.3082
1860.72,884.2141,1736.03,307.7981,553.25,141.0788,189.63,360.297,27897.36,8.3692,1701.7572
6391.93,3037.4451,1331.48,236.0714,1374.61,350.5255,108.53,206.207,9211.22,2.7634,3833.0124
4812.28,2286.7955,1072.59,190.1702,448.55,114.3803,70.21,133.399,4637.34,1.3912,2726.1362
5348.3,2541.5122,261.28,46.3249,1321.9,337.0845,353.57,671.783,22596.1,6.7788,3603.4834
4922.15,2339.0057,796.96,141.301,439.91,112.1771,249.01,473.119,22803.42,6.841,3072.4438
5556.82,2640.6009,1577.8,279.7439,1716.28,437.6514,103.9,197.41,26445.81,7.9337,3563.3399
9113.53,4330.7495,1752.46,310.7112,1333.79,340.1164,428.85,814.815,23482.05,7.0446,5803.4367
3577.49,1700.0232,1720.82,305.1014,73.71,18.796,458.96,872.024,17729.56,5.3189,2901.2635
382.38,181.707,1538.52,272.7796,1802.57,459.6553,262.92,499.548,9115.82,2.7347,1416.4246
5491.84,2609.7224,522.24,92.5932,742.46,189.3273,392.54,745.826,36929.75,11.0789,3648.5478
4716.64,2241.3473,1006.84,178.5127,575.74,146.8137,471.74,896.306,31726.13,9.5178,3472.4975
4609.2,2190.2918,173.4,30.7438,1299.29,331.3189,426.69,810.711,16770.9,5.0313,3368.0968
3270.41,1554.0988,1778.99,315.4149,1739.27,443.5138,494.65,939.835,35752.38,10.7257,3263.5882
6473.53,3076.2215,1890.56,335.1963,1800.39,459.0995,450.83,856.577,49138.02,14.7414,4741.8357
1651.11,784.6075,1071.09,189.9043,990.4,252.552,411.13,781.147,41349.14,12.4047,2020.6155
6123.34,2909.8112,895.29,158.7349,633.36,161.5068,149.58,284.202,7206.12,2.1618,3516.4167
6855.86,3257.9047,1984.36,351.827,1346.86,343.4493,236.99,450.281,37159.6,11.1479,4414.6099
2360.61,1121.7619,414.04,73.4093,47.43,12.0946,330.17,627.323,14067.21,4.2202,1838.809
5180.12,2461.593,1830.17,324.4891,698.49,178.1149,45.6,86.64,14241.25,4.2724,3055.1094
9972.94,4739.1411,1556.71,276.0047,968.22,246.8961,358.09,680.371,42220.3,12.6661,5955.079
6211.89,2951.8901,1333.84,236.4898,1079.8,275.349,65.29,124.051,24024.69,7.2074,3594.9873
4035.17,1917.5128,92.68,16.4322,956.93,244.0171,116.12,220.628,36357.8,10.9073,2409.4974
414.75,197.0892,821.52,145.6555,1252.07,319.2779,133.17,253.023,23149.92,6.945,921.9906
9351.26,4443.7188,518.41,91.9141,1209.97,308.5423,139.6,265.24,29604.46,8.8813,5118.2965
5920.62,2813.4786,844.07,149.6536,497.9,126.9645,10.73,20.387,47630.97,14.2893,3124.773
6561.89,3118.2101,1550.68,274.9356,269.2,68.646,11.25,21.375,10882.5,3.2647,3486.4314
9628.79,4575.601,589.16,104.4581,603.06,153.7803,151.8,288.42,21933.46,6.58,5128.8394
9148.97,4347.5905,1711.12,303.3816,783.42,199.7721,286.31,543.989,9767.4,2.9302,5397.6634
9448.2,4489.7846,81.18,14.3932,1445.09,368.498,322.18,612.142,30035.89,9.0108,5493.8286
5165.86,2454.8167,1892.35,335.5137,1403.82,357.9741,58.86,111.834,27249.29,8.1748,3268.3133
5381.51,2557.2936,1085.85,192.5212,1877.56,478.7778,394.59,749.721,39304.35,11.7913,3990.1049
944.43,448.7931,835.17,148.0756,1970.33,502.4341,32.67,62.073,35199.64,10.5599,1171.9357
1274.96,605.861,1202.46,213.1962,1778.65,453.5558,53.97,102.543,28683.45,8.605,1383.761
3086.8,1466.8474,138.62,24.5773,948.35,241.8293,204.28,388.132,48427.85,14.5284,2135.9144
7169.9,3407.1365,1785.3,316.5337,1138.18,290.2359,261.75,497.325,25230.81,7.5692,4518.8003
8944.59,4250.4692,1421.33,252.0018,551.83,140.7167,49.09,93.271,6134.53,1.8404,4738.2991
4478.26,2128.0692,1648.83,292.3376,830.13,211.6832,144.76,275.044,18397.91,5.5194,2912.6534
8412.87,3997.7958,818.51,145.1218,1245.16,317.5158,27.04,51.376,30340.18,9.1021,4520.9115
264.75,125.8092,364.63,64.6489,202.23,51.5686,44.59,84.721,12539.89,3.762,330.5097
9506.99,4517.7216,410.2,72.7285,497.11,126.7631,22.9,43.51,28229.39,8.4688,4769.192
668.27,317.5619,1112.62,197.2675,1983.14,505.7007,162.23,308.237,14759.11,4.4277,1333.1948
9119.72,4333.6909,1064.18,188.6791,696.0,177.48,441.89,839.591,20161.41,6.0484,5545.4894
8584.69,4079.4447,1132.98,200.8774,1813.69,462.4909,122.04,231.876,13400.51,4.0202,4978.7092
7402.05,3517.4542,1144.74,202.9624,249.07,63.5129,131.57,249.983,38464.21,11.5393,4045.4518
6934.74,3295.3884,423.67,75.1167,1298.74,331.1787,257.55,489.345,45984.26,13.7953,4204.8241
7266.85,3453.2071,1333.56,236.4402,1969.61,502.2505,438.01,832.219,22395.91,6.7188,5030.8356
1759.47,836.1001,324.03,57.4505,1249.47,318.6148,476.23,904.837,49128.29,14.7385,2131.7409
7203.59,3423.146,1037.28,183.9097,770.27,196.4188,319.55,607.145,11570.11,3.471,4414.0905
5557.89,2641.1093,1563.38,277.1873,1202.92,306.7446,295.06,560.614,20019.44,6.0058,3791.661
5831.8,2771.2714,1046.02,185.4593,1433.05,365.4278,347.03,659.357,46568.47,13.9705,3995.486
3440.75,1635.0444,1055.95,187.2199,197.63,50.3956,258.54,491.226,33188.3,9.9565,2373.8424
7321.11,3478.9915,1887.03,334.5704,418.86,106.8093,237.54,451.326,40046.75,12.014,4383.7112
6371.36,3027.6703,508.36,90.1322,463.5,118.1925,280.25,532.475,21128.44,6.3385,3774.8085
7894.4,3751.4189,1170.3,207.4942,678.41,172.9946,80.52,152.988,2361.97,0.7086,4285.6043
5570.04,2646.883,1822.07,323.053,61.23,15.6136,452.29,859.351,39753.65,11.9261,3856.8267
5727.34,2721.632,1366.78,242.3301,1507.32,384.3666,133.45,253.555,49030.76,14.7092,3616.5929
911.34,433.0688,338.72,60.0551,11.24,2.8662,108.75,206.625,5621.55,1.6865,704.3016
4356.91,2070.4036,760.31,134.803,1835.01,467.9275,162.39,308.541,34260.09,10.278,2991.9531
6476.76,3077.7564,1225.65,217.3077,1043.66,266.1333,161.18,306.242,47979.13,14.3937,3881.8331
5890.35,2799.0943,219.55,38.9262,1164.56,296.9628,476.76,905.844,36836.07,11.0508,4051.8781
5595.41,2658.9388,740.76,131.3367,1785.54,455.3127,330.51,627.969,13540.06,4.062,3877.6192
5891.59,2799.6836,1232.54,218.5293,1246.67,317.9009,189.17,359.423,47156.06,14.1468,3709.6836
2384.78,1133.2475,1496.85,265.3915,1017.96,259.5798,485.8,923.02,12806.98,3.8421,2585.0809
5346.91,2540.8516,652.58,115.7024,1371.89,349.832,407.79,774.801,10300.98,3.0903,3784.2773
9924.95,4716.3362,1829.81,324.4253,360.17,91.8434,135.08,256.652,43743.55,13.1231,5402.38
8999.94,4276.7715,350.28,62.1046,1695.99,432.4775,434.85,826.215,21838.73,6.5516,5604.1202
8294.36,3941.4799,132.69,23.5259,230.75,58.8413,35.56,67.564,14422.63,4.3268,4095.7379
8693.74,4131.2652,1901.03,337.0526,490.55,125.0903,76.96,146.224,34130.02,10.239,4749.8711
1588.68,754.9407,864.74,153.3184,822.59,209.7605,475.34,903.146,49521.39,14.8564,2036.022
6643.4,3156.9437,1750.65,310.3902,1539.61,392.6005,320.34,608.646,4443.66,1.3331,4469.9135
145.52,69.1511,1754.4,311.0551,1167.77,297.7813,107.22,203.718,37191.08,11.1573,892.8628
5342.49,2538.7512,547.23,97.0239,427.95,109.1273,201.23,382.337,33034.26,9.9103,3137.1497
256.5,121.8888,1327.94,235.4438,203.42,51.8721,193.39,367.441,35125.51,10.5377,787.1834
275.19,130.7703,175.71,31.1534,886.12,225.9606,483.81,919.239,22593.79,6.7781,1313.9014
1296.72,616.2013,1554.92,275.6873,958.2,244.341,264.51,502.569,46535.16,13.9605,1652.7591
4975.86,2364.5287,634.17,112.4383,625.02,159.3801,373.36,709.384,47981.04,14.3943,3360.1254
4339.18,2061.9783,1882.34,333.7389,578.96,147.6348,109.44,207.936,7091.51,2.1275,2753.4155
5782.52,2747.8535,1942.23,344.3574,136.02,34.6851,298.95,568.005,32731.49,9.8194,3704.7204
476.9,226.6229,1833.91,325.1522,951.57,242.6504,406.38,772.122,21538.53,6.4616,1573.0091
1104.57,524.8917,1135.77,201.372,32.52,8.2926,462.35,878.465,25963.45,7.789,1620.8103
9290.72,4414.9501,42.87,7.6009,1795.84,457.9392,186.61,354.559,30976.57,9.293,5244.3422
7341.02,3488.4527,1351.58,239.6351,1134.86,289.3893,141.25,268.375,18742.53,5.6228,4291.4749
3944.0,1874.1888,1608.71,285.2243,1747.85,445.7018,435.24,826.956,1525.12,0.4575,3432.5284
1806.67,858.5296,391.21,69.3615,1036.83,264.3916,194.18,368.942,1947.31,0.5842,1561.8089
9785.11,4649.8843,50.49,8.9519,1824.46,465.2373,69.07,131.233,13192.18,3.9577,5259.2642
6569.39,3121.7741,607.04,107.6282,359.89,91.772,464.04,881.676,31918.29,9.5755,4212.4258
4487.55,2132.4838,33.76,5.9856,1376.37,350.9743,100.6,191.14,5755.18,1.7266,2682.3103
1772.02,842.0639,514.81,91.2758,941.52,240.0876,7.36,13.984,44253.94,13.2762,1200.6875
3886.03,1846.6415,193.61,34.3271,965.81,246.2815,9.97,18.943,10468.79,3.1406,2149.3337
4605.78,2188.6667,1556.93,276.0437,1544.53,393.8551,420.33,798.627,4768.94,1.4307,3658.6232
6602.09,3137.3132,1574.44,279.1482,15.45,3.9398,293.53,557.707,33125.08,9.9375,3988.0457
6550.26,3112.6836,467.26,82.8452,1632.55,416.3003,347.51,660.269,5445.97,1.6338,4273.7319
474.23,225.3541,652.58,115.7024,1525.56,389.0178,447.55,850.345,22420.15,6.726,1587.1453
5630.77,2675.7419,561.86,99.6178,614.26,156.6363,437.4,831.06,14123.26,4.237,3767.293
8522.88,4050.0726,791.35,140.3064,1113.09,283.8379,171.5,325.85,14270.02,4.281,4804.3479
1669.64,793.4129,1274.12,225.9015,136.38,34.7769,213.62,405.878,16630.13,4.989,1464.9583
6344.62,3014.9634,841.49,149.1962,1133.55,289.0553,85.15,161.785,28715.06,8.6145,3623.6144
8343.96,3965.0498,811.23,143.8311,613.04,156.3252,230.83,438.577,38280.54,11.4842,4715.2673
1159.42,550.9564,1529.21,271.1289,122.16,31.1508,239.26,454.594,28556.85,8.5671,1316.3972
8862.69,4211.5503,1400.59,248.3246,288.59,73.5904,277.36,526.984,44285.53,13.2857,5073.735
8245.84,3918.4232,1427.16,253.0355,903.16,230.3058,187.77,356.763,12788.31,3.8365,4762.364
6665.43,3167.4123,306.95,54.4222,1381.67,352.3259,453.93,862.467,14699.55,4.4099,4441.0373
8992.69,4273.3263,1496.08,265.255,1871.51,477.2351,255.08,484.652,19814.6,5.9444,5506.4128
3217.6,1529.0035,891.61,158.0825,395.38,100.8219,179.61,341.259,22963.31,6.889,2136.0559
4697.41,2232.2092,1736.31,307.8478,1684.56,429.5628,138.22,262.618,1356.1,0.4068,3232.6446
4480.29,2129.0338,746.81,132.4094,1272.57,324.5053,142.62,270.978,26753.17,8.026,2864.9525
7525.35,3576.0463,1785.98,316.6543,1650.94,420.9897,53.26,101.194,39438.99,11.8317,4426.716
8551.87,4063.8486,48.51,8.6008,1995.01,508.7276,258.46,491.074,13296.49,3.9889,5076.2399
7731.5,3674.0088,1752.1,310.6473,1714.52,437.2026,367.46,698.174,7469.47,2.2408,5122.2735
6317.3,3001.981,828.43,146.8806,688.34,175.5267,402.21,764.199,19670.47,5.9011,4094.4884
5851.16,2780.4712,101.65,18.0225,1407.63,358.9457,203.0,385.7,7996.36,2.3989,3545.5383
7488.95,3558.749,1155.27,204.8294,256.23,65.3387,219.47,416.993,36775.33,11.0326,4256.9427
3430.79,1630.3114,1181.38,209.4587,1062.06,270.8253,285.88,543.172,17197.99,5.1594,2658.9268
1626.03,772.6895,918.19,162.7951,1529.19,389.9435,280.4,532.76,49343.7,14.8031,1872.9912
9049.32,4300.2369,182.57,32.3697,1374.53,350.5052,150.49,285.931,15588.74,4.6766,4973.7194
3072.05,1459.8382,1775.59,314.8121,448.95,114.4822,345.37,656.203,32693.32,9.808,2555.1435
5519.33,2622.7856,66.87,11.8561,111.27,28.3739,78.95,150.005,25623.35,7.687,2820.7076
5097.71,2422.4318,1658.29,294.0148,444.57,113.3654,316.19,600.761,5922.89,1.7769,3432.3499
1106.07,525.6045,1082.16,191.867,238.12,60.7206,85.03,161.557,22365.74,6.7097,946.4588
447.44,212.6235,1469.17,260.4838,476.84,121.5942,491.01,932.919,24728.07,7.4184,1535.0389
9404.4,4468.9709,1373.22,243.4719,490.61,125.1056,349.46,663.974,45232.49,13.5697,5515.0921
1638.11,778.4299,1735.97,307.7875,615.4,156.927,149.14,283.366,7798.42,2.3395,1528.8499
4588.4,2180.4077,235.63,41.7772,1376.27,350.9488,292.06,554.914,13169.98,3.951,3131.9987
221.16,105.0952,1221.57,216.5844,740.59,188.8505,351.43,667.717,18009.91,5.403,1183.6501
2043.73,971.1805,1177.95,208.8505,963.8,245.769,472.75,898.225,21208.37,6.3625,2330.3875
571.09,271.382,1163.59,206.3045,981.69,250.331,30.78,58.482,19405.51,5.8217,792.3212
7628.39,3625.0109,1865.02,330.668,197.63,50.3956,162.99,309.681,49953.28,14.986,4330.7415
2118.0,1006.4736,502.71,89.1305,917.03,233.8426,183.68,348.992,10707.67,3.2123,1681.651
9762.51,4639.1448,10.05,1.7819,624.97,159.3674,464.55,882.645,10155.57,3.0467,5685.9858
3831.94,1820.9379,1035.2,183.541,705.89,180.0019,282.76,537.244,46650.96,13.9953,2735.7201
3082.27,1464.6947,1059.97,187.9327,1016.92,259.3146,210.68,400.292,37746.14,11.3238,2323.5578
7962.74,3783.894,14.33,2.5407,855.0,218.025,397.43,755.117,7505.47,2.2516,4761.8283
9606.23,4564.8805,348.4,61.7713,754.06,192.2853,259.96,493.924,22859.22,6.8578,5319.7189
8957.37,4256.5422,1765.64,313.048,864.24,220.3812,334.3,635.17,30758.92,9.2277,5434.3691
8422.83,4002.5288,1130.87,200.5033,506.0,129.03,340.51,646.969,30159.49,9.0478,4988.0789
7891.66,3750.1168,1797.29,318.6595,241.02,61.4601,81.95,155.705,49599.45,14.8798,4300.8212
2233.17,1061.2024,522.65,92.6658,1848.16,471.2808,103.62,196.878,32175.46,9.6526,1831.6796
1020.45,484.9178,671.96,119.1385,812.7,207.2385,275.56,523.564,39219.42,11.7658,1346.6246
1803.58,857.0612,1114.43,197.5884,830.67,211.8209,192.88,366.472,6594.29,1.9783,1634.9208
7602.0,3612.4704,1915.82,339.6749,1454.91,371.0021,305.43,580.317,38908.3,11.6725,4915.1369
1136.04,539.8462,51.38,9.1097,1552.63,395.9207,34.96,66.424,22625.13,6.7875,1018.0881
3899.99,1853.2752,1754.97,311.1562,365.18,93.1209,209.32,397.708,42707.89,12.8124,2668.0727
2252.48,1070.3785,483.63,85.7476,1239.05,315.9577,386.11,733.609,47103.16,14.1309,2219.8237
3623.04,1721.6686,1604.26,284.4353,1467.98,374.3349,429.71,816.449,10606.61,3.182,3200.0698
3555.28,1689.4691,1525.67,270.5013,1921.97,490.1024,217.9,414.01,14570.44,4.3711,2868.4539
4754.94,2259.5475,285.99,50.706,613.53,156.4502,109.6,208.24,42939.17,12.8818,2687.8255
1675.33,796.1168,1889.72,335.0474,315.3,80.4015,391.4,743.66,6110.42,1.8331,1957.0588
8600.31,4086.8673,607.61,107.7293,1355.67,345.6959,83.48,158.612,39967.23,11.9902,4710.8947
2612.93,1241.6643,409.51,72.6061,1830.94,466.8897,494.6,939.74,29838.47,8.9515,2729.8516
6409.14,3045.6233,1585.53,281.1145,681.09,173.678,118.85,225.815,39119.62,11.7359,3737.9667
6250.06,2970.0285,1472.7,261.1097,125.78,32.0739,153.3,291.27,29950.52,8.9852,3563.4673
4131.27,1963.1795,1021.62,181.1332,1369.52,349.2276,446.18,847.742,40338.38,12.1015,3353.3838
7063.73,3356.6845,731.81,129.7499,1676.51,427.51,168.74,320.606,34954.56,10.4864,4245.0368
5098.34,2422.7312,254.48,45.1193,1436.24,366.2412,287.95,547.105,29283.53,8.7851,3389.9818
2771.85,1317.1831,241.11,42.7488,1359.21,346.5985,415.59,789.621,8132.57,2.4398,2498.5912
182.65,86.7953,1537.75,272.6431,856.53,218.4151,443.85,843.315,47222.0,14.1666,1435.3351
6046.7,2873.3918,1430.82,253.6844,1803.24,459.8262,263.51,500.669,18060.32,5.4181,4092.9895
3149.02,1496.4143,563.56,99.9192,1125.42,286.9821,23.91,45.429,46957.23,14.0872,1942.8318
760.91,361.5844,1151.26,204.1184,1409.7,359.4735,297.26,564.794,35666.64,10.7,1500.6703
9544.05,4535.3326,741.57,131.4804,1213.99,309.5675,141.81,269.439,32253.07,9.6759,5255.4954
6521.39,3098.9645,466.27,82.6697,43.11,10.9931,109.1,207.29,43978.62,13.1936,3413.1109
3725.99,1770.5904,1208.2,214.2139,1640.37,418.2943,61.89,117.591,4877.95,1.4634,2522.153
892.62,424.173,586.09,103.9138,1994.28,508.5414,271.8,516.42,7913.94,2.3742,1555.4224
3596.54,1709.0758,1601.33,283.9158,863.09,220.088,300.52,570.988,42292.5,12.6877,2796.7553
6966.09,3310.286,1529.68,271.2123,1701.32,433.8366,345.33,656.127,48671.07,14.6013,4686.0632
5947.7,2826.347,1030.68,182.7396,1859.12,474.0756,45.09,85.671,32993.72,9.8981,3578.7313
1069.23,508.0981,390.06,69.1576,1806.48,460.6524,116.21,220.799,18309.49,5.4928,1264.1999
1429.88,679.479,1588.16,281.5808,51.53,13.1402,403.01,765.719,14052.04,4.2156,1744.1346
9041.25,4296.402,1585.6,281.1269,1647.32,420.0666,301.58,573.002,24694.72,7.4084,5578.0059
1198.28,569.4227,106.19,18.8275,1092.58,278.6079,499.51,949.069,1277.21,0.3832,1816.3103
9178.54,4361.6422,1159.86,205.6432,1099.03,280.2527,108.34,205.846,48821.93,14.6466,5068.0307
8693.66,4131.2272,748.94,132.7871,486.21,123.9835,227.47,432.193,5066.96,1.5201,4821.7109
2935.91,1395.1444,123.45,21.8877,1248.91,318.4721,380.11,722.209,34636.17,10.3909,2468.1041
4953.64,2353.9697,778.27,137.9873,1662.43,423.9197,192.37,365.503,8863.34,2.659,3284.0387
4683.37,2225.5374,1233.58,218.7137,1052.26,268.3263,200.55,381.045,42660.66,12.7982,3106.4206
2920.58,1387.8596,1916.23,339.7476,431.6,110.058,297.29,564.851,25515.59,7.6547,2410.1709
4926.29,2340.973,337.79,59.8902,345.84,88.1892,434.31,825.189,11976.32,3.5929,3317.8343
3658.26,1738.4052,204.38,36.2366,429.83,109.6067,281.3,534.47,19056.95,5.7171,2424.4356
2050.78,974.5307,887.81,157.4087,1987.28,506.7564,94.75,180.025,37331.93,11.1996,1829.9204
8945.67,4250.9824,1296.24,229.8234,265.14,67.6107,77.72,147.668,29815.29,8.9446,4705.0291
3395.28,1613.4371,1291.94,229.061,1998.06,509.5053,475.23,902.937,20762.66,6.2288,3261.1692
2385.7,1133.6846,440.7,78.1361,1161.63,296.2157,184.3,350.17,43468.67,13.0406,1871.247
1586.64,753.9713,75.99,13.473,1603.77,408.9613,161.59,307.021,4737.08,1.4211,1484.8477
1168.58,555.3092,896.45,158.9406,740.34,188.7867,423.81,805.239,18455.52,5.5367,1713.8122
9493.65,4511.3825,1444.23,256.062,43.04,10.9752,183.12,347.928,38265.24,11.4796,5137.8273
1744.79,829.1242,1709.87,303.16,652.95,166.5023,415.4,789.26,41861.52,12.5585,2100.605
8563.96,4069.5938,1546.95,274.2742,1800.4,459.102,269.06,511.214,11061.66,3.3185,5317.5025
1333.51,633.684,1369.87,242.878,726.32,185.2116,298.38,566.922,45386.15,13.6158,1642.3114
6741.02,3203.3327,1221.91,216.6446,1685.79,429.8764,275.25,522.975,3624.26,1.0873,4373.916
5262.81,2500.8873,571.11,101.2578,986.46,251.5473,209.38,397.822,11925.63,3.5777,3255.0921
9541.94,4534.3299,1467.15,260.1257,1929.62,492.0531,281.45,534.755,37392.81,11.2178,5832.4815
5251.04,2495.2942,1513.59,268.3595,825.92,210.6096,476.95,906.205,41260.27,12.3781,3892.8464
2931.61,1393.1011,1697.19,300.9118,1917.8,489.039,38.17,72.523,45584.98,13.6755,2269.2504
6737.97,3201.8833,1213.21,215.1021,1187.88,302.9094,176.87,336.053,48218.34,14.4655,4070.4133
6726.8,3196.5754,333.79,59.181,1128.12,287.6706,37.09,70.471,41051.89,12.3156,3626.2136
3644.18,1731.7143,1754.11,311.0037,46.29,11.804,459.9,873.81,48054.83,14.4164,2942.7484
8609.7,4091.3294,1892.95,335.62,1151.43,293.6147,112.17,213.123,25082.25,7.5247,4941.2118
1642.56,780.5445,1906.82,338.0792,119.7,30.5235,173.55,329.745,34909.16,10.4727,1489.3649
4063.72,1931.0797,1164.04,206.3843,825.41,210.4795,359.11,682.309,5589.46,1.6768,3031.9293
7608.06,3615.3501,52.07,9.232,16.28,4.1514,48.92,92.948,38448.4,11.5345,3733.216
6575.19,3124.5303,22.29,3.952,445.01,113.4775,383.25,728.175,11365.54,3.4097,3973.5445
9453.06,4492.0941,1809.87,320.89,832.05,212.1727,201.78,383.382,21615.92,6.4848,5415.0236
5645.45,2682.7178,1720.56,305.0553,1535.36,391.5168,119.42,226.898,31271.27,9.3814,3615.5693
5628.26,2674.5492,256.02,45.3923,1248.44,318.3522,134.7,255.93,44143.86,13.2432,3307.4669
5192.58,2467.514,588.0,104.2524,1247.29,318.0589,161.1,306.09,11063.86,3.3192,3199.2345
7833.17,3722.3224,1356.44,240.4968,151.26,38.5713,23.17,44.023,8690.53,2.6072,4048.0207
1276.56,606.6213,980.46,173.8356,1778.0,453.39,119.26,226.594,21750.02,6.525,1466.9659
6566.57,3120.4341,1099.76,194.9874,118.14,30.1257,322.59,612.921,18392.04,5.5176,3963.9858
1651.43,784.7595,748.09,132.6364,980.83,250.1117,178.15,338.485,29500.87,8.8503,1514.8429
8858.94,4209.7683,1352.72,239.8373,1122.77,286.3064,312.17,593.123,3505.84,1.0518,5330.0868
2675.21,1271.2598,170.62,30.2509,284.19,72.4685,126.6,240.54,33712.7,10.1138,1624.633
2467.79,1172.6938,80.13,14.207,47.37,12.0793,414.18,786.942,27827.39,8.3482,1994.2703
6970.22,3312.2485,1732.85,307.2343,112.42,28.6671,388.13,737.447,45205.92,13.5618,4399.1587
5289.91,2513.7652,1488.31,263.8774,207.81,52.9916,211.73,402.287,43370.17,13.0111,3245.9323
6260.79,2975.1274,686.22,121.6668,1066.91,272.062,302.62,574.978,20042.11,6.0126,3949.8468
1431.46,680.2298,1535.36,272.2193,349.65,89.1607,93.32,177.308,32022.84,9.6069,1228.5247
4418.64,2099.7377,1759.72,311.9984,1134.29,289.2439,90.34,171.646,43282.06,12.9846,2885.6106
2336.68,1110.3903,374.87,66.4645,1165.2,297.126,312.9,594.51,3473.25,1.042,2069.5328
8063.69,3831.8655,1143.12,202.6752,1197.57,305.3803,387.6,736.44,48602.73,14.5808,5090.9418
3642.5,1730.916,447.2,79.2886,1521.37,387.9493,275.41,523.279,15965.99,4.7898,2726.2227
6726.66,3196.5088,1173.12,207.9942,51.36,13.0968,358.88,681.872,23945.49,7.1836,4106.6554
1229.49,584.2536,918.54,162.8571,1814.62,462.7281,101.43,192.717,11109.07,3.3327,1405.8885
9453.43,4492.2699,955.76,169.4562,1813.19,462.3635,150.33,285.627,22028.15,6.6084,5416.325
5774.34,2743.9664,1980.92,351.2171,1906.63,486.1907,449.85,854.715,36160.84,10.8483,4446.9375
8443.92,4012.5508,919.0,162.9387,929.41,236.9995,402.71,765.149,8156.08,2.4468,5180.0848
8357.74,3971.598,1751.42,310.5268,1570.37,400.4443,258.53,491.207,31599.22,9.4798,5183.2559
4315.64,2050.7921,311.55,55.2378,1605.32,409.3566,448.0,851.2,23034.76,6.9104,3373.4969
9792.94,4653.6051,903.9,160.2615,816.92,208.3146,478.74,909.606,31697.66,9.5093,5941.2965
1371.59,651.7796,1777.73,315.1915,1552.11,395.788,332.59,631.921,16945.22,5.0836,1999.7637
8591.21,4082.543,253.82,45.0023,970.68,247.5234,406.88,773.072,36384.39,10.9153,5159.056
8608.65,4090.8305,1970.12,349.3023,1983.55,505.8053,217.02,412.338,30828.97,9.2487,5367.5248
8541.62,4058.9778,376.61,66.773,1890.33,482.0342,293.52,557.688,35398.36,10.6195,5176.0925
6645.54,3157.9606,1717.41,304.4968,1644.09,419.243,220.01,418.019,2792.48,0.8377,4300.5571
1300.7,618.0926,955.55,169.419,1642.29,418.784,261.75,497.325,23711.16,7.1133,1710.7339
4711.4,2238.8573,1375.82,243.9329,1929.71,492.0761,496.73,943.787,9963.45,2.989,3921.6423
5376.13,2554.737,236.69,41.9651,1712.64,436.7232,451.54,857.926,33882.31,10.1647,3901.516
3242.48,1540.8265,928.53,164.6284,1104.92,281.7546,411.65,782.135,31021.12,9.3063,2778.6508
1053.74,500.7372,1044.42,185.1757,1594.55,406.6103,396.2,752.78,39788.58,11.9366,1857.2398
5950.09,2827.4828,1106.43,196.17,1530.05,390.1628,283.14,537.966,46833.22,14.05,3965.8316
9095.01,4321.9488,1601.7,283.9814,1253.31,319.594,257.23,488.737,23101.69,6.9305,5421.1917
3204.19,1522.6311,835.12,148.0668,992.16,253.0008,464.82,883.158,40513.53,12.1541,2819.0108
8442.29,4011.7762,1324.26,234.7913,691.97,176.4524,262.53,498.807,17292.29,5.1877,4927.0146
5013.43,2382.3819,1168.95,207.2548,647.62,165.1431,290.52,551.988,48160.24,14.4481,3321.2159
1742.02,827.8079,1707.93,302.816,990.42,252.5571,323.46,614.574,11581.09,3.4743,2001.2293
2579.38,1225.7214,1402.66,248.6916,1873.98,477.8649,281.77,535.363,3163.65,0.9491,2488.59
4883.92,2320.8388,441.94,78.356,1261.53,321.6902,95.58,181.602,40318.83,12.0956,2914.5826
1745.01,829.2288,1946.37,345.0914,326.5,83.2575,300.66,571.254,6910.14,2.073,1830.9047
8365.28,3975.1811,153.0,27.1269,714.31,182.149,226.53,430.407,47556.16,14.2668,4629.1308
3298.66,1567.5232,60.65,10.7532,855.3,218.1015,327.95,623.105,1456.5,0.4369,2419.9198
1005.99,478.0464,656.88,116.4648,736.16,187.7208,416.95,792.205,8073.29,2.422,1576.859
8519.66,4048.5424,1146.38,203.2532,1642.84,418.9242,168.97,321.043,27342.51,8.2028,4999.9656
7185.34,3414.4736,1300.21,230.5272,1834.61,467.8255,478.45,909.055,43011.92,12.9036,5034.7849
6723.76,3195.1308,1128.76,200.1291,676.93,172.6171,210.03,399.057,14856.1,4.4568,3971.3908
8482.32,4030.7985,855.63,151.7032,1900.54,484.6377,204.4,388.36,13821.42,4.1464,5059.6458
5929.05,2817.4846,1839.54,326.1504,1539.76,392.6388,177.71,337.649,8237.66,2.4713,3876.3941
5205.41,2473.6108,187.35,33.2172,1124.09,286.6429,426.46,810.274,28026.19,8.4079,3612.1528
9751.43,4633.8795,1985.63,352.0522,418.04,106.6002,181.33,344.527,15437.09,4.6311,5441.69
1192.93,566.8803,339.79,60.2448,1834.0,467.67,179.73,341.487,39258.53,11.7776,1448.0597
410.61,195.1219,1491.63,264.466,851.84,217.2192,246.31,467.989,1384.09,0.4152,1145.2113
9478.35,4504.1119,1044.82,185.2466,1676.17,427.4234,207.6,394.44,29242.07,8.7726,5519.9945
488.78,232.2683,1145.05,203.0174,1648.99,420.4925,475.66,903.754,28101.48,8.4304,1767.9626
2398.97,1139.9905,155.14,27.5063,51.13,13.0382,284.82,541.158,22706.62,6.812,1728.505
7541.85,3583.8871,250.37,44.3906,1074.72,274.0536,423.87,805.353,35275.95,10.5828,4718.2671
2090.72,993.5101,868.96,154.0666,1500.93,382.7372,246.92,469.148,30830.92,9.2493,2008.7112
6725.13,3195.7818,1794.39,318.1453,1436.57,366.3254,73.95,140.505,18916.0,5.6748,4026.4323
4303.7,2045.1182,741.34,131.4396,674.39,171.9694,335.97,638.343,39820.44,11.9461,2998.8163
1707.14,811.2329,1834.06,325.1788,1605.09,409.298,361.05,685.995,49248.86,14.7747,2246.4794
2938.64,1396.4417,1237.46,219.4017,584.85,149.1368,369.58,702.202,24643.6,7.3931,2474.5753
3233.22,1536.4261,1476.82,261.8402,996.06,253.9953,360.73,685.387,41454.59,12.4364,2750.085
5523.56,2624.7957,1422.91,252.2819,373.38,95.2119,224.45,426.455,36070.41,10.8211,3409.5656
5120.11,2433.0763,1136.07,201.4252,1396.04,355.9902,312.76,594.244,3943.28,1.183,3585.9187
4353.5,2068.7832,137.36,24.3539,967.29,246.659,480.51,912.969,20459.04,6.1377,3258.9028
4036.7,1918.2398,535.19,94.8892,242.31,61.7891,49.15,93.385,7162.23,2.1487,2170.4518
5330.28,2532.9491,1296.17,229.8109,764.36,194.9118,66.21,125.799,19717.95,5.9154,3089.3862
2072.12,984.6714,130.74,23.1802,1628.12,415.1706,168.98,321.062,45060.25,13.5181,1757.6023
4129.2,1962.1958,712.23,126.2784,1372.4,349.962,344.72,654.968,4611.78,1.3835,3094.7877
5833.71,2772.179,1317.94,233.6708,1036.79,264.3814,470.87,894.653,6899.61,2.0699,4166.9541
9495.98,4512.4897,799.77,141.7992,344.14,87.7557,485.54,922.526,32482.75,9.7448,5674.3154
4272.4,2030.2445,312.56,55.4169,1113.06,283.8303,205.59,390.621,47649.6,14.2949,2774.4076
5597.1,2659.7419,375.99,66.663,1635.13,416.9582,498.77,947.663,23729.29,7.1188,4098.1449
3238.7,1539.0302,1792.02,317.7251,201.27,51.3239,426.63,810.597,19957.45,5.9872,2724.6634
1784.85,848.1607,1226.58,217.4726,149.06,38.0103,480.53,913.007,26058.77,7.8176,2024.4682
7877.59,3743.4308,1916.56,339.8061,200.25,51.0637,171.22,325.318,18488.32,5.5465,4465.1651
2908.77,1382.2475,912.62,161.8075,901.57,229.9004,223.12,423.928,38064.53,11.4194,2209.3028
533.29,253.4194,241.91,42.8906,648.15,165.2782,135.11,256.709,10346.4,3.1039,721.4011
402.2,191.1254,1096.99,194.4963,1114.07,284.0879,364.49,692.531,24917.1,7.4751,1369.7157
122.55,58.2358,860.79,152.6181,800.6,204.153,166.32,316.008,30199.88,9.06,740.0749
6178.79,2936.161,1055.22,187.0905,1399.59,356.8954,260.6,495.14,27431.57,8.2295,3983.5164
5625.41,2673.1948,1168.65,207.2016,1027.76,262.0788,18.16,34.504,46741.07,14.0223,3191.0015
3064.1,1456.0603,14.54,2.5779,1659.3,423.1215,92.45,175.655,10520.52,3.1562,2060.5709
9089.03,4319.1071,720.46,127.7376,1024.06,261.1353,109.61,208.259,27783.76,8.3351,4924.5741
8185.48,3889.7401,998.0,176.9454,1281.87,326.8768,159.49,303.031,42110.75,12.6332,4709.2265
8106.14,3852.0377,627.23,111.2079,98.67,25.1608,362.49,688.731,22919.57,6.8759,4684.0133
2142.42,1018.078,460.2,81.5935,43.5,11.0925,431.11,819.109,18957.42,5.6872,1935.5602
1493.64,709.7777,1034.77,183.4647,1515.39,386.4245,419.86,797.734,36944.01,11.0832,2088.4841
2078.34,987.6272,1601.54,283.953,605.66,154.4433,185.87,353.153,21375.98,6.4128,1785.5893
5686.27,2702.1155,1441.09,255.5053,304.33,77.6042,370.02,703.038,39375.47,11.8126,3750.0756
2130.11,1012.2283,669.08,118.6279,199.32,50.8266,252.82,480.358,1205.6,0.3617,1662.4025
6542.86,3109.1671,716.13,126.9698,308.58,78.6879,93.18,177.042,1921.22,0.5764,3492.4432
7285.62,3462.1266,190.04,33.6941,404.18,103.0659,68.68,130.492,35834.63,10.7504,3740.129
2957.28,1405.2995,1100.39,195.0991,1640.89,418.427,21.11,40.109,10659.87,3.198,2062.1326
5956.66,2830.6048,26.63,4.7215,1133.75,289.1062,271.2,515.28,8685.73,2.6057,3642.3182
5375.96,2554.6562,1044.47,185.1845,178.89,45.6169,316.64,601.616,33554.05,10.0662,3397.1398
7428.38,3529.9662,888.98,157.6162,951.55,242.6453,233.59,443.821,38591.76,11.5775,4385.6262
4851.3,2305.3378,292.32,51.8283,1830.53,466.7851,313.76,596.144,33873.98,10.1622,3430.2574
6505.53,3091.4279,159.43,28.2669,837.45,213.5498,274.82,522.158,9708.25,2.9125,3858.3151
8266.76,3928.3644,507.63,90.0028,916.66,233.7483,33.58,63.802,32856.61,9.857,4325.7745
532.36,252.9775,271.58,48.1511,1036.3,264.2565,252.67,480.073,31320.87,9.3963,1054.8544
2488.71,1182.635,1491.02,264.3578,179.72,45.8286,200.27,380.513,32205.27,9.6616,1882.996
8221.64,3906.9233,1919.52,340.3309,1424.17,363.1634,27.08,51.452,43649.07,13.0947,4674.9643
1015.42,482.5276,1663.27,294.8978,1693.76,431.9088,484.16,919.904,29558.37,8.8675,2138.1057
8266.38,3928.1838,79.65,14.1219,1970.71,502.531,148.18,281.542,32245.77,9.6737,4736.0524
7174.86,3409.4935,1032.62,183.0835,806.92,205.7646,132.68,252.092,36032.62,10.8098,4061.2434
5543.5,2634.2712,897.81,159.1817,11.27,2.8739,258.54,491.226,31495.21,9.4486,3297.0014
4663.91,2216.29,936.03,165.9581,493.9,125.9445,386.12,733.628,6216.42,1.8649,3243.6855
4967.57,2360.5893,673.53,119.4169,1855.21,473.0786,81.74,155.306,4758.94,1.4277,3109.8185
4530.2,2152.751,1094.15,193.9928,1383.08,352.6854,198.95,378.005,34353.78,10.3061,3087.7403
5380.99,2557.0464,1593.44,282.5169,407.92,104.0196,472.19,897.161,48762.52,14.6288,3855.3727
7391.03,3512.2175,1829.18,324.3136,1585.79,404.3764,198.23,376.637,38075.59,11.4227,4628.9672
9754.29,4635.2386,928.45,164.6142,1708.5,435.6675,374.16,710.904,24617.44,7.3852,5953.8095
2955.1,1404.2635,1433.0,254.0709,798.97,203.7374,232.54,441.826,48022.13,14.4066,2318.3044
7498.69,3563.3775,564.93,100.1621,1457.21,371.5885,362.36,688.484,16536.68,4.961,4728.5731
6558.94,3116.8083,1906.0,337.9338,1532.64,390.8232,305.9,581.21,29377.5,8.8133,4435.5886
8774.57,4169.6757,430.15,76.2656,1026.31,261.709,463.91,881.429,17767.54,5.3303,5394.4096
5213.57,2477.4885,386.73,68.5672,75.13,19.1581,80.29,152.551,34180.67,10.2542,2728.019
6200.85,2946.6439,414.99,73.5777,1100.23,280.5587,371.39,705.641,5445.95,1.6338,4008.0551
9531.79,4529.5066,102.38,18.152,688.07,175.4579,111.76,212.344,43294.25,12.9883,4948.4488
4801.13,2281.497,253.95,45.0253,1520.25,387.6637,168.01,319.219,24323.78,7.2971,3040.7021
1890.83,898.5224,1203.83,213.4391,256.53,65.4151,215.3,409.07,15652.41,4.6957,1591.1423
3607.86,1714.4551,283.22,50.2149,589.14,150.2307,232.51,441.769,25392.38,7.6177,2364.2874
5139.17,2442.1336,1497.68,265.5387,44.31,11.2991,192.08,364.952,14379.8,4.3139,3088.2373
8030.85,3816.2599,242.43,42.9828,1795.3,457.8015,498.38,946.922,39857.78,11.9573,5275.9235
5355.84,2545.0952,57.7,10.2302,573.24,146.1762,165.78,314.982,24229.28,7.2688,3023.7524
8612.2,4092.5174,227.59,40.3517,1679.33,428.2292,252.06,478.914,45115.18,13.5346,5053.5469
4503.81,2140.2105,1615.87,286.4938,555.8,141.729,379.13,720.347,13471.05,4.0413,3292.8216
380.06,180.6045,1931.36,342.4301,1137.84,290.1492,472.77,898.263,2360.38,0.7081,1712.1549
1667.18,792.2439,1333.68,236.4615,1520.55,387.7403,139.56,265.164,22882.36,6.8647,1688.4744
6230.91,2960.9284,1872.68,332.0262,1759.48,448.6674,410.23,779.437,11558.57,3.4676,4524.5266
6737.09,3201.4652,817.3,144.9073,1979.65,504.8108,287.3,545.87,9708.01,2.9124,4399.9657
9311.56,4424.8533,1263.54,224.0256,368.84,94.0542,344.48,654.512,37076.71,11.123,5408.5681
5773.76,2743.6908,1025.67,181.8513,1829.43,466.5047,170.3,323.57,44216.31,13.2649,3728.8817
964.31,458.2401,772.72,137.0033,510.3,130.1265,339.1,644.29,43299.41,12.9898,1382.6497
4781.56,2272.1973,1644.49,291.5681,1846.54,470.8677,160.04,304.076,37669.49,11.3008,3350.0099
4441.82,2110.7529,1355.83,240.3887,1175.15,299.6633,475.84,904.096,33181.89,9.9546,3564.8555
100.38,47.7006,586.44,103.9758,103.6,26.418,427.06,811.414,23075.53,6.9227,996.4311
3906.36,1856.3023,1035.49,183.5924,394.28,100.5414,316.92,602.148,47285.78,14.1857,2756.7698
9314.24,4426.1268,1860.57,329.8791,1946.08,496.2504,139.38,264.822,32324.75,9.6974,5526.7757
9857.56,4684.3125,193.21,34.2561,990.4,252.552,179.6,341.24,47585.23,14.2756,5326.6362
8604.84,4089.02,808.29,143.3098,1477.96,376.8798,95.45,181.355,34617.24,10.3852,4800.9498
9854.12,4682.6778,653.44,115.8549,98.47,25.1099,444.07,843.733,2331.75,0.6995,5668.0751
1973.57,937.8405,276.34,48.9951,1354.35,345.3592,177.69,337.611,38605.81,11.5817,1681.3875
6206.74,2949.4428,1603.89,284.3697,1249.93,318.7322,168.35,319.865,5980.88,1.7943,3874.204
216.46,102.8618,1400.98,248.3938,1619.95,413.0873,259.95,493.905,39158.65,11.7476,1269.9955
5260.85,2499.9559,566.97,100.5238,1949.83,497.2066,335.02,636.538,27587.09,8.2761,3742.5004
1748.36,830.8207,1172.41,207.8683,423.64,108.0282,181.91,345.629,25054.48,7.5163,1499.8625
3652.89,1735.8533,426.59,75.6344,1748.25,445.8037,29.11,55.309,17046.45,5.1139,2317.7143
8633.38,4102.5822,843.06,149.4745,359.12,91.5756,470.95,894.805,37668.99,11.3007,5249.738
5169.58,2456.5844,929.58,164.8145,1571.83,400.8166,398.19,756.561,41783.99,12.5352,3791.3117
1584.62,753.0114,1662.97,294.8446,1411.58,359.9529,8.42,15.998,22184.76,6.6554,1430.4623
6026.69,2863.8831,1285.59,227.9351,572.83,146.0717,174.21,330.999,32476.38,9.7429,3578.6318
8735.47,4151.0953,681.89,120.8991,1132.94,288.8997,441.5,838.85,8580.6,2.5742,5402.3183
7170.92,3407.6212,1399.95,248.2111,1767.23,450.6437,360.61,685.159,42158.04,12.6474,4804.2824
8903.64,4231.0097,633.66,112.3479,1359.03,346.5526,475.17,902.823,27417.44,8.2252,5600.9584
8472.6,4026.1795,171.27,30.3662,1789.43,456.3047,60.47,114.893,13129.59,3.9389,4631.6823
6458.8,3069.2218,1254.57,222.4353,575.43,146.7346,337.48,641.212,10056.74,3.017,4082.6207
3772.58,1792.73,1671.86,296.4208,1580.15,402.9383,14.21,26.999,36547.6,10.9643,2530.0524
4664.96,2216.789,1322.47,234.4739,1400.53,357.1352,129.42,245.898,36586.2,10.9759,3065.272
6420.43,3050.9883,1563.05,277.1288,523.65,133.5307,356.82,677.958,25467.29,7.6402,4147.246
1173.4,557.5997,959.72,170.1584,717.52,182.9676,233.26,443.194,10715.13,3.2145,1357.1342
2076.57,986.7861,43.9,7.7835,1361.76,347.2488,435.83,828.077,48258.64,14.4776,2184.373
2437.9,1158.4901,1565.04,277.4816,1877.47,478.7549,359.36,682.784,15919.81,4.7759,2602.2865
6012.94,2857.3491,799.9,141.8223,1658.04,422.8002,315.97,600.343,49673.6,14.9021,4037.2167
3449.46,1639.1834,1745.46,309.4701,1742.98,444.4599,322.82,613.358,14478.12,4.3434,3010.8148
4181.84,1987.2104,1364.76,241.9719,1365.58,348.2229,275.6,523.64,14160.65,4.2482,3105.2934
4062.12,1930.3194,274.97,48.7522,784.06,199.9353,223.33,424.327,28283.96,8.4852,2611.8191
7514.77,3571.0187,516.4,91.5577,993.2,253.266,369.15,701.385,11887.77,3.5663,4620.7937
1918.34,911.5952,664.47,117.8105,1474.07,375.8879,323.18,614.042,1074.77,0.3224,2019.658
608.4,289.1117,996.74,176.722,1531.78,390.6039,443.51,842.669,46683.63,14.0051,1713.1117
2627.94,1248.7971,139.07,24.6571,1478.95,377.1322,415.91,790.229,13787.46,4.1362,2444.9516
2265.14,1076.3945,875.01,155.1393,1571.59,400.7554,361.5,686.85,36540.97,10.9623,2330.1015
7295.26,3466.7076,507.26,89.9372,1952.46,497.8773,78.72,149.568,7803.6,2.3411,4206.4312
9760.05,4637.9758,876.97,155.4868,1845.63,470.6357,225.58,428.602,28466.17,8.5399,5701.2402
126.45,60.089,1722.44,305.3886,127.95,32.6273,154.75,294.025,12795.51,3.8387,695.9686
8270.85,3930.3079,1260.08,223.4122,856.61,218.4356,269.65,512.335,17762.84,5.3289,4889.8196
5045.82,2397.7737,1555.54,275.7972,697.9,177.9645,433.5,823.65,26403.08,7.9209,3683.1063
4499.55,2138.1862,826.5,146.5385,655.92,167.2596,447.47,850.193,5545.8,1.6637,3303.841
4633.11,2201.6539,1128.35,200.0565,689.25,175.7587,352.55,669.845,17479.36,5.2438,3252.5579
2572.2,1222.3094,1202.88,213.2706,1926.34,491.2167,404.85,769.215,25532.02,7.6596,2703.6713
4131.77,1963.4171,225.16,39.9209,940.17,239.7433,258.15,490.485,26552.38,7.9657,2741.532
2207.41,1048.9612,862.01,152.8344,1244.9,317.4495,115.44,219.336,42709.7,12.8129,1751.394
1899.53,902.6567,1892.16,335.48,1096.15,279.5183,439.22,834.518,36532.98,10.9599,2363.1329
4000.26,1900.9236,789.3,139.9429,797.51,203.365,309.98,588.962,32177.08,9.6531,2842.8466
3303.22,1569.6901,800.94,142.0067,735.94,187.6647,180.03,342.057,23050.65,6.9152,2248.3337
310.09,147.3548,452.47,80.2229,966.15,246.3682,234.33,445.227,14507.65,4.3523,923.5252
3110.67,1478.1904,1160.64,205.7815,291.7,74.3835,77.05,146.395,4727.05,1.4181,1906.1685
6545.98,3110.6497,50.79,9.0051,986.88,251.6544,473.87,900.353,23167.05,6.9501,4278.6123
1987.98,944.6881,1207.81,214.1447,1727.68,440.5584,143.58,272.802,36824.01,11.0472,1883.2404
6635.82,3153.3417,109.55,19.4232,888.37,226.5344,412.93,784.567,6849.17,2.0548,4185.9211
1692.83,804.4328,1790.67,317.4858,118.77,30.2863,494.97,940.443,22343.5,6.703,2099.3509
6451.27,3065.6435,265.36,47.0483,940.51,239.83,290.66,552.254,31886.42,9.5659,3914.3417
1145.73,544.4509,1076.62,190.8847,1230.05,313.6628,196.42,373.198,14928.2,4.4785,1426.6749
7336.04,3486.0862,1488.66,263.9394,516.98,131.8299,463.63,880.897,10644.34,3.1933,4765.9458
119.69,56.8767,1000.5,177.3887,1423.95,363.1073,159.23,302.537,19615.07,5.8845,905.7942
9420.4,4476.5741,574.53,101.8642,844.69,215.396,496.33,943.027,29581.76,8.8745,5745.7358
8587.97,4081.0033,893.55,158.4264,1526.23,389.1886,207.31,393.889,25768.71,7.7306,5030.2379
2920.96,1388.0402,510.02,90.4265,822.12,209.6406,118.41,224.979,15716.48,4.7149,1917.8012
9719.7,4618.8014,1472.89,261.1434,1756.88,448.0044,27.14,51.566,15867.1,4.7601,5384.2753
3895.61,1851.1939,681.52,120.8335,430.88,109.8744,215.58,409.602,2016.81,0.605,2492.1088
9914.95,4711.5842,15.97,2.8315,99.54,25.3827,389.02,739.138,11925.99,3.5778,5482.5142
9780.47,4647.6793,1652.45,292.9794,721.52,183.9876,309.33,587.727,32593.0,9.7779,5722.1512
2000.98,950.8657,61.25,10.8596,827.51,211.0151,213.24,405.156,37226.55,11.168,1589.0644
8394.8,3989.209,715.12,126.7908,838.53,213.8252,495.57,941.583,11321.45,3.3964,5274.8044
2871.16,1364.3752,233.91,41.4722,19.78,5.0439,303.95,577.505,45987.28,13.7962,2002.1925
453.81,215.6505,1359.42,241.0252,1856.88,473.5044,160.78,305.482,18883.65,5.6651,1241.3272
1973.08,937.6076,1703.87,302.0962,434.8,110.874,438.01,832.219,48708.89,14.6127,2197.4095
5986.65,2844.8561,1608.73,285.2278,1051.95,268.2473,114.84,218.196,27581.13,8.2743,3624.8015
8210.5,3901.6296,283.21,50.2131,198.54,50.6277,197.35,374.965,48654.17,14.5963,4392.0317
915.59,435.0884,920.95,163.2844,1316.89,335.807,332.44,631.636,23140.38,6.9421,1572.7579
4756.04,2260.0702,65.73,11.6539,237.58,60.5829,52.33,99.427,26139.18,7.8418,2439.5758
1873.91,890.482,1033.5,183.2396,1236.79,315.3814,105.63,200.697,10443.16,3.1329,1592.9329
1620.02,769.8335,1457.27,258.374,923.33,235.4492,23.81,45.239,40029.28,12.0088,1320.9045
3769.81,1791.4137,840.58,149.0348,1274.93,325.1072,323.83,615.277,11315.55,3.3947,2884.2274
8377.27,3980.8787,1459.43,258.7569,1078.24,274.9512,61.37,116.603,38180.96,11.4543,4642.6441
5179.71,2461.3982,1682.44,298.2966,505.57,128.9204,70.26,133.494,12144.15,3.6432,3025.7524
7539.24,3582.6468,1852.48,328.4447,751.38,191.6019,302.87,575.453,49289.55,14.7869,4692.9333
5703.1,2710.1131,1899.84,336.8416,933.47,238.0349,55.5,105.45,20565.64,6.1697,3396.6093
5630.08,2675.414,1279.26,226.8128,954.98,243.5199,437.0,830.3,3067.42,0.9202,3976.9669
6210.35,2951.1583,332.9,59.0232,353.25,90.0787,48.8,92.72,38378.91,11.5137,3204.4939
4863.85,2311.3015,1815.91,321.9608,590.87,150.6719,269.82,512.658,28004.11,8.4012,3304.9934
6560.94,3117.7587,502.99,89.1801,71.61,18.2605,350.01,665.019,45452.49,13.6357,3903.854
1365.3,648.7906,1108.31,196.5034,1271.94,324.3447,389.91,740.829,18140.0,5.442,1915.9097
2034.09,966.5996,1989.68,352.7703,453.95,115.7572,290.31,551.589,31028.52,9.3086,1996.0247
4408.43,2094.8859,67.08,11.8933,706.94,180.2697,377.61,717.459,43231.33,12.9694,3017.4773
1764.2,838.3478,842.99,149.4621,146.35,37.3192,185.88,353.172,4318.71,1.2956,1379.5967
2900.7,1378.4126,233.66,41.4279,132.69,33.8359,120.91,229.729,44409.57,13.3229,1696.7283
8322.67,3954.9328,722.75,128.1436,277.13,70.6681,277.39,527.041,40547.66,12.1643,4692.9498
3219.49,1529.9016,110.15,19.5296,351.59,89.6555,430.51,817.969,13356.7,4.007,2461.0627
4926.66,2341.1488,1228.19,217.7581,1932.45,492.7748,183.45,348.555,28317.67,8.4953,3408.732
238.74,113.4492,659.71,116.9666,1619.84,413.0592,321.63,611.097,5047.18,1.5142,1256.0862
1114.1,529.4203,91.99,16.3098,1110.81,283.2566,475.34,903.146,38841.66,11.6525,1743.7852
7818.55,3715.375,927.37,164.4227,1524.25,388.6838,115.68,219.792,6910.85,2.0733,4490.3468
3325.29,1580.1778,201.47,35.7206,1206.12,307.5606,201.77,383.363,44197.03,13.2591,2320.0811
2353.75,1118.502,540.0,95.742,1021.02,260.3601,117.82,223.858,9532.67,2.8598,1701.3219
8106.18,3852.0567,1494.36,264.95,53.98,13.7649,404.44,768.436,12470.03,3.741,4902.9486
1712.03,813.5567,1758.2,311.7289,1403.43,357.8747,371.53,705.907,47521.4,14.2564,2203.3237
7220.02,3430.9535,99.02,17.5562,1193.17,304.2584,162.96,309.624,24993.47,7.498,4069.8901
6141.02,2918.2127,1626.82,288.4352,916.82,233.7891,133.09,252.871,18000.79,5.4002,3698.7082
5264.6,2501.7379,1343.02,238.1174,1692.54,431.5977,480.23,912.437,28961.87,8.6886,4092.5786
2493.79,1185.049,1178.72,208.9871,1675.66,427.2933,21.81,41.439,32967.63,9.8903,1872.6587
9639.75,4580.8092,1147.18,203.395,1545.24,394.0362,114.0,216.6,31293.17,9.388,5404.2284
4131.61,1963.3411,1958.67,347.2722,1737.53,443.0702,468.05,889.295,33484.18,10.0453,3653.0238
7556.92,3591.0484,501.3,88.8805,1406.05,358.5428,39.7,75.43,11987.88,3.5964,4117.4981
7124.84,3385.724,1669.22,295.9527,1613.43,411.4247,248.67,472.473,3055.73,0.9167,4566.4911
6309.49,2998.2696,360.22,63.867,56.49,14.405,204.42,388.398,35861.69,10.7585,3475.6981
6877.72,3268.2925,951.0,168.6123,778.24,198.4512,145.38,276.222,16773.55,5.0321,3916.6101
5569.08,2646.4268,823.43,145.9941,1119.37,285.4393,323.77,615.163,40974.89,12.2925,3705.3157
6047.65,2873.8433,756.59,134.1434,513.2,130.866,15.9,30.21,4860.28,1.4581,3170.5208
1991.85,946.5271,476.91,84.5561,660.73,168.4862,82.38,156.522,2766.87,0.8301,1356.9215
836.27,397.3955,1097.21,194.5353,1740.29,443.774,146.4,278.16,44091.04,13.2273,1327.0921
3708.42,1762.2412,850.88,150.861,119.76,30.5388,265.77,504.963,36364.69,10.9094,2459.5134
2389.52,1135.4999,286.29,50.7592,1156.79,294.9814,381.43,724.717,49978.59,14.9936,2220.9511
5188.65,2465.6465,1058.76,187.7181,1442.79,367.9115,428.18,813.542,46192.31,13.8577,3848.6758
9984.35,4744.5631,604.21,107.1264,564.34,143.9067,235.75,447.925,1115.47,0.3346,5443.8558
3254.56,1546.5669,41.33,7.3278,1249.57,318.6404,61.41,116.679,14333.89,4.3002,1993.5143
8463.64,4021.9217,682.85,121.0693,1928.59,491.7904,128.44,244.036,2107.02,0.6321,4879.4495
8034.61,3818.0467,224.19,39.7489,130.77,33.3464,185.38,352.222,17558.78,5.2676,4248.6316
9876.88,4693.4934,1406.4,249.3547,928.75,236.8313,72.35,137.465,25537.32,7.6612,5324.8056
1726.12,820.2522,1419.26,251.6348,111.26,28.3713,63.35,120.365,8254.2,2.4763,1223.0996
2820.82,1340.4537,1659.72,294.2684,1178.4,300.492,10.34,19.646,35209.48,10.5628,1965.4229
5679.86,2699.0695,1360.51,241.2184,683.81,174.3715,446.93,849.167,24417.42,7.3252,3971.1516
912.81,433.7673,1776.73,315.0142,1865.29,475.649,192.67,366.073,3086.17,0.9259,1591.4294
2801.47,1331.2585,529.81,93.9353,225.37,57.4694,253.38,481.422,47758.6,14.3276,1978.4128
4069.48,1933.8169,814.39,144.3913,697.82,177.9441,324.43,616.417,37745.22,11.3236,2883.8929
2066.92,982.2004,1370.57,243.0021,1342.69,342.386,466.47,886.293,3644.34,1.0933,2454.9748
2576.49,1224.348,1246.46,220.9974,1026.03,261.6377,471.55,895.945,22222.7,6.6668,2609.5949
4423.26,2101.9332,1887.29,334.6165,1028.31,262.219,319.35,606.765,32313.33,9.694,3315.2277
6480.15,3079.3673,337.7,59.8742,335.47,85.5449,130.61,248.159,26855.63,8.0567,3481.0021
2549.87,1211.6982,514.1,91.1499,1177.94,300.3747,181.48,344.812,49427.58,14.8283,1962.8631
1009.53,479.7287,397.71,70.514,1528.54,389.7777,14.02,26.638,37994.5,11.3983,978.0567
2238.59,1063.778,1584.43,280.9194,802.07,204.5279,273.53,519.707,6185.34,1.8556,2070.7879
7094.84,3371.468,439.96,78.0049,1280.26,326.4663,473.17,899.023,4375.21,1.3126,4676.2748
2403.33,1142.0624,781.42,138.5458,568.25,144.9038,283.87,539.353,7623.48,2.287,1967.152
2565.46,1219.1066,581.93,103.1762,10.96,2.7948,70.89,134.691,48047.53,14.4143,1474.1829
1287.74,611.934,1178.35,208.9215,838.84,213.9042,87.28,165.832,2531.4,0.7594,1201.3511
3559.09,1691.2796,1229.0,217.9017,650.28,165.8214,496.94,944.186,44768.19,13.4305,3032.6192
1524.57,724.4757,1510.71,267.8489,1515.43,386.4347,99.26,188.594,18757.26,5.6272,1572.9805
3137.66,1491.016,209.9,37.2153,575.41,146.7295,51.83,98.477,1552.24,0.4657,1773.9035
3121.62,1483.3938,559.69,99.233,1919.01,489.3476,441.29,838.451,11147.59,3.3443,2913.7697
2973.27,1412.8979,660.33,117.0765,519.19,132.3935,170.69,324.311,14388.05,4.3164,1990.9953
7388.4,3510.9677,883.96,156.7261,707.56,180.4278,246.12,467.628,29161.53,8.7485,4324.4981
829.82,394.3305,118.46,21.003,706.83,180.2417,342.18,650.142,46578.65,13.9736,1259.6908
1284.29,610.2946,566.94,100.5185,1375.3,350.7015,266.92,507.148,43674.37,13.1023,1581.7649
2724.18,1294.5303,158.37,28.079,1572.77,401.0564,47.3,89.87,13501.32,4.0504,1817.5861
2390.59,1136.0084,1470.43,260.7072,998.93,254.7271,115.43,219.317,33872.87,10.1619,1880.9216
661.25,314.226,739.73,131.1541,356.15,90.8182,339.76,645.544,4937.89,1.4814,1183.2237
5572.83,2648.2088,914.0,162.0522,831.32,211.9866,309.34,587.746,13383.78,4.0151,3614.0087
7632.76,3627.0876,1024.38,181.6226,1935.97,493.6723,90.2,171.38,38463.7,11.5391,4485.3016
2527.97,1201.2913,747.31,132.4981,593.85,151.4318,217.38,413.022,49054.98,14.7165,1912.9597
6516.76,3096.7644,1365.23,242.0553,371.87,94.8269,155.0,294.5,18406.04,5.5218,3733.6684
214.55,101.9542,1744.58,309.314,616.64,157.2432,375.52,713.488,27509.84,8.253,1290.2524
7064.72,3357.1549,567.42,100.6036,585.87,149.3969,487.13,925.547,18559.14,5.5677,4538.2701
5220.43,2480.7483,88.38,15.6698,1135.73,289.6112,360.65,685.235,17781.03,5.3343,3476.5986
5080.14,2414.0825,1080.9,191.6436,1475.37,376.2193,497.04,944.376,4272.91,1.2819,3927.6033
6515.83,3096.3224,969.66,171.9207,682.54,174.0477,347.97,661.143,34142.95,10.2429,4113.6767
2597.27,1234.2227,1249.28,221.4973,23.89,6.092,402.07,763.933,35419.21,10.6258,2236.3708
1075.18,510.9255,399.12,70.764,501.06,127.7703,242.17,460.123,49483.95,14.8452,1184.428
6240.87,2965.6614,211.88,37.5663,685.83,174.8867,263.93,501.467,29305.42,8.7916,3688.373
6889.81,3274.0377,1426.13,252.8528,1188.5,303.0675,440.12,836.228,29780.51,8.9342,4675.1202
1912.06,908.6109,956.74,169.63,1713.64,436.9782,184.69,350.911,33141.84,9.9426,1876.0727
5947.93,2826.4563,1666.87,295.5361,988.7,252.1185,181.51,344.869,46901.62,14.0705,3733.0504
6610.97,3141.5329,227.17,40.2772,1369.8,349.299,437.37,831.003,13264.39,3.9793,4366.0914
4544.97,2159.7697,1300.15,230.5166,448.73,114.4262,255.37,485.203,39089.63,11.7269,3001.6424
9979.97,4742.4817,476.84,84.5437,1106.37,282.1243,337.17,640.623,33568.58,10.0706,5759.8433
4432.65,2106.3953,788.8,139.8542,1994.23,508.5287,136.36,259.084,45037.15,13.5111,3027.3733
3933.76,1869.3228,1387.96,246.0853,1173.41,299.2196,346.25,657.875,13366.5,4.0099,3076.5126
971.87,461.8326,954.53,169.2382,336.49,85.805,201.89,383.591,33865.91,10.1598,1110.6266
1035.22,491.9365,1397.16,247.7165,1360.39,346.8995,77.17,146.623,22109.4,6.6328,1239.8083
8550.34,4063.1216,1457.76,258.4608,720.53,183.7352,5.37,10.203,28772.53,8.6318,4524.1524
2778.09,1320.1484,886.28,157.1374,1275.71,325.3061,18.43,35.017,49751.74,14.9255,1852.5344
3758.51,1786.044,772.48,136.9607,889.61,226.8505,496.32,943.008,24932.12,7.4796,3100.3428
3722.25,1768.8132,947.25,167.9474,715.33,182.4092,230.72,438.368,36485.86,10.9458,2568.4836
550.99,261.8304,476.48,84.4799,1484.95,378.6623,288.36,547.884,29041.06,8.7123,1281.5689
6749.25,3207.2436,1587.1,281.3928,1114.67,284.2409,160.28,304.532,37285.52,11.1857,4088.595
4734.02,2249.6063,1282.37,227.3642,233.51,59.545,365.64,694.716,36014.94,10.8045,3242.036
5851.0,2780.3952,953.38,169.0343,781.33,199.2392,179.11,340.309,8443.27,2.533,3491.5107
6967.97,3311.1793,1458.2,258.5389,851.27,217.0738,285.33,542.127,48805.59,14.6417,4343.5607
6352.27,3018.5987,1312.88,232.7736,1959.01,499.5476,465.07,883.633,33110.46,9.9331,4644.486
7470.46,3549.9626,785.07,139.1929,433.88,110.6394,440.29,836.551,9015.43,2.7046,4639.0505
3724.89,1770.0677,1765.82,313.0799,861.15,219.5933,269.58,512.202,27080.11,8.124,2823.0669
6398.61,3040.6195,1621.92,287.5664,1574.38,401.4669,462.2,878.18,39456.41,11.8369,4619.6697
4337.52,2061.1895,1470.47,260.7143,687.25,175.2488,393.66,747.954,7864.25,2.3593,3247.4659
9737.73,4627.3693,259.25,45.965,1496.17,381.5234,385.91,733.229,38805.08,11.6415,5799.7282
526.38,250.1358,1015.65,180.0747,1667.31,425.164,82.72,157.168,45411.34,13.6234,1026.1659
1079.55,513.0022,944.47,167.4545,1942.2,495.261,108.67,206.473,45564.34,13.6693,1395.86
8024.96,3813.461,878.74,155.8006,1024.04,261.1302,441.71,839.249,27671.31,8.3014,5077.9422
2149.11,1021.2571,63.2,11.2054,203.08,51.7854,443.07,841.833,3851.65,1.1555,1927.2364
8085.24,3842.106,994.88,176.3922,368.89,94.0669,231.98,440.762,42032.51,12.6098,4565.9369
1676.17,796.516,841.44,149.1873,1757.21,448.0885,8.04,15.276,21861.18,6.5584,1415.6262
2364.05,1123.3966,1319.06,233.8693,1145.11,292.003,472.45,897.655,13395.93,4.0188,2550.9427
7454.28,3542.2739,1295.94,229.7702,744.19,189.7685,87.39,166.041,28912.61,8.6738,4136.5274
6617.29,3144.5362,382.95,67.897,1785.77,455.3714,247.17,469.623,24274.33,7.2823,4144.7099
340.77,161.9339,1568.16,278.0348,760.69,193.976,278.7,529.53,32742.16,9.8226,1173.2973
1821.59,865.6196,917.55,162.6816,366.18,93.3759,443.92,843.448,30445.46,9.1336,1974.2587
2331.38,1107.8718,1936.93,343.4177,1309.46,333.9123,212.42,403.598,6703.1,2.0109,2190.8107
254.83,121.0952,1064.91,188.8085,851.33,217.0892,404.48,768.512,16558.23,4.9675,1300.4724
5007.6,2379.6115,1610.62,285.5629,628.17,160.1833,427.07,811.433,6012.34,1.8037,3638.5944
8032.76,3817.1676,1065.05,188.8334,1442.61,367.8655,178.76,339.644,4313.12,1.2939,4714.8044
7024.22,3337.9093,1893.56,335.7282,1399.93,356.9822,283.02,537.738,31887.2,9.5662,4577.9239
6914.09,3285.5756,776.85,137.7355,836.17,213.2233,417.34,792.946,26334.28,7.9003,4437.3807
6085.89,2892.0149,1363.57,241.761,87.71,22.366,124.72,236.968,20321.4,6.0964,3399.2063
6829.97,3245.6017,89.86,15.9322,368.05,93.8528,198.23,376.637,42385.34,12.7156,3744.7393
1459.29,693.4546,1395.4,247.4044,15.49,3.95,85.89,163.191,1936.89,0.5811,1108.5811
8482.75,4031.0028,735.67,130.4343,197.09,50.258,452.83,860.377,38162.32,11.4487,5083.5208
1479.36,702.9919,1931.52,342.4585,185.19,47.2234,180.89,343.691,23330.2,6.9991,1443.3639
9665.0,4592.808,1763.72,312.7076,1809.93,461.5322,334.71,635.949,25406.04,7.6218,6010.6186
8793.1,4178.4811,1895.51,336.0739,595.91,151.957,33.99,64.581,41155.42,12.3466,4743.4396
804.74,382.4124,617.45,109.4739,468.01,119.3426,367.77,698.763,37692.72,11.3078,1321.2997
9251.6,4396.3603,710.69,126.0053,831.91,212.137,98.32,186.808,28931.84,8.6796,4929.9902
3428.58,1629.2612,220.96,39.1762,1108.9,282.7695,474.48,901.512,2171.1,0.6513,2853.3702
9809.44,4661.4459,1337.15,237.0767,801.57,204.4004,331.2,629.28,24226.16,7.2678,5739.4708
3575.49,1699.0728,865.09,153.3805,312.42,79.6671,26.77,50.863,12058.0,3.6174,1986.6008
2798.21,1329.7094,1463.34,259.4502,415.97,106.0724,62.48,118.712,38207.25,11.4622,1825.4062
3928.69,1866.9135,619.47,109.832,1765.76,450.2688,142.29,270.351,25734.01,7.7202,2705.0855
5165.04,2454.427,77.66,13.7691,563.03,143.5726,270.93,514.767,31531.72,9.4595,3135.9952
2343.01,1113.3984,1786.79,316.7979,1058.61,269.9455,361.6,687.04,46895.3,14.0686,2401.2504
441.37,209.739,685.62,121.5604,1669.34,425.6817,173.56,329.764,2807.02,0.8421,1087.5872
3216.11,1528.2955,520.38,92.2634,1734.36,442.2618,436.12,828.628,8234.76,2.4704,2893.9191
7904.96,3756.437,1207.27,214.049,205.36,52.3668,421.92,801.648,17148.9,5.1447,4829.6455
3228.83,1534.34,129.2,22.9072,1132.74,288.8487,298.35,566.865,40499.59,12.1499,2425.1108
8994.86,4274.3575,362.83,64.3298,574.23,146.4287,165.16,313.804,43260.74,12.9782,4811.8982
4943.83,2349.308,41.5,7.358,1395.1,355.7505,137.15,260.585,25084.44,7.5253,2980.5268
801.08,380.6732,813.57,144.246,211.72,53.9886,103.55,196.745,28586.3,8.5759,784.2287
8053.65,3827.0945,1733.01,307.2627,1505.46,383.8923,225.28,428.032,3503.69,1.0511,4947.3326
1213.69,576.7455,1613.67,286.1037,1045.77,266.6714,311.68,592.192,34469.33,10.3408,1732.0534
4913.11,2334.7099,1010.25,179.1173,1543.14,393.5007,115.54,219.526,15958.36,4.7875,3131.6414
2784.52,1323.2039,466.38,82.6892,56.18,14.3259,71.85,136.515,7173.12,2.1519,1558.8859
9129.01,4338.1056,1547.9,274.4427,1691.16,431.2458,466.84,886.996,37657.01,11.2971,5942.0872
8473.8,4026.7498,1453.12,257.6382,842.84,214.9242,164.31,312.189,45287.36,13.5862,4825.0874
7252.75,3446.5068,493.46,87.4905,1228.76,313.3338,26.87,51.053,22934.73,6.8804,3905.2645
7930.85,3768.7399,284.09,50.3692,1713.41,436.9196,290.68,552.292,21947.76,6.5843,4814.905
4487.31,2132.3697,612.77,108.6441,1261.16,321.5958,71.16,135.204,20464.48,6.1393,2703.9529
8880.44,4219.9851,1940.0,343.962,1226.12,312.6606,292.02,554.838,19293.55,5.7881,5437.2338
129.84,61.7,1985.3,351.9937,648.28,165.3114,349.04,663.176,45808.2,13.7425,1255.9236
9066.26,4308.2868,585.78,103.8588,1492.67,380.6309,61.85,117.515,14273.48,4.282,4914.5735
9505.42,4516.9756,74.83,13.2674,1307.55,333.4253,104.5,198.55,10319.27,3.0958,5065.3141
9781.21,4648.031,440.21,78.0492,1428.79,364.3415,396.21,752.799,16575.67,4.9727,5848.1934
3273.83,1555.724,1181.13,209.4143,1046.26,266.7963,255.83,486.077,23101.57,6.9305,2524.9421
2780.67,1321.3744,28.73,5.0938,1574.82,401.5791,426.92,811.148,46401.7,13.9205,2553.1158
3816.87,1813.7766,124.52,22.0774,910.17,232.0933,273.41,519.479,36951.58,11.0855,2598.5118
9596.23,4560.1285,1245.91,220.8998,446.2,113.781,499.86,949.734,30660.81,9.1982,5853.7415
2332.55,1108.4278,14.32,2.5389,1550.99,395.5025,468.31,889.789,25081.61,7.5245,2403.7827
2059.79,978.8122,43.25,7.6682,973.99,248.3675,263.21,500.099,43204.47,12.9613,1747.9082
4753.97,2259.0865,555.26,98.4476,211.42,53.9121,274.14,520.866,40588.93,12.1767,2944.4889
1472.25,699.6132,655.85,116.2822,475.13,121.1582,421.55,800.945,21885.68,6.5657,1744.5643
1679.28,797.9939,1451.97,257.4343,995.21,253.7786,100.15,190.285,16197.57,4.8593,1504.3511
1148.78,545.9003,1357.28,240.6457,272.27,69.4288,35.05,66.595,25561.3,7.6684,930.2382
2770.15,1316.3753,428.0,75.8844,364.01,92.8225,373.73,710.087,45446.54,13.634,2208.8032
9694.63,4606.8882,1023.03,181.3832,385.39,98.2745,44.39,84.341,27948.43,8.3845,4979.2714
9853.68,4682.4687,112.19,19.8913,1968.42,501.9471,435.27,827.013,48239.18,14.4718,6045.7919
7729.9,3673.2485,345.46,61.2501,96.0,24.48,322.68,613.092,24904.59,7.4714,4379.542
1596.99,758.8896,909.87,161.32,1146.59,292.3804,350.3,665.57,41426.24,12.4279,1890.5879
493.32,234.4257,1791.14,317.5691,1532.43,390.7697,435.88,828.172,35403.14,10.6209,1781.5574
4539.82,2157.3225,604.59,107.1938,1686.61,430.0855,292.78,556.282,47624.35,14.2873,3265.1711
8900.22,4229.3845,644.61,114.2894,230.66,58.8183,303.96,577.524,23828.86,7.1487,4987.1649
8588.69,4081.3455,1550.62,274.9249,1245.93,317.7122,52.17,99.123,22518.61,6.7556,4779.8612
4501.95,2139.3266,184.53,32.7172,1107.0,282.285,18.34,34.846,47069.36,14.1208,2503.2956
1745.55,829.4854,1578.54,279.8751,1411.72,359.9886,9.49,18.031,42663.11,12.7989,1500.179
1435.72,682.2541,1701.0,301.5873,351.43,89.6146,270.15,513.285,1978.34,0.5935,1587.3345
7962.37,3783.7182,226.36,40.1336,952.73,242.9462,372.58,707.902,31816.64,9.545,4784.245
5971.61,2837.7091,1453.68,257.7375,756.69,192.956,202.26,384.294,11528.35,3.4585,3676.1551
5932.4,2819.0765,1998.73,354.3748,1597.69,407.411,146.86,279.034,38934.51,11.6804,3871.5767
5014.69,2382.9807,94.09,16.6822,1396.25,356.0437,320.71,609.349,13826.03,4.1478,3369.2034
5252.02,2495.7599,954.87,169.2985,1720.32,438.6816,218.51,415.169,30888.8,9.2666,3528.1756
4739.65,2252.2817,1895.66,336.1005,426.06,108.6453,183.19,348.061,41041.6,12.3125,3057.401
5209.5,2475.5544,895.1,158.7012,249.55,63.6353,254.39,483.341,32655.81,9.7967,3191.0286
5242.95,2491.4498,1659.09,294.1567,675.09,172.148,89.28,169.632,47831.64,14.3495,3141.736
994.84,472.748,1818.86,322.4839,1243.91,317.1971,445.86,847.134,24534.51,7.3604,1966.9234
3126.12,1485.5322,1563.36,277.1837,1695.96,432.4698,202.32,384.408,48715.92,14.6148,2594.2085
7619.5,3620.7864,1548.98,274.6342,630.82,160.8591,438.26,832.694,44755.12,13.4265,4902.4002
5812.17,2761.9432,314.06,55.6828,1449.01,369.4975,157.01,298.319,37365.52,11.2097,3496.6522
2932.32,1393.4385,1295.06,229.6141,341.9,87.1845,144.64,274.816,34091.69,10.2275,1995.2806
116.45,55.337,1609.82,285.4211,1108.92,282.7746,488.58,928.302,48521.09,14.5563,1566.391
5095.55,2421.4054,1544.29,273.8026,1674.84,427.0842,291.43,553.717,26269.69,7.8809,3683.8901
5545.33,2635.1408,37.56,6.6594,1483.02,378.1701,124.1,235.79,40725.26,12.2176,3267.9779
8728.76,4147.9068,976.51,173.1352,560.19,142.8485,205.76,390.944,18733.63,5.6201,4860.4546
8488.07,4033.5309,755.31,133.9165,1710.76,436.2438,466.47,886.293,36872.66,11.0618,5501.046
8681.08,4125.2492,1846.1,327.3135,188.88,48.1644,214.57,407.683,33391.4,10.0174,4918.4275
1129.24,536.6148,122.79,21.7707,1449.82,369.7041,482.1,915.99,5094.96,1.5285,1845.6081
8942.89,4249.6613,799.53,141.7567,1974.49,503.495,234.49,445.531,26433.43,7.93,5348.374
752.49,357.5832,1355.97,240.4135,879.53,224.2801,486.41,924.179,24734.83,7.4204,1753.8762
2887.49,1372.1352,779.01,138.1185,955.56,243.6678,365.62,694.678,21783.16,6.5349,2455.1344
6620.23,3145.9333,1815.72,321.9272,390.79,99.6515,59.87,113.753,12748.71,3.8246,3685.0896
7596.53,3609.8711,907.1,160.8288,1545.03,393.9826,124.43,236.417,43176.52,12.953,4414.0525
2648.88,1258.7478,1746.9,309.7254,410.81,104.7566,15.01,28.519,32680.04,9.804,1711.5528
6645.63,3158.0034,979.71,173.7026,601.96,153.4998,493.79,938.201,13880.42,4.1641,4427.5709
1946.14,924.8057,811.07,143.8027,1937.11,493.9631,459.74,873.506,19506.09,5.8518,2441.9293
2508.0,1191.8016,112.87,20.0119,1700.44,433.6122,154.17,292.923,11657.22,3.4972,1941.8459
3076.89,1462.1381,562.77,99.7791,1590.08,405.4704,149.07,283.233,5967.17,1.7902,2252.4108
6051.32,2875.5873,1100.86,195.1825,337.41,86.0396,59.32,112.708,39079.99,11.724,3281.2414
9849.15,4680.3161,1660.63,294.4297,1672.56,426.5028,331.2,629.28,10424.63,3.1274,6033.656
446.51,212.1816,444.77,78.8577,1945.94,496.2147,117.29,222.851,21599.59,6.4799,1016.5849
9342.03,4439.3327,1491.55,264.4518,878.9,224.1195,164.37,312.303,33773.28,10.132,5250.339
5133.97,2439.6625,1298.68,230.256,323.85,82.5818,479.43,910.917,3732.65,1.1198,3664.5371
9532.24,4529.7204,364.89,64.695,610.56,155.6928,425.11,807.709,29418.79,8.8256,5566.6428
5327.24,2531.5044,1025.22,181.7715,487.22,124.2411,310.39,589.741,25285.3,7.5856,3434.8436
2389.05,1135.2766,575.3,102.0007,1440.99,367.4524,64.83,123.177,7073.01,2.1219,1730.0286
5751.22,2732.9797,715.69,126.8918,844.04,215.2302,98.69,187.511,29589.44,8.8768,3271.4895
381.9,181.4789,1681.94,298.208,167.35,42.6743,173.13,328.947,6560.87,1.9683,853.2765
9659.92,4590.394,1776.69,315.0071,1402.19,357.5584,410.91,780.729,9373.87,2.8122,6046.5007
8910.89,4234.4549,1282.35,227.3607,1141.34,291.0417,242.04,459.876,38700.69,11.6102,5224.3435
5108.36,2427.4927,213.74,37.8961,1231.12,313.9356,269.11,511.309,33622.17,10.0867,3300.7201
556.34,264.3728,1456.73,258.2782,304.65,77.6857,466.09,885.571,39465.51,11.8397,1497.7474
8773.22,4169.0341,632.12,112.0749,1190.4,303.552,147.22,279.718,14261.55,4.2785,4868.6575
4951.6,2353.0003,920.16,163.1444,1385.51,353.305,215.1,408.69,19658.39,5.8975,3284.0372
5639.54,2679.9094,1472.81,261.1292,1422.47,362.7298,325.17,617.823,19942.26,5.9827,3927.5741
830.06,394.4445,1879.6,333.2531,1254.91,320.0021,448.16,851.504,47812.65,14.3438,1913.5475
8369.07,3976.9821,25.45,4.5123,885.65,225.8407,251.7,478.23,17259.64,5.1779,4690.743
8421.31,4001.8065,1861.48,330.0404,1195.99,304.9775,212.41,403.579,40820.18,12.2461,5052.6495
7123.84,3385.2488,1047.98,185.8069,1055.9,269.2545,338.58,643.302,45322.62,13.5968,4497.209
3102.4,1474.2605,519.17,92.0488,734.93,187.4072,465.41,884.279,10455.18,3.1366,2641.1321
315.38,149.8686,303.42,53.7964,166.06,42.3453,450.02,855.038,14315.67,4.2947,1105.343
6829.72,3245.4829,1882.17,333.7087,465.63,118.7357,138.87,263.853,27661.08,8.2983,3970.0786
4499.71,2138.2622,634.12,112.4295,983.44,250.7772,388.1,737.39,34109.27,10.2328,3249.0917
6682.58,3175.562,1667.03,295.5644,379.34,96.7317,383.12,727.928,30835.92,9.2508,4305.0369
2973.41,1412.9644,352.71,62.5355,987.76,251.8788,78.49,149.131,1908.76,0.5726,1877.0823
3420.27,1625.3123,383.79,68.046,1919.89,489.572,373.92,710.448,32394.09,9.7182,2903.0965
7245.85,3443.2279,1293.42,229.3234,1407.05,358.7978,251.51,477.869,33377.43,10.0132,4519.2313
8186.18,3890.0727,145.45,25.7883,1758.17,448.3334,438.32,832.808,29747.91,8.9244,5205.9268
399.11,189.6571,248.33,44.0289,380.69,97.076,88.78,168.682,14662.61,4.3988,503.8428
1443.44,685.9227,403.08,71.4661,806.31,205.609,152.32,289.408,11576.08,3.4728,1255.8786
4497.03,2136.9887,375.72,66.6152,557.89,142.262,98.21,186.599,40601.85,12.1806,2544.6455
6623.52,3147.4967,510.13,90.446,1307.02,333.2901,259.49,493.031,13552.01,4.0656,4068.3294
7229.15,3435.2921,1359.48,241.0358,1414.71,360.7511,195.26,370.994,31469.39,9.4408,4417.5138
4376.37,2079.651,153.02,27.1304,669.24,170.6562,233.86,444.334,36364.25,10.9093,2732.6809
7369.25,3501.8676,347.38,61.5905,1556.35,396.8692,452.94,860.586,44665.37,13.3996,4834.3129
6401.71,3042.0926,495.79,87.9036,56.1,14.3055,170.02,323.038,43513.05,13.0539,3480.3936
7448.02,3539.2991,982.14,174.1334,844.48,215.3424,296.66,563.654,10924.53,3.2774,4495.7063
8955.52,4255.6631,826.83,146.597,1973.22,503.1711,129.89,246.791,24876.48,7.4629,5159.6851
8579.5,4076.9784,1837.3,325.7533,315.78,80.5239,69.01,131.119,45115.59,13.5347,4627.9093
5126.26,2435.9988,550.98,97.6888,1943.38,495.5619,336.39,639.141,39372.06,11.8116,3680.2021
9078.42,4314.0652,130.34,23.1093,1069.76,272.7888,260.99,495.881,46649.96,13.995,5119.8393
2774.17,1318.2856,928.19,164.5681,704.34,179.6067,322.06,611.914,28738.27,8.6215,2282.9959
5964.38,2834.2734,303.05,53.7308,280.43,71.5097,324.17,615.923,20187.07,6.0561,3581.493
2359.21,1121.0966,1893.68,335.7495,1384.81,353.1266,126.19,239.761,9430.59,2.8292,2052.5629
141.94,67.4499,1475.83,261.6647,325.11,82.9031,496.67,943.673,1760.03,0.528,1356.2187
9150.51,4348.3224,896.96,159.031,105.34,26.8617,426.7,810.73,6811.72,2.0435,5346.9886
661.09,314.15,1275.47,226.1408,596.42,152.0871,317.98,604.162,19873.84,5.9622,1302.5021
7610.24,3616.386,1131.52,200.6185,1471.32,375.1866,467.78,888.782,20887.15,6.2661,5087.2392
1567.72,744.9805,359.98,63.8245,1861.84,474.7692,143.35,272.365,30800.56,9.2402,1565.1794
6226.06,2958.6237,239.88,42.5307,1410.85,359.7668,318.67,605.473,6416.3,1.9249,3968.3191
793.82,377.2233,1357.89,240.7539,236.26,60.2463,34.69,65.911,15204.72,4.5614,748.6959
1785.73,848.5789,1265.73,224.4139,880.04,224.4102,185.41,352.279,28893.35,8.668,1658.35
9409.67,4471.4752,1460.13,258.881,1823.85,465.0817,129.68,246.392,7328.89,2.1987,5444.0286
